ISO-10303-21;
HEADER;
FILE_DESCRIPTION(('Open CASCADE Model'),'2;1');
FILE_NAME('caseband','2000-01-01T00:00:00',('Author'),('Open CASCADE'),
  'Open CASCADE STEP processor 7.9','cadgen','Unknown');
FILE_SCHEMA(('AUTOMOTIVE_DESIGN { 1 0 10303 214 1 1 1 1 }'));
ENDSEC;
DATA;
#1 = APPLICATION_PROTOCOL_DEFINITION('international standard',
  'automotive_design',2000,#2);
#2 = APPLICATION_CONTEXT(
  'core data for automotive mechanical design processes');
#3 = SHAPE_DEFINITION_REPRESENTATION(#4,#10);
#4 = PRODUCT_DEFINITION_SHAPE('','',#5);
#5 = PRODUCT_DEFINITION('design','',#6,#9);
#6 = PRODUCT_DEFINITION_FORMATION('','',#7);
#7 = PRODUCT('=>[0:1:1:2]','=>[0:1:1:2]','',(#8));
#8 = PRODUCT_CONTEXT('',#2,'mechanical');
#9 = PRODUCT_DEFINITION_CONTEXT('part definition',#2,'design');
#10 = SHAPE_REPRESENTATION('',(#11,#15),#19);
#11 = AXIS2_PLACEMENT_3D('',#12,#13,#14);
#12 = CARTESIAN_POINT('',(0.,0.,0.));
#13 = DIRECTION('',(0.,0.,1.));
#14 = DIRECTION('',(1.,0.,-0.));
#15 = AXIS2_PLACEMENT_3D('',#16,#17,#18);
#16 = CARTESIAN_POINT('',(0.,0.,0.));
#17 = DIRECTION('',(0.,0.,1.));
#18 = DIRECTION('',(1.,0.,0.));
#19 = ( GEOMETRIC_REPRESENTATION_CONTEXT(3) 
GLOBAL_UNCERTAINTY_ASSIGNED_CONTEXT((#23)) GLOBAL_UNIT_ASSIGNED_CONTEXT(
(#20,#21,#22)) REPRESENTATION_CONTEXT('Context #1',
  '3D Context with UNIT and UNCERTAINTY') );
#20 = ( LENGTH_UNIT() NAMED_UNIT(*) SI_UNIT(.MILLI.,.METRE.) );
#21 = ( NAMED_UNIT(*) PLANE_ANGLE_UNIT() SI_UNIT($,.RADIAN.) );
#22 = ( NAMED_UNIT(*) SI_UNIT($,.STERADIAN.) SOLID_ANGLE_UNIT() );
#23 = UNCERTAINTY_MEASURE_WITH_UNIT(LENGTH_MEASURE(1.E-07),#20,
  'distance_accuracy_value','confusion accuracy');
#24 = PRODUCT_RELATED_PRODUCT_CATEGORY('part',$,(#7));
#25 = SHAPE_DEFINITION_REPRESENTATION(#26,#32);
#26 = PRODUCT_DEFINITION_SHAPE('','',#27);
#27 = PRODUCT_DEFINITION('design','',#28,#31);
#28 = PRODUCT_DEFINITION_FORMATION('','',#29);
#29 = PRODUCT('caseband','caseband','',(#30));
#30 = PRODUCT_CONTEXT('',#2,'mechanical');
#31 = PRODUCT_DEFINITION_CONTEXT('part definition',#2,'design');
#32 = ADVANCED_BREP_SHAPE_REPRESENTATION('',(#11,#33),#2763);
#33 = MANIFOLD_SOLID_BREP('',#34);
#34 = CLOSED_SHELL('',(#35,#263,#837,#872,#907,#942,#1049,#1098,#1147,
    #1174,#1250,#1299,#1348,#1406,#1482,#1562,#1611,#1638,#1714,#1763,
    #1843,#1870,#2104,#2163,#2222,#2229,#2284,#2291,#2346,#2353,#2408,
    #2415,#2470,#2555,#2590,#2597,#2601,#2605,#2609,#2613,#2652,#2707,
    #2756));
#35 = ADVANCED_FACE('',(#36),#50,.T.);
#36 = FACE_BOUND('',#37,.T.);
#37 = EDGE_LOOP('',(#38,#68,#95,#96));
#38 = ORIENTED_EDGE('',*,*,#39,.T.);
#39 = EDGE_CURVE('',#40,#42,#44,.T.);
#40 = VERTEX_POINT('',#41);
#41 = CARTESIAN_POINT('',(20.850659461993,-2.5,-2.5));
#42 = VERTEX_POINT('',#43);
#43 = CARTESIAN_POINT('',(21.6,-2.5,-2.5));
#44 = SEAM_CURVE('',#45,(#49,#61),.PCURVE_S1.);
#45 = LINE('',#46,#47);
#46 = CARTESIAN_POINT('',(19.6,-2.5,-2.5));
#47 = VECTOR('',#48,1.);
#48 = DIRECTION('',(1.,0.,0.));
#49 = PCURVE('',#50,#55);
#50 = CYLINDRICAL_SURFACE('',#51,1.7);
#51 = AXIS2_PLACEMENT_3D('',#52,#53,#54);
#52 = CARTESIAN_POINT('',(19.6,-2.5,-0.8));
#53 = DIRECTION('',(1.,0.,0.));
#54 = DIRECTION('',(0.,0.,-1.));
#55 = DEFINITIONAL_REPRESENTATION('',(#56),#60);
#56 = LINE('',#57,#58);
#57 = CARTESIAN_POINT('',(6.28318530718,-0.));
#58 = VECTOR('',#59,1.);
#59 = DIRECTION('',(0.,1.));
#60 = ( GEOMETRIC_REPRESENTATION_CONTEXT(2) 
PARAMETRIC_REPRESENTATION_CONTEXT() REPRESENTATION_CONTEXT('2D SPACE',''
  ) );
#61 = PCURVE('',#50,#62);
#62 = DEFINITIONAL_REPRESENTATION('',(#63),#67);
#63 = LINE('',#64,#65);
#64 = CARTESIAN_POINT('',(0.,-0.));
#65 = VECTOR('',#66,1.);
#66 = DIRECTION('',(0.,1.));
#67 = ( GEOMETRIC_REPRESENTATION_CONTEXT(2) 
PARAMETRIC_REPRESENTATION_CONTEXT() REPRESENTATION_CONTEXT('2D SPACE',''
  ) );
#68 = ORIENTED_EDGE('',*,*,#69,.F.);
#69 = EDGE_CURVE('',#42,#42,#70,.T.);
#70 = SURFACE_CURVE('',#71,(#76,#83),.PCURVE_S1.);
#71 = CIRCLE('',#72,1.7);
#72 = AXIS2_PLACEMENT_3D('',#73,#74,#75);
#73 = CARTESIAN_POINT('',(21.6,-2.5,-0.8));
#74 = DIRECTION('',(1.,-0.,0.));
#75 = DIRECTION('',(0.,0.,-1.));
#76 = PCURVE('',#50,#77);
#77 = DEFINITIONAL_REPRESENTATION('',(#78),#82);
#78 = LINE('',#79,#80);
#79 = CARTESIAN_POINT('',(0.,2.));
#80 = VECTOR('',#81,1.);
#81 = DIRECTION('',(1.,0.));
#82 = ( GEOMETRIC_REPRESENTATION_CONTEXT(2) 
PARAMETRIC_REPRESENTATION_CONTEXT() REPRESENTATION_CONTEXT('2D SPACE',''
  ) );
#83 = PCURVE('',#84,#89);
#84 = PLANE('',#85);
#85 = AXIS2_PLACEMENT_3D('',#86,#87,#88);
#86 = CARTESIAN_POINT('',(21.6,-2.5,-0.8));
#87 = DIRECTION('',(1.,0.,0.));
#88 = DIRECTION('',(0.,0.,-1.));
#89 = DEFINITIONAL_REPRESENTATION('',(#90),#94);
#90 = CIRCLE('',#91,1.7);
#91 = AXIS2_PLACEMENT_2D('',#92,#93);
#92 = CARTESIAN_POINT('',(0.,0.));
#93 = DIRECTION('',(1.,0.));
#94 = ( GEOMETRIC_REPRESENTATION_CONTEXT(2) 
PARAMETRIC_REPRESENTATION_CONTEXT() REPRESENTATION_CONTEXT('2D SPACE',''
  ) );
#95 = ORIENTED_EDGE('',*,*,#39,.F.);
#96 = ORIENTED_EDGE('',*,*,#97,.T.);
#97 = EDGE_CURVE('',#40,#40,#98,.T.);
#98 = SURFACE_CURVE('',#99,(#150,#204),.PCURVE_S1.);
#99 = B_SPLINE_CURVE_WITH_KNOTS('',7,(#100,#101,#102,#103,#104,#105,#106
    ,#107,#108,#109,#110,#111,#112,#113,#114,#115,#116,#117,#118,#119,
    #120,#121,#122,#123,#124,#125,#126,#127,#128,#129,#130,#131,#132,
    #133,#134,#135,#136,#137,#138,#139,#140,#141,#142,#143,#144,#145,
    #146,#147,#148,#149),.UNSPECIFIED.,.T.,.F.,(8,6,6,6,6,6,6,6,8),(0.,
    0.141638206036,0.274980424565,0.441645922603,0.587940881349,
    0.683582346792,0.788781784111,0.890896766579,1.),.UNSPECIFIED.);
#100 = CARTESIAN_POINT('',(20.850659461993,-2.5,-2.5));
#101 = CARTESIAN_POINT('',(20.878450695316,-2.26821378318,-2.5));
#102 = CARTESIAN_POINT('',(20.902568766516,-2.041630228395,
    -2.463130195766));
#103 = CARTESIAN_POINT('',(20.922432168509,-1.827300206442,
    -2.392368658482));
#104 = CARTESIAN_POINT('',(20.938119068544,-1.631274121025,
    -2.292289328188));
#105 = CARTESIAN_POINT('',(20.950211510047,-1.458264329675,
    -2.168965768935));
#106 = CARTESIAN_POINT('',(20.959382144924,-1.311099325866,
    -2.029850615669));
#107 = CARTESIAN_POINT('',(20.972713625642,-1.076241172367,
    -1.745955876289));
#108 = CARTESIAN_POINT('',(20.977293028039,-0.982811097709,
    -1.598650650291));
#109 = CARTESIAN_POINT('',(20.980498050115,-0.909103904404,
    -1.444700952238));
#110 = CARTESIAN_POINT('',(20.982682580195,-0.854398479157,
    -1.28628597564));
#111 = CARTESIAN_POINT('',(20.984064995705,-0.818135240396,
    -1.125099336145));
#112 = CARTESIAN_POINT('',(20.984756372186,-0.8,-0.962560542126));
#113 = CARTESIAN_POINT('',(20.984756372186,-0.8,-0.596814287226));
#114 = CARTESIAN_POINT('',(20.983676196342,-0.828331227095,
    -0.393681598937));
#115 = CARTESIAN_POINT('',(20.981517295949,-0.884975793154,
    -0.19308986139));
#116 = CARTESIAN_POINT('',(20.978003801549,-0.970770294509,
    2.123379612035E-03));
#117 = CARTESIAN_POINT('',(20.972609112509,-1.08704802156,0.18823289538)
  );
#118 = CARTESIAN_POINT('',(20.964422027137,-1.235293827489,
    0.360065649797));
#119 = CARTESIAN_POINT('',(20.941435281348,-1.575331609869,
    0.641369367731));
#120 = CARTESIAN_POINT('',(20.927215762695,-1.764759107974,
    0.760174424288));
#121 = CARTESIAN_POINT('',(20.908817298622,-1.980698279817,
    0.852813350678));
#122 = CARTESIAN_POINT('',(20.885707955397,-2.21513511611,0.910144026646
    ));
#123 = CARTESIAN_POINT('',(20.858075601073,-2.457517555022,0.92744721664
    ));
#124 = CARTESIAN_POINT('',(20.827384559292,-2.696696588976,
    0.904637881127));
#125 = CARTESIAN_POINT('',(20.774837287767,-3.070571892249,
    0.808643019027));
#126 = CARTESIAN_POINT('',(20.753372783692,-3.214401094657,
    0.755215398687));
#127 = CARTESIAN_POINT('',(20.731607666057,-3.35229783404,0.686813977568
    ));
#128 = CARTESIAN_POINT('',(20.710013725876,-3.482412333136,
    0.604241757042));
#129 = CARTESIAN_POINT('',(20.689116892996,-3.60302829515,0.508585993238
    ));
#130 = CARTESIAN_POINT('',(20.669453610404,-3.712609527468,
    0.401191535122));
#131 = CARTESIAN_POINT('',(20.631773500027,-3.91685551714,0.154300545204
    ));
#132 = CARTESIAN_POINT('',(20.614111915175,-4.008967383909,
    1.262719913672E-02));
#133 = CARTESIAN_POINT('',(20.599179669447,-4.084455579043,
    -0.139298647653));
#134 = CARTESIAN_POINT('',(20.587555192616,-4.141991295595,
    -0.29912170131));
#135 = CARTESIAN_POINT('',(20.579660581654,-4.180664239723,
    -0.464291400274));
#136 = CARTESIAN_POINT('',(20.575713839379,-4.2,-0.632142953685));
#137 = CARTESIAN_POINT('',(20.575713839379,-4.2,-0.96293546599));
#138 = CARTESIAN_POINT('',(20.579432766011,-4.181781007662,
    -1.125857770401));
#139 = CARTESIAN_POINT('',(20.586869902644,-4.14534687434,
    -1.287329411088));
#140 = CARTESIAN_POINT('',(20.59797124756,-4.090442322564,
    -1.445835231428));
#141 = CARTESIAN_POINT('',(20.612617713019,-4.016616841984,
    -1.599625511749));
#142 = CARTESIAN_POINT('',(20.630586762071,-3.923288260192,
    -1.746524694612));
#143 = CARTESIAN_POINT('',(20.673865430528,-3.688695145097,
    -2.030099057597));
#144 = CARTESIAN_POINT('',(20.70010903214,-3.541791351858,-2.16876657437
    ));
#145 = CARTESIAN_POINT('',(20.729538114457,-3.369438972876,
    -2.291632495855));
#146 = CARTESIAN_POINT('',(20.760847467133,-3.17415071634,-2.39161278691
    ));
#147 = CARTESIAN_POINT('',(20.792396409852,-2.960187252983,
    -2.462681552824));
#148 = CARTESIAN_POINT('',(20.822699583069,-2.733192765617,-2.5));
#149 = CARTESIAN_POINT('',(20.850659461993,-2.5,-2.5));
#150 = PCURVE('',#50,#151);
#151 = DEFINITIONAL_REPRESENTATION('',(#152),#203);
#152 = B_SPLINE_CURVE_WITH_KNOTS('',7,(#153,#154,#155,#156,#157,#158,
    #159,#160,#161,#162,#163,#164,#165,#166,#167,#168,#169,#170,#171,
    #172,#173,#174,#175,#176,#177,#178,#179,#180,#181,#182,#183,#184,
    #185,#186,#187,#188,#189,#190,#191,#192,#193,#194,#195,#196,#197,
    #198,#199,#200,#201,#202),.UNSPECIFIED.,.F.,.F.,(8,6,6,6,6,6,6,6,8),
  (0.,0.141638206036,0.274980424565,0.441645922603,0.587940881349,
    0.683582346792,0.788781784111,0.890896766579,1.),.UNSPECIFIED.);
#153 = CARTESIAN_POINT('',(0.,1.250659461993));
#154 = CARTESIAN_POINT('',(0.136344833424,1.278450695316));
#155 = CARTESIAN_POINT('',(0.269629124869,1.302568766516));
#156 = CARTESIAN_POINT('',(0.399846175514,1.322432168509));
#157 = CARTESIAN_POINT('',(0.52673801552,1.338119068544));
#158 = CARTESIAN_POINT('',(0.649775801217,1.350211510047));
#159 = CARTESIAN_POINT('',(0.768009251895,1.359382144924));
#160 = CARTESIAN_POINT('',(0.984743885704,1.372713625642));
#161 = CARTESIAN_POINT('',(1.08654114756,1.377293028039));
#162 = CARTESIAN_POINT('',(1.1858502098,1.380498050115));
#163 = CARTESIAN_POINT('',(1.283317233865,1.382682580195));
#164 = CARTESIAN_POINT('',(1.379561519072,1.384064995705));
#165 = CARTESIAN_POINT('',(1.475172478486,1.384756372186));
#166 = CARTESIAN_POINT('',(1.690317334309,1.384756372186));
#167 = CARTESIAN_POINT('',(1.809806388754,1.383676196342));
#168 = CARTESIAN_POINT('',(1.930593769766,1.381517295949));
#169 = CARTESIAN_POINT('',(2.053777890792,1.378003801549));
#170 = CARTESIAN_POINT('',(2.180574079811,1.372609112509));
#171 = CARTESIAN_POINT('',(2.312195693755,1.364422027137));
#172 = CARTESIAN_POINT('',(2.571791783511,1.341435281348));
#173 = CARTESIAN_POINT('',(2.702196407228,1.327215762695));
#174 = CARTESIAN_POINT('',(2.8377155969,1.308817298622));
#175 = CARTESIAN_POINT('',(2.976212036776,1.285707955397));
#176 = CARTESIAN_POINT('',(3.116011298707,1.258075601073));
#177 = CARTESIAN_POINT('',(3.255620537418,1.227384559292));
#178 = CARTESIAN_POINT('',(3.482680698909,1.174837287767));
#179 = CARTESIAN_POINT('',(3.572443865013,1.153372783692));
#180 = CARTESIAN_POINT('',(3.662198958384,1.131607666057));
#181 = CARTESIAN_POINT('',(3.751954998666,1.110013725876));
#182 = CARTESIAN_POINT('',(3.841717500968,1.089116892996));
#183 = CARTESIAN_POINT('',(3.931481195468,1.069453610404));
#184 = CARTESIAN_POINT('',(4.119965943045,1.031773500027));
#185 = CARTESIAN_POINT('',(4.218716072523,1.014111915175));
#186 = CARTESIAN_POINT('',(4.31745258901,0.999179669447));
#187 = CARTESIAN_POINT('',(4.416181589893,0.987555192616));
#188 = CARTESIAN_POINT('',(4.514913683735,0.979660581654));
#189 = CARTESIAN_POINT('',(4.613649541376,0.975713839379));
#190 = CARTESIAN_POINT('',(4.808233372143,0.975713839379));
#191 = CARTESIAN_POINT('',(4.904069927917,0.979432766011));
#192 = CARTESIAN_POINT('',(5.000491737103,0.986869902644));
#193 = CARTESIAN_POINT('',(5.098042685319,0.99797124756));
#194 = CARTESIAN_POINT('',(5.197300519549,1.012617713019));
#195 = CARTESIAN_POINT('',(5.298875676197,1.030586762071));
#196 = CARTESIAN_POINT('',(5.51536572407,1.073865430528));
#197 = CARTESIAN_POINT('',(5.633298142223,1.10010903214));
#198 = CARTESIAN_POINT('',(5.755894701763,1.129538114457));
#199 = CARTESIAN_POINT('',(5.882410526901,1.160847467133));
#200 = CARTESIAN_POINT('',(6.012486922099,1.192396409852));
#201 = CARTESIAN_POINT('',(6.146013092111,1.222699583069));
#202 = CARTESIAN_POINT('',(6.28318530718,1.250659461993));
#203 = ( GEOMETRIC_REPRESENTATION_CONTEXT(2) 
PARAMETRIC_REPRESENTATION_CONTEXT() REPRESENTATION_CONTEXT('2D SPACE',''
  ) );
#204 = PCURVE('',#205,#210);
#205 = CYLINDRICAL_SURFACE('',#206,21.);
#206 = AXIS2_PLACEMENT_3D('',#207,#208,#209);
#207 = CARTESIAN_POINT('',(0.,0.,-4.8));
#208 = DIRECTION('',(-0.,-0.,-1.));
#209 = DIRECTION('',(1.,0.,0.));
#210 = DEFINITIONAL_REPRESENTATION('',(#211),#262);
#211 = B_SPLINE_CURVE_WITH_KNOTS('',7,(#212,#213,#214,#215,#216,#217,
    #218,#219,#220,#221,#222,#223,#224,#225,#226,#227,#228,#229,#230,
    #231,#232,#233,#234,#235,#236,#237,#238,#239,#240,#241,#242,#243,
    #244,#245,#246,#247,#248,#249,#250,#251,#252,#253,#254,#255,#256,
    #257,#258,#259,#260,#261),.UNSPECIFIED.,.T.,.F.,(8,6,6,6,6,6,6,6,8),
  (0.,0.141638206036,0.274980424565,0.441645922603,0.587940881349,
    0.683582346792,0.788781784111,0.890896766579,1.),.UNSPECIFIED.);
#212 = CARTESIAN_POINT('',(-6.163854682372,-2.3));
#213 = CARTESIAN_POINT('',(-6.174971175701,-2.3));
#214 = CARTESIAN_POINT('',(-6.185820865444,-2.336869804234));
#215 = CARTESIAN_POINT('',(-6.196069305682,-2.407631341518));
#216 = CARTESIAN_POINT('',(-6.205432728736,-2.507710671812));
#217 = CARTESIAN_POINT('',(-6.213691011543,-2.631034231065));
#218 = CARTESIAN_POINT('',(-6.220712351878,-2.770149384331));
#219 = CARTESIAN_POINT('',(-6.231914076786,-3.054044123711));
#220 = CARTESIAN_POINT('',(-6.23636833599,-3.201349349709));
#221 = CARTESIAN_POINT('',(-6.239881472176,-3.355299047763));
#222 = CARTESIAN_POINT('',(-6.24248856305,-3.51371402436));
#223 = CARTESIAN_POINT('',(-6.244216638652,-3.674900663855));
#224 = CARTESIAN_POINT('',(-6.245080848794,-3.837439457874));
#225 = CARTESIAN_POINT('',(-6.245080848794,-4.203185712774));
#226 = CARTESIAN_POINT('',(-6.243730762381,-4.406318401063));
#227 = CARTESIAN_POINT('',(-6.24103144421,-4.60691013861));
#228 = CARTESIAN_POINT('',(-6.236942583936,-4.802123379612));
#229 = CARTESIAN_POINT('',(-6.231399774622,-4.98823289538));
#230 = CARTESIAN_POINT('',(-6.224330230947,-5.160065649797));
#231 = CARTESIAN_POINT('',(-6.208100999745,-5.441369367731));
#232 = CARTESIAN_POINT('',(-6.199055523957,-5.560174424288));
#233 = CARTESIAN_POINT('',(-6.1887362597,-5.652813350679));
#234 = CARTESIAN_POINT('',(-6.17752059703,-5.710144026646));
#235 = CARTESIAN_POINT('',(-6.165905734019,-5.72744721664));
#236 = CARTESIAN_POINT('',(-6.154423689442,-5.704637881127));
#237 = CARTESIAN_POINT('',(-6.136445120811,-5.608643019027));
#238 = CARTESIAN_POINT('',(-6.129520513183,-5.555215398687));
#239 = CARTESIAN_POINT('',(-6.122873076636,-5.486813977568));
#240 = CARTESIAN_POINT('',(-6.116592710376,-5.404241757042));
#241 = CARTESIAN_POINT('',(-6.110763705279,-5.308585993238));
#242 = CARTESIAN_POINT('',(-6.10546227088,-5.201191535122));
#243 = CARTESIAN_POINT('',(-6.095572147194,-4.954300545204));
#244 = CARTESIAN_POINT('',(-6.091106078176,-4.812627199137));
#245 = CARTESIAN_POINT('',(-6.087441816789,-4.660701352347));
#246 = CARTESIAN_POINT('',(-6.084646675196,-4.50087829869));
#247 = CARTESIAN_POINT('',(-6.082767119872,-4.335708599726));
#248 = CARTESIAN_POINT('',(-6.081827386389,-4.167857046315));
#249 = CARTESIAN_POINT('',(-6.081827386389,-3.83706453401));
#250 = CARTESIAN_POINT('',(-6.082712847271,-3.674142229599));
#251 = CARTESIAN_POINT('',(-6.084483582806,-3.512670588912));
#252 = CARTESIAN_POINT('',(-6.087150987945,-3.354164768572));
#253 = CARTESIAN_POINT('',(-6.090734951893,-3.200374488251));
#254 = CARTESIAN_POINT('',(-6.095260656993,-3.053475305388));
#255 = CARTESIAN_POINT('',(-6.106620267666,-2.769900942403));
#256 = CARTESIAN_POINT('',(-6.113726319454,-2.631233425629));
#257 = CARTESIAN_POINT('',(-6.122051963948,-2.508367504145));
#258 = CARTESIAN_POINT('',(-6.131469152519,-2.408387213089));
#259 = CARTESIAN_POINT('',(-6.141766549463,-2.337318447176));
#260 = CARTESIAN_POINT('',(-6.152670730802,-2.3));
#261 = CARTESIAN_POINT('',(-6.163854682372,-2.3));
#262 = ( GEOMETRIC_REPRESENTATION_CONTEXT(2) 
PARAMETRIC_REPRESENTATION_CONTEXT() REPRESENTATION_CONTEXT('2D SPACE',''
  ) );
#263 = ADVANCED_FACE('',(#264,#354,#357,#477,#597,#717),#205,.T.);
#264 = FACE_BOUND('',#265,.F.);
#265 = EDGE_LOOP('',(#266,#299,#322,#353));
#266 = ORIENTED_EDGE('',*,*,#267,.T.);
#267 = EDGE_CURVE('',#268,#268,#270,.T.);
#268 = VERTEX_POINT('',#269);
#269 = CARTESIAN_POINT('',(21.,0.,-4.3));
#270 = SURFACE_CURVE('',#271,(#276,#283),.PCURVE_S1.);
#271 = CIRCLE('',#272,21.);
#272 = AXIS2_PLACEMENT_3D('',#273,#274,#275);
#273 = CARTESIAN_POINT('',(0.,0.,-4.3));
#274 = DIRECTION('',(0.,0.,-1.));
#275 = DIRECTION('',(1.,0.,0.));
#276 = PCURVE('',#205,#277);
#277 = DEFINITIONAL_REPRESENTATION('',(#278),#282);
#278 = LINE('',#279,#280);
#279 = CARTESIAN_POINT('',(-6.28318530718,-0.5));
#280 = VECTOR('',#281,1.);
#281 = DIRECTION('',(1.,-0.));
#282 = ( GEOMETRIC_REPRESENTATION_CONTEXT(2) 
PARAMETRIC_REPRESENTATION_CONTEXT() REPRESENTATION_CONTEXT('2D SPACE',''
  ) );
#283 = PCURVE('',#284,#289);
#284 = PLANE('',#285);
#285 = AXIS2_PLACEMENT_3D('',#286,#287,#288);
#286 = CARTESIAN_POINT('',(-8.415016200243E-16,1.463144300812E-15,-4.3)
  );
#287 = DIRECTION('',(0.,0.,1.));
#288 = DIRECTION('',(1.,0.,0.));
#289 = DEFINITIONAL_REPRESENTATION('',(#290),#298);
#290 = ( BOUNDED_CURVE() B_SPLINE_CURVE(2,(#291,#292,#293,#294,#295,#296
,#297),.UNSPECIFIED.,.T.,.F.) B_SPLINE_CURVE_WITH_KNOTS((1,2,2,2,2,1),(
    -2.094395102393,0.,2.094395102393,4.188790204786,6.28318530718,
8.377580409573),.UNSPECIFIED.) CURVE() GEOMETRIC_REPRESENTATION_ITEM() 
RATIONAL_B_SPLINE_CURVE((1.,0.5,1.,0.5,1.,0.5,1.)) REPRESENTATION_ITEM(
  '') );
#291 = CARTESIAN_POINT('',(21.,-1.463144300812E-15));
#292 = CARTESIAN_POINT('',(21.,-36.37306695894));
#293 = CARTESIAN_POINT('',(-10.5,-18.18653347947));
#294 = CARTESIAN_POINT('',(-42.,-6.606660857231E-15));
#295 = CARTESIAN_POINT('',(-10.5,18.186533479473));
#296 = CARTESIAN_POINT('',(21.,36.373066958946));
#297 = CARTESIAN_POINT('',(21.,-1.463144300812E-15));
#298 = ( GEOMETRIC_REPRESENTATION_CONTEXT(2) 
PARAMETRIC_REPRESENTATION_CONTEXT() REPRESENTATION_CONTEXT('2D SPACE',''
  ) );
#299 = ORIENTED_EDGE('',*,*,#300,.T.);
#300 = EDGE_CURVE('',#268,#301,#303,.T.);
#301 = VERTEX_POINT('',#302);
#302 = CARTESIAN_POINT('',(21.,0.,2.7));
#303 = SEAM_CURVE('',#304,(#308,#315),.PCURVE_S1.);
#304 = LINE('',#305,#306);
#305 = CARTESIAN_POINT('',(21.,0.,-4.8));
#306 = VECTOR('',#307,1.);
#307 = DIRECTION('',(0.,0.,1.));
#308 = PCURVE('',#205,#309);
#309 = DEFINITIONAL_REPRESENTATION('',(#310),#314);
#310 = LINE('',#311,#312);
#311 = CARTESIAN_POINT('',(-6.28318530718,0.));
#312 = VECTOR('',#313,1.);
#313 = DIRECTION('',(-0.,-1.));
#314 = ( GEOMETRIC_REPRESENTATION_CONTEXT(2) 
PARAMETRIC_REPRESENTATION_CONTEXT() REPRESENTATION_CONTEXT('2D SPACE',''
  ) );
#315 = PCURVE('',#205,#316);
#316 = DEFINITIONAL_REPRESENTATION('',(#317),#321);
#317 = LINE('',#318,#319);
#318 = CARTESIAN_POINT('',(-0.,0.));
#319 = VECTOR('',#320,1.);
#320 = DIRECTION('',(-0.,-1.));
#321 = ( GEOMETRIC_REPRESENTATION_CONTEXT(2) 
PARAMETRIC_REPRESENTATION_CONTEXT() REPRESENTATION_CONTEXT('2D SPACE',''
  ) );
#322 = ORIENTED_EDGE('',*,*,#323,.F.);
#323 = EDGE_CURVE('',#301,#301,#324,.T.);
#324 = SURFACE_CURVE('',#325,(#330,#337),.PCURVE_S1.);
#325 = CIRCLE('',#326,21.);
#326 = AXIS2_PLACEMENT_3D('',#327,#328,#329);
#327 = CARTESIAN_POINT('',(0.,0.,2.7));
#328 = DIRECTION('',(0.,0.,-1.));
#329 = DIRECTION('',(1.,0.,0.));
#330 = PCURVE('',#205,#331);
#331 = DEFINITIONAL_REPRESENTATION('',(#332),#336);
#332 = LINE('',#333,#334);
#333 = CARTESIAN_POINT('',(-6.28318530718,-7.5));
#334 = VECTOR('',#335,1.);
#335 = DIRECTION('',(1.,-0.));
#336 = ( GEOMETRIC_REPRESENTATION_CONTEXT(2) 
PARAMETRIC_REPRESENTATION_CONTEXT() REPRESENTATION_CONTEXT('2D SPACE',''
  ) );
#337 = PCURVE('',#338,#343);
#338 = PLANE('',#339);
#339 = AXIS2_PLACEMENT_3D('',#340,#341,#342);
#340 = CARTESIAN_POINT('',(-8.415016200243E-16,1.463144300812E-15,2.7));
#341 = DIRECTION('',(0.,0.,1.));
#342 = DIRECTION('',(1.,0.,0.));
#343 = DEFINITIONAL_REPRESENTATION('',(#344),#352);
#344 = ( BOUNDED_CURVE() B_SPLINE_CURVE(2,(#345,#346,#347,#348,#349,#350
,#351),.UNSPECIFIED.,.T.,.F.) B_SPLINE_CURVE_WITH_KNOTS((1,2,2,2,2,1),(
    -2.094395102393,0.,2.094395102393,4.188790204786,6.28318530718,
8.377580409573),.UNSPECIFIED.) CURVE() GEOMETRIC_REPRESENTATION_ITEM() 
RATIONAL_B_SPLINE_CURVE((1.,0.5,1.,0.5,1.,0.5,1.)) REPRESENTATION_ITEM(
  '') );
#345 = CARTESIAN_POINT('',(21.,-1.463144300812E-15));
#346 = CARTESIAN_POINT('',(21.,-36.37306695894));
#347 = CARTESIAN_POINT('',(-10.5,-18.18653347947));
#348 = CARTESIAN_POINT('',(-42.,-6.606660857231E-15));
#349 = CARTESIAN_POINT('',(-10.5,18.186533479473));
#350 = CARTESIAN_POINT('',(21.,36.373066958946));
#351 = CARTESIAN_POINT('',(21.,-1.463144300812E-15));
#352 = ( GEOMETRIC_REPRESENTATION_CONTEXT(2) 
PARAMETRIC_REPRESENTATION_CONTEXT() REPRESENTATION_CONTEXT('2D SPACE',''
  ) );
#353 = ORIENTED_EDGE('',*,*,#300,.F.);
#354 = FACE_BOUND('',#355,.F.);
#355 = EDGE_LOOP('',(#356));
#356 = ORIENTED_EDGE('',*,*,#97,.T.);
#357 = FACE_BOUND('',#358,.F.);
#358 = EDGE_LOOP('',(#359,#387,#420,#446));
#359 = ORIENTED_EDGE('',*,*,#360,.F.);
#360 = EDGE_CURVE('',#361,#363,#365,.T.);
#361 = VERTEX_POINT('',#362);
#362 = CARTESIAN_POINT('',(10.,18.466185312619,1.));
#363 = VERTEX_POINT('',#364);
#364 = CARTESIAN_POINT('',(10.,18.466185312619,-3.8));
#365 = SURFACE_CURVE('',#366,(#370,#376),.PCURVE_S1.);
#366 = LINE('',#367,#368);
#367 = CARTESIAN_POINT('',(10.,18.466185312619,-4.8));
#368 = VECTOR('',#369,1.);
#369 = DIRECTION('',(-0.,-0.,-1.));
#370 = PCURVE('',#205,#371);
#371 = DEFINITIONAL_REPRESENTATION('',(#372),#375);
#372 = B_SPLINE_CURVE_WITH_KNOTS('',1,(#373,#374),.UNSPECIFIED.,.F.,.F.,
  (2,2),(-6.28,-0.52),.PIECEWISE_BEZIER_KNOTS.);
#373 = CARTESIAN_POINT('',(-1.074478964669,-6.28));
#374 = CARTESIAN_POINT('',(-1.074478964669,-0.52));
#375 = ( GEOMETRIC_REPRESENTATION_CONTEXT(2) 
PARAMETRIC_REPRESENTATION_CONTEXT() REPRESENTATION_CONTEXT('2D SPACE',''
  ) );
#376 = PCURVE('',#377,#382);
#377 = PLANE('',#378);
#378 = AXIS2_PLACEMENT_3D('',#379,#380,#381);
#379 = CARTESIAN_POINT('',(10.,13.9,-3.8));
#380 = DIRECTION('',(1.,0.,0.));
#381 = DIRECTION('',(0.,0.,1.));
#382 = DEFINITIONAL_REPRESENTATION('',(#383),#386);
#383 = B_SPLINE_CURVE_WITH_KNOTS('',1,(#384,#385),.UNSPECIFIED.,.F.,.F.,
  (2,2),(-6.28,-0.52),.PIECEWISE_BEZIER_KNOTS.);
#384 = CARTESIAN_POINT('',(5.28,-4.566185312619));
#385 = CARTESIAN_POINT('',(-0.48,-4.566185312619));
#386 = ( GEOMETRIC_REPRESENTATION_CONTEXT(2) 
PARAMETRIC_REPRESENTATION_CONTEXT() REPRESENTATION_CONTEXT('2D SPACE',''
  ) );
#387 = ORIENTED_EDGE('',*,*,#388,.T.);
#388 = EDGE_CURVE('',#361,#389,#391,.T.);
#389 = VERTEX_POINT('',#390);
#390 = CARTESIAN_POINT('',(12.8,16.648123017325,1.));
#391 = SURFACE_CURVE('',#392,(#397,#404),.PCURVE_S1.);
#392 = CIRCLE('',#393,21.);
#393 = AXIS2_PLACEMENT_3D('',#394,#395,#396);
#394 = CARTESIAN_POINT('',(0.,0.,1.));
#395 = DIRECTION('',(0.,0.,-1.));
#396 = DIRECTION('',(1.,0.,0.));
#397 = PCURVE('',#205,#398);
#398 = DEFINITIONAL_REPRESENTATION('',(#399),#403);
#399 = LINE('',#400,#401);
#400 = CARTESIAN_POINT('',(-6.28318530718,-5.8));
#401 = VECTOR('',#402,1.);
#402 = DIRECTION('',(1.,-0.));
#403 = ( GEOMETRIC_REPRESENTATION_CONTEXT(2) 
PARAMETRIC_REPRESENTATION_CONTEXT() REPRESENTATION_CONTEXT('2D SPACE',''
  ) );
#404 = PCURVE('',#405,#410);
#405 = PLANE('',#406);
#406 = AXIS2_PLACEMENT_3D('',#407,#408,#409);
#407 = CARTESIAN_POINT('',(10.,13.9,1.));
#408 = DIRECTION('',(0.,0.,1.));
#409 = DIRECTION('',(1.,0.,0.));
#410 = DEFINITIONAL_REPRESENTATION('',(#411),#419);
#411 = ( BOUNDED_CURVE() B_SPLINE_CURVE(2,(#412,#413,#414,#415,#416,#417
,#418),.UNSPECIFIED.,.T.,.F.) B_SPLINE_CURVE_WITH_KNOTS((1,2,2,2,2,1),(
    -2.094395102393,0.,2.094395102393,4.188790204786,6.28318530718,
8.377580409573),.UNSPECIFIED.) CURVE() GEOMETRIC_REPRESENTATION_ITEM() 
RATIONAL_B_SPLINE_CURVE((1.,0.5,1.,0.5,1.,0.5,1.)) REPRESENTATION_ITEM(
  '') );
#412 = CARTESIAN_POINT('',(11.,-13.9));
#413 = CARTESIAN_POINT('',(11.,-50.27306695894));
#414 = CARTESIAN_POINT('',(-20.5,-32.08653347947));
#415 = CARTESIAN_POINT('',(-52.,-13.9));
#416 = CARTESIAN_POINT('',(-20.5,4.286533479473));
#417 = CARTESIAN_POINT('',(11.,22.473066958946));
#418 = CARTESIAN_POINT('',(11.,-13.9));
#419 = ( GEOMETRIC_REPRESENTATION_CONTEXT(2) 
PARAMETRIC_REPRESENTATION_CONTEXT() REPRESENTATION_CONTEXT('2D SPACE',''
  ) );
#420 = ORIENTED_EDGE('',*,*,#421,.T.);
#421 = EDGE_CURVE('',#389,#422,#424,.T.);
#422 = VERTEX_POINT('',#423);
#423 = CARTESIAN_POINT('',(12.8,16.648123017325,-3.8));
#424 = SURFACE_CURVE('',#425,(#429,#435),.PCURVE_S1.);
#425 = LINE('',#426,#427);
#426 = CARTESIAN_POINT('',(12.8,16.648123017325,-4.8));
#427 = VECTOR('',#428,1.);
#428 = DIRECTION('',(-0.,-0.,-1.));
#429 = PCURVE('',#205,#430);
#430 = DEFINITIONAL_REPRESENTATION('',(#431),#434);
#431 = B_SPLINE_CURVE_WITH_KNOTS('',1,(#432,#433),.UNSPECIFIED.,.F.,.F.,
  (2,2),(-6.28,-0.52),.PIECEWISE_BEZIER_KNOTS.);
#432 = CARTESIAN_POINT('',(-0.915336542988,-6.28));
#433 = CARTESIAN_POINT('',(-0.915336542988,-0.52));
#434 = ( GEOMETRIC_REPRESENTATION_CONTEXT(2) 
PARAMETRIC_REPRESENTATION_CONTEXT() REPRESENTATION_CONTEXT('2D SPACE',''
  ) );
#435 = PCURVE('',#436,#441);
#436 = PLANE('',#437);
#437 = AXIS2_PLACEMENT_3D('',#438,#439,#440);
#438 = CARTESIAN_POINT('',(12.8,13.9,-3.8));
#439 = DIRECTION('',(1.,0.,0.));
#440 = DIRECTION('',(0.,0.,1.));
#441 = DEFINITIONAL_REPRESENTATION('',(#442),#445);
#442 = B_SPLINE_CURVE_WITH_KNOTS('',1,(#443,#444),.UNSPECIFIED.,.F.,.F.,
  (2,2),(-6.28,-0.52),.PIECEWISE_BEZIER_KNOTS.);
#443 = CARTESIAN_POINT('',(5.28,-2.748123017325));
#444 = CARTESIAN_POINT('',(-0.48,-2.748123017325));
#445 = ( GEOMETRIC_REPRESENTATION_CONTEXT(2) 
PARAMETRIC_REPRESENTATION_CONTEXT() REPRESENTATION_CONTEXT('2D SPACE',''
  ) );
#446 = ORIENTED_EDGE('',*,*,#447,.F.);
#447 = EDGE_CURVE('',#363,#422,#448,.T.);
#448 = SURFACE_CURVE('',#449,(#454,#461),.PCURVE_S1.);
#449 = CIRCLE('',#450,21.);
#450 = AXIS2_PLACEMENT_3D('',#451,#452,#453);
#451 = CARTESIAN_POINT('',(0.,0.,-3.8));
#452 = DIRECTION('',(0.,0.,-1.));
#453 = DIRECTION('',(1.,0.,0.));
#454 = PCURVE('',#205,#455);
#455 = DEFINITIONAL_REPRESENTATION('',(#456),#460);
#456 = LINE('',#457,#458);
#457 = CARTESIAN_POINT('',(-6.28318530718,-1.));
#458 = VECTOR('',#459,1.);
#459 = DIRECTION('',(1.,-0.));
#460 = ( GEOMETRIC_REPRESENTATION_CONTEXT(2) 
PARAMETRIC_REPRESENTATION_CONTEXT() REPRESENTATION_CONTEXT('2D SPACE',''
  ) );
#461 = PCURVE('',#462,#467);
#462 = PLANE('',#463);
#463 = AXIS2_PLACEMENT_3D('',#464,#465,#466);
#464 = CARTESIAN_POINT('',(10.,13.9,-3.8));
#465 = DIRECTION('',(0.,0.,1.));
#466 = DIRECTION('',(1.,0.,0.));
#467 = DEFINITIONAL_REPRESENTATION('',(#468),#476);
#468 = ( BOUNDED_CURVE() B_SPLINE_CURVE(2,(#469,#470,#471,#472,#473,#474
,#475),.UNSPECIFIED.,.T.,.F.) B_SPLINE_CURVE_WITH_KNOTS((1,2,2,2,2,1),(
    -2.094395102393,0.,2.094395102393,4.188790204786,6.28318530718,
8.377580409573),.UNSPECIFIED.) CURVE() GEOMETRIC_REPRESENTATION_ITEM() 
RATIONAL_B_SPLINE_CURVE((1.,0.5,1.,0.5,1.,0.5,1.)) REPRESENTATION_ITEM(
  '') );
#469 = CARTESIAN_POINT('',(11.,-13.9));
#470 = CARTESIAN_POINT('',(11.,-50.27306695894));
#471 = CARTESIAN_POINT('',(-20.5,-32.08653347947));
#472 = CARTESIAN_POINT('',(-52.,-13.9));
#473 = CARTESIAN_POINT('',(-20.5,4.286533479473));
#474 = CARTESIAN_POINT('',(11.,22.473066958946));
#475 = CARTESIAN_POINT('',(11.,-13.9));
#476 = ( GEOMETRIC_REPRESENTATION_CONTEXT(2) 
PARAMETRIC_REPRESENTATION_CONTEXT() REPRESENTATION_CONTEXT('2D SPACE',''
  ) );
#477 = FACE_BOUND('',#478,.F.);
#478 = EDGE_LOOP('',(#479,#507,#540,#566));
#479 = ORIENTED_EDGE('',*,*,#480,.F.);
#480 = EDGE_CURVE('',#481,#483,#485,.T.);
#481 = VERTEX_POINT('',#482);
#482 = CARTESIAN_POINT('',(-12.8,16.648123017325,1.));
#483 = VERTEX_POINT('',#484);
#484 = CARTESIAN_POINT('',(-12.8,16.648123017325,-3.8));
#485 = SURFACE_CURVE('',#486,(#490,#496),.PCURVE_S1.);
#486 = LINE('',#487,#488);
#487 = CARTESIAN_POINT('',(-12.8,16.648123017325,-4.8));
#488 = VECTOR('',#489,1.);
#489 = DIRECTION('',(-0.,-0.,-1.));
#490 = PCURVE('',#205,#491);
#491 = DEFINITIONAL_REPRESENTATION('',(#492),#495);
#492 = B_SPLINE_CURVE_WITH_KNOTS('',1,(#493,#494),.UNSPECIFIED.,.F.,.F.,
  (2,2),(-6.28,-0.52),.PIECEWISE_BEZIER_KNOTS.);
#493 = CARTESIAN_POINT('',(-2.226256110602,-6.28));
#494 = CARTESIAN_POINT('',(-2.226256110602,-0.52));
#495 = ( GEOMETRIC_REPRESENTATION_CONTEXT(2) 
PARAMETRIC_REPRESENTATION_CONTEXT() REPRESENTATION_CONTEXT('2D SPACE',''
  ) );
#496 = PCURVE('',#497,#502);
#497 = PLANE('',#498);
#498 = AXIS2_PLACEMENT_3D('',#499,#500,#501);
#499 = CARTESIAN_POINT('',(-12.8,13.9,-3.8));
#500 = DIRECTION('',(1.,0.,0.));
#501 = DIRECTION('',(0.,0.,1.));
#502 = DEFINITIONAL_REPRESENTATION('',(#503),#506);
#503 = B_SPLINE_CURVE_WITH_KNOTS('',1,(#504,#505),.UNSPECIFIED.,.F.,.F.,
  (2,2),(-6.28,-0.52),.PIECEWISE_BEZIER_KNOTS.);
#504 = CARTESIAN_POINT('',(5.28,-2.748123017325));
#505 = CARTESIAN_POINT('',(-0.48,-2.748123017325));
#506 = ( GEOMETRIC_REPRESENTATION_CONTEXT(2) 
PARAMETRIC_REPRESENTATION_CONTEXT() REPRESENTATION_CONTEXT('2D SPACE',''
  ) );
#507 = ORIENTED_EDGE('',*,*,#508,.T.);
#508 = EDGE_CURVE('',#481,#509,#511,.T.);
#509 = VERTEX_POINT('',#510);
#510 = CARTESIAN_POINT('',(-10.,18.466185312619,1.));
#511 = SURFACE_CURVE('',#512,(#517,#524),.PCURVE_S1.);
#512 = CIRCLE('',#513,21.);
#513 = AXIS2_PLACEMENT_3D('',#514,#515,#516);
#514 = CARTESIAN_POINT('',(0.,0.,1.));
#515 = DIRECTION('',(0.,0.,-1.));
#516 = DIRECTION('',(1.,0.,0.));
#517 = PCURVE('',#205,#518);
#518 = DEFINITIONAL_REPRESENTATION('',(#519),#523);
#519 = LINE('',#520,#521);
#520 = CARTESIAN_POINT('',(-6.28318530718,-5.8));
#521 = VECTOR('',#522,1.);
#522 = DIRECTION('',(1.,-0.));
#523 = ( GEOMETRIC_REPRESENTATION_CONTEXT(2) 
PARAMETRIC_REPRESENTATION_CONTEXT() REPRESENTATION_CONTEXT('2D SPACE',''
  ) );
#524 = PCURVE('',#525,#530);
#525 = PLANE('',#526);
#526 = AXIS2_PLACEMENT_3D('',#527,#528,#529);
#527 = CARTESIAN_POINT('',(-12.8,13.9,1.));
#528 = DIRECTION('',(0.,0.,1.));
#529 = DIRECTION('',(1.,0.,0.));
#530 = DEFINITIONAL_REPRESENTATION('',(#531),#539);
#531 = ( BOUNDED_CURVE() B_SPLINE_CURVE(2,(#532,#533,#534,#535,#536,#537
,#538),.UNSPECIFIED.,.T.,.F.) B_SPLINE_CURVE_WITH_KNOTS((1,2,2,2,2,1),(
    -2.094395102393,0.,2.094395102393,4.188790204786,6.28318530718,
8.377580409573),.UNSPECIFIED.) CURVE() GEOMETRIC_REPRESENTATION_ITEM() 
RATIONAL_B_SPLINE_CURVE((1.,0.5,1.,0.5,1.,0.5,1.)) REPRESENTATION_ITEM(
  '') );
#532 = CARTESIAN_POINT('',(33.8,-13.9));
#533 = CARTESIAN_POINT('',(33.8,-50.27306695894));
#534 = CARTESIAN_POINT('',(2.3,-32.08653347947));
#535 = CARTESIAN_POINT('',(-29.2,-13.9));
#536 = CARTESIAN_POINT('',(2.3,4.286533479473));
#537 = CARTESIAN_POINT('',(33.8,22.473066958946));
#538 = CARTESIAN_POINT('',(33.8,-13.9));
#539 = ( GEOMETRIC_REPRESENTATION_CONTEXT(2) 
PARAMETRIC_REPRESENTATION_CONTEXT() REPRESENTATION_CONTEXT('2D SPACE',''
  ) );
#540 = ORIENTED_EDGE('',*,*,#541,.T.);
#541 = EDGE_CURVE('',#509,#542,#544,.T.);
#542 = VERTEX_POINT('',#543);
#543 = CARTESIAN_POINT('',(-10.,18.466185312619,-3.8));
#544 = SURFACE_CURVE('',#545,(#549,#555),.PCURVE_S1.);
#545 = LINE('',#546,#547);
#546 = CARTESIAN_POINT('',(-10.,18.466185312619,-4.8));
#547 = VECTOR('',#548,1.);
#548 = DIRECTION('',(-0.,-0.,-1.));
#549 = PCURVE('',#205,#550);
#550 = DEFINITIONAL_REPRESENTATION('',(#551),#554);
#551 = B_SPLINE_CURVE_WITH_KNOTS('',1,(#552,#553),.UNSPECIFIED.,.F.,.F.,
  (2,2),(-6.28,-0.52),.PIECEWISE_BEZIER_KNOTS.);
#552 = CARTESIAN_POINT('',(-2.06711368892,-6.28));
#553 = CARTESIAN_POINT('',(-2.06711368892,-0.52));
#554 = ( GEOMETRIC_REPRESENTATION_CONTEXT(2) 
PARAMETRIC_REPRESENTATION_CONTEXT() REPRESENTATION_CONTEXT('2D SPACE',''
  ) );
#555 = PCURVE('',#556,#561);
#556 = PLANE('',#557);
#557 = AXIS2_PLACEMENT_3D('',#558,#559,#560);
#558 = CARTESIAN_POINT('',(-10.,13.9,-3.8));
#559 = DIRECTION('',(1.,0.,0.));
#560 = DIRECTION('',(0.,0.,1.));
#561 = DEFINITIONAL_REPRESENTATION('',(#562),#565);
#562 = B_SPLINE_CURVE_WITH_KNOTS('',1,(#563,#564),.UNSPECIFIED.,.F.,.F.,
  (2,2),(-6.28,-0.52),.PIECEWISE_BEZIER_KNOTS.);
#563 = CARTESIAN_POINT('',(5.28,-4.566185312619));
#564 = CARTESIAN_POINT('',(-0.48,-4.566185312619));
#565 = ( GEOMETRIC_REPRESENTATION_CONTEXT(2) 
PARAMETRIC_REPRESENTATION_CONTEXT() REPRESENTATION_CONTEXT('2D SPACE',''
  ) );
#566 = ORIENTED_EDGE('',*,*,#567,.F.);
#567 = EDGE_CURVE('',#483,#542,#568,.T.);
#568 = SURFACE_CURVE('',#569,(#574,#581),.PCURVE_S1.);
#569 = CIRCLE('',#570,21.);
#570 = AXIS2_PLACEMENT_3D('',#571,#572,#573);
#571 = CARTESIAN_POINT('',(0.,0.,-3.8));
#572 = DIRECTION('',(0.,0.,-1.));
#573 = DIRECTION('',(1.,0.,0.));
#574 = PCURVE('',#205,#575);
#575 = DEFINITIONAL_REPRESENTATION('',(#576),#580);
#576 = LINE('',#577,#578);
#577 = CARTESIAN_POINT('',(-6.28318530718,-1.));
#578 = VECTOR('',#579,1.);
#579 = DIRECTION('',(1.,-0.));
#580 = ( GEOMETRIC_REPRESENTATION_CONTEXT(2) 
PARAMETRIC_REPRESENTATION_CONTEXT() REPRESENTATION_CONTEXT('2D SPACE',''
  ) );
#581 = PCURVE('',#582,#587);
#582 = PLANE('',#583);
#583 = AXIS2_PLACEMENT_3D('',#584,#585,#586);
#584 = CARTESIAN_POINT('',(-12.8,13.9,-3.8));
#585 = DIRECTION('',(0.,0.,1.));
#586 = DIRECTION('',(1.,0.,0.));
#587 = DEFINITIONAL_REPRESENTATION('',(#588),#596);
#588 = ( BOUNDED_CURVE() B_SPLINE_CURVE(2,(#589,#590,#591,#592,#593,#594
,#595),.UNSPECIFIED.,.T.,.F.) B_SPLINE_CURVE_WITH_KNOTS((1,2,2,2,2,1),(
    -2.094395102393,0.,2.094395102393,4.188790204786,6.28318530718,
8.377580409573),.UNSPECIFIED.) CURVE() GEOMETRIC_REPRESENTATION_ITEM() 
RATIONAL_B_SPLINE_CURVE((1.,0.5,1.,0.5,1.,0.5,1.)) REPRESENTATION_ITEM(
  '') );
#589 = CARTESIAN_POINT('',(33.8,-13.9));
#590 = CARTESIAN_POINT('',(33.8,-50.27306695894));
#591 = CARTESIAN_POINT('',(2.3,-32.08653347947));
#592 = CARTESIAN_POINT('',(-29.2,-13.9));
#593 = CARTESIAN_POINT('',(2.3,4.286533479473));
#594 = CARTESIAN_POINT('',(33.8,22.473066958946));
#595 = CARTESIAN_POINT('',(33.8,-13.9));
#596 = ( GEOMETRIC_REPRESENTATION_CONTEXT(2) 
PARAMETRIC_REPRESENTATION_CONTEXT() REPRESENTATION_CONTEXT('2D SPACE',''
  ) );
#597 = FACE_BOUND('',#598,.F.);
#598 = EDGE_LOOP('',(#599,#634,#660,#693));
#599 = ORIENTED_EDGE('',*,*,#600,.T.);
#600 = EDGE_CURVE('',#601,#603,#605,.T.);
#601 = VERTEX_POINT('',#602);
#602 = CARTESIAN_POINT('',(-10.,-18.46618531261,1.));
#603 = VERTEX_POINT('',#604);
#604 = CARTESIAN_POINT('',(-12.8,-16.64812301732,1.));
#605 = SURFACE_CURVE('',#606,(#611,#618),.PCURVE_S1.);
#606 = CIRCLE('',#607,21.);
#607 = AXIS2_PLACEMENT_3D('',#608,#609,#610);
#608 = CARTESIAN_POINT('',(0.,0.,1.));
#609 = DIRECTION('',(0.,0.,-1.));
#610 = DIRECTION('',(1.,0.,0.));
#611 = PCURVE('',#205,#612);
#612 = DEFINITIONAL_REPRESENTATION('',(#613),#617);
#613 = LINE('',#614,#615);
#614 = CARTESIAN_POINT('',(-6.28318530718,-5.8));
#615 = VECTOR('',#616,1.);
#616 = DIRECTION('',(1.,-0.));
#617 = ( GEOMETRIC_REPRESENTATION_CONTEXT(2) 
PARAMETRIC_REPRESENTATION_CONTEXT() REPRESENTATION_CONTEXT('2D SPACE',''
  ) );
#618 = PCURVE('',#619,#624);
#619 = PLANE('',#620);
#620 = AXIS2_PLACEMENT_3D('',#621,#622,#623);
#621 = CARTESIAN_POINT('',(-12.8,-24.9,1.));
#622 = DIRECTION('',(0.,0.,1.));
#623 = DIRECTION('',(1.,0.,0.));
#624 = DEFINITIONAL_REPRESENTATION('',(#625),#633);
#625 = ( BOUNDED_CURVE() B_SPLINE_CURVE(2,(#626,#627,#628,#629,#630,#631
,#632),.UNSPECIFIED.,.T.,.F.) B_SPLINE_CURVE_WITH_KNOTS((1,2,2,2,2,1),(
    -2.094395102393,0.,2.094395102393,4.188790204786,6.28318530718,
8.377580409573),.UNSPECIFIED.) CURVE() GEOMETRIC_REPRESENTATION_ITEM() 
RATIONAL_B_SPLINE_CURVE((1.,0.5,1.,0.5,1.,0.5,1.)) REPRESENTATION_ITEM(
  '') );
#626 = CARTESIAN_POINT('',(33.8,24.9));
#627 = CARTESIAN_POINT('',(33.8,-11.47306695894));
#628 = CARTESIAN_POINT('',(2.3,6.713466520527));
#629 = CARTESIAN_POINT('',(-29.2,24.9));
#630 = CARTESIAN_POINT('',(2.3,43.086533479473));
#631 = CARTESIAN_POINT('',(33.8,61.273066958946));
#632 = CARTESIAN_POINT('',(33.8,24.9));
#633 = ( GEOMETRIC_REPRESENTATION_CONTEXT(2) 
PARAMETRIC_REPRESENTATION_CONTEXT() REPRESENTATION_CONTEXT('2D SPACE',''
  ) );
#634 = ORIENTED_EDGE('',*,*,#635,.T.);
#635 = EDGE_CURVE('',#603,#636,#638,.T.);
#636 = VERTEX_POINT('',#637);
#637 = CARTESIAN_POINT('',(-12.8,-16.64812301732,-3.8));
#638 = SURFACE_CURVE('',#639,(#643,#649),.PCURVE_S1.);
#639 = LINE('',#640,#641);
#640 = CARTESIAN_POINT('',(-12.8,-16.64812301732,-4.8));
#641 = VECTOR('',#642,1.);
#642 = DIRECTION('',(-0.,-0.,-1.));
#643 = PCURVE('',#205,#644);
#644 = DEFINITIONAL_REPRESENTATION('',(#645),#648);
#645 = B_SPLINE_CURVE_WITH_KNOTS('',1,(#646,#647),.UNSPECIFIED.,.F.,.F.,
  (2,2),(-6.28,-0.52),.PIECEWISE_BEZIER_KNOTS.);
#646 = CARTESIAN_POINT('',(-4.056929196577,-6.28));
#647 = CARTESIAN_POINT('',(-4.056929196577,-0.52));
#648 = ( GEOMETRIC_REPRESENTATION_CONTEXT(2) 
PARAMETRIC_REPRESENTATION_CONTEXT() REPRESENTATION_CONTEXT('2D SPACE',''
  ) );
#649 = PCURVE('',#650,#655);
#650 = PLANE('',#651);
#651 = AXIS2_PLACEMENT_3D('',#652,#653,#654);
#652 = CARTESIAN_POINT('',(-12.8,-24.9,-3.8));
#653 = DIRECTION('',(1.,0.,0.));
#654 = DIRECTION('',(0.,0.,1.));
#655 = DEFINITIONAL_REPRESENTATION('',(#656),#659);
#656 = B_SPLINE_CURVE_WITH_KNOTS('',1,(#657,#658),.UNSPECIFIED.,.F.,.F.,
  (2,2),(-6.28,-0.52),.PIECEWISE_BEZIER_KNOTS.);
#657 = CARTESIAN_POINT('',(5.28,-8.251876982675));
#658 = CARTESIAN_POINT('',(-0.48,-8.251876982675));
#659 = ( GEOMETRIC_REPRESENTATION_CONTEXT(2) 
PARAMETRIC_REPRESENTATION_CONTEXT() REPRESENTATION_CONTEXT('2D SPACE',''
  ) );
#660 = ORIENTED_EDGE('',*,*,#661,.F.);
#661 = EDGE_CURVE('',#662,#636,#664,.T.);
#662 = VERTEX_POINT('',#663);
#663 = CARTESIAN_POINT('',(-10.,-18.46618531261,-3.8));
#664 = SURFACE_CURVE('',#665,(#670,#677),.PCURVE_S1.);
#665 = CIRCLE('',#666,21.);
#666 = AXIS2_PLACEMENT_3D('',#667,#668,#669);
#667 = CARTESIAN_POINT('',(0.,0.,-3.8));
#668 = DIRECTION('',(0.,0.,-1.));
#669 = DIRECTION('',(1.,0.,0.));
#670 = PCURVE('',#205,#671);
#671 = DEFINITIONAL_REPRESENTATION('',(#672),#676);
#672 = LINE('',#673,#674);
#673 = CARTESIAN_POINT('',(-6.28318530718,-1.));
#674 = VECTOR('',#675,1.);
#675 = DIRECTION('',(1.,-0.));
#676 = ( GEOMETRIC_REPRESENTATION_CONTEXT(2) 
PARAMETRIC_REPRESENTATION_CONTEXT() REPRESENTATION_CONTEXT('2D SPACE',''
  ) );
#677 = PCURVE('',#678,#683);
#678 = PLANE('',#679);
#679 = AXIS2_PLACEMENT_3D('',#680,#681,#682);
#680 = CARTESIAN_POINT('',(-12.8,-24.9,-3.8));
#681 = DIRECTION('',(0.,0.,1.));
#682 = DIRECTION('',(1.,0.,0.));
#683 = DEFINITIONAL_REPRESENTATION('',(#684),#692);
#684 = ( BOUNDED_CURVE() B_SPLINE_CURVE(2,(#685,#686,#687,#688,#689,#690
,#691),.UNSPECIFIED.,.T.,.F.) B_SPLINE_CURVE_WITH_KNOTS((1,2,2,2,2,1),(
    -2.094395102393,0.,2.094395102393,4.188790204786,6.28318530718,
8.377580409573),.UNSPECIFIED.) CURVE() GEOMETRIC_REPRESENTATION_ITEM() 
RATIONAL_B_SPLINE_CURVE((1.,0.5,1.,0.5,1.,0.5,1.)) REPRESENTATION_ITEM(
  '') );
#685 = CARTESIAN_POINT('',(33.8,24.9));
#686 = CARTESIAN_POINT('',(33.8,-11.47306695894));
#687 = CARTESIAN_POINT('',(2.3,6.713466520527));
#688 = CARTESIAN_POINT('',(-29.2,24.9));
#689 = CARTESIAN_POINT('',(2.3,43.086533479473));
#690 = CARTESIAN_POINT('',(33.8,61.273066958946));
#691 = CARTESIAN_POINT('',(33.8,24.9));
#692 = ( GEOMETRIC_REPRESENTATION_CONTEXT(2) 
PARAMETRIC_REPRESENTATION_CONTEXT() REPRESENTATION_CONTEXT('2D SPACE',''
  ) );
#693 = ORIENTED_EDGE('',*,*,#694,.F.);
#694 = EDGE_CURVE('',#601,#662,#695,.T.);
#695 = SURFACE_CURVE('',#696,(#700,#706),.PCURVE_S1.);
#696 = LINE('',#697,#698);
#697 = CARTESIAN_POINT('',(-10.,-18.46618531261,-4.8));
#698 = VECTOR('',#699,1.);
#699 = DIRECTION('',(-0.,-0.,-1.));
#700 = PCURVE('',#205,#701);
#701 = DEFINITIONAL_REPRESENTATION('',(#702),#705);
#702 = B_SPLINE_CURVE_WITH_KNOTS('',1,(#703,#704),.UNSPECIFIED.,.F.,.F.,
  (2,2),(-6.28,-0.52),.PIECEWISE_BEZIER_KNOTS.);
#703 = CARTESIAN_POINT('',(-4.216071618259,-6.28));
#704 = CARTESIAN_POINT('',(-4.216071618259,-0.52));
#705 = ( GEOMETRIC_REPRESENTATION_CONTEXT(2) 
PARAMETRIC_REPRESENTATION_CONTEXT() REPRESENTATION_CONTEXT('2D SPACE',''
  ) );
#706 = PCURVE('',#707,#712);
#707 = PLANE('',#708);
#708 = AXIS2_PLACEMENT_3D('',#709,#710,#711);
#709 = CARTESIAN_POINT('',(-10.,-24.9,-3.8));
#710 = DIRECTION('',(1.,0.,0.));
#711 = DIRECTION('',(0.,0.,1.));
#712 = DEFINITIONAL_REPRESENTATION('',(#713),#716);
#713 = B_SPLINE_CURVE_WITH_KNOTS('',1,(#714,#715),.UNSPECIFIED.,.F.,.F.,
  (2,2),(-6.28,-0.52),.PIECEWISE_BEZIER_KNOTS.);
#714 = CARTESIAN_POINT('',(5.28,-6.433814687381));
#715 = CARTESIAN_POINT('',(-0.48,-6.433814687381));
#716 = ( GEOMETRIC_REPRESENTATION_CONTEXT(2) 
PARAMETRIC_REPRESENTATION_CONTEXT() REPRESENTATION_CONTEXT('2D SPACE',''
  ) );
#717 = FACE_BOUND('',#718,.F.);
#718 = EDGE_LOOP('',(#719,#754,#780,#813));
#719 = ORIENTED_EDGE('',*,*,#720,.T.);
#720 = EDGE_CURVE('',#721,#723,#725,.T.);
#721 = VERTEX_POINT('',#722);
#722 = CARTESIAN_POINT('',(12.8,-16.64812301732,1.));
#723 = VERTEX_POINT('',#724);
#724 = CARTESIAN_POINT('',(10.,-18.46618531261,1.));
#725 = SURFACE_CURVE('',#726,(#731,#738),.PCURVE_S1.);
#726 = CIRCLE('',#727,21.);
#727 = AXIS2_PLACEMENT_3D('',#728,#729,#730);
#728 = CARTESIAN_POINT('',(0.,0.,1.));
#729 = DIRECTION('',(0.,0.,-1.));
#730 = DIRECTION('',(1.,0.,0.));
#731 = PCURVE('',#205,#732);
#732 = DEFINITIONAL_REPRESENTATION('',(#733),#737);
#733 = LINE('',#734,#735);
#734 = CARTESIAN_POINT('',(-6.28318530718,-5.8));
#735 = VECTOR('',#736,1.);
#736 = DIRECTION('',(1.,-0.));
#737 = ( GEOMETRIC_REPRESENTATION_CONTEXT(2) 
PARAMETRIC_REPRESENTATION_CONTEXT() REPRESENTATION_CONTEXT('2D SPACE',''
  ) );
#738 = PCURVE('',#739,#744);
#739 = PLANE('',#740);
#740 = AXIS2_PLACEMENT_3D('',#741,#742,#743);
#741 = CARTESIAN_POINT('',(10.,-24.9,1.));
#742 = DIRECTION('',(0.,0.,1.));
#743 = DIRECTION('',(1.,0.,0.));
#744 = DEFINITIONAL_REPRESENTATION('',(#745),#753);
#745 = ( BOUNDED_CURVE() B_SPLINE_CURVE(2,(#746,#747,#748,#749,#750,#751
,#752),.UNSPECIFIED.,.T.,.F.) B_SPLINE_CURVE_WITH_KNOTS((1,2,2,2,2,1),(
    -2.094395102393,0.,2.094395102393,4.188790204786,6.28318530718,
8.377580409573),.UNSPECIFIED.) CURVE() GEOMETRIC_REPRESENTATION_ITEM() 
RATIONAL_B_SPLINE_CURVE((1.,0.5,1.,0.5,1.,0.5,1.)) REPRESENTATION_ITEM(
  '') );
#746 = CARTESIAN_POINT('',(11.,24.9));
#747 = CARTESIAN_POINT('',(11.,-11.47306695894));
#748 = CARTESIAN_POINT('',(-20.5,6.713466520527));
#749 = CARTESIAN_POINT('',(-52.,24.9));
#750 = CARTESIAN_POINT('',(-20.5,43.086533479473));
#751 = CARTESIAN_POINT('',(11.,61.273066958946));
#752 = CARTESIAN_POINT('',(11.,24.9));
#753 = ( GEOMETRIC_REPRESENTATION_CONTEXT(2) 
PARAMETRIC_REPRESENTATION_CONTEXT() REPRESENTATION_CONTEXT('2D SPACE',''
  ) );
#754 = ORIENTED_EDGE('',*,*,#755,.T.);
#755 = EDGE_CURVE('',#723,#756,#758,.T.);
#756 = VERTEX_POINT('',#757);
#757 = CARTESIAN_POINT('',(10.,-18.46618531261,-3.8));
#758 = SURFACE_CURVE('',#759,(#763,#769),.PCURVE_S1.);
#759 = LINE('',#760,#761);
#760 = CARTESIAN_POINT('',(10.,-18.46618531261,-4.8));
#761 = VECTOR('',#762,1.);
#762 = DIRECTION('',(-0.,-0.,-1.));
#763 = PCURVE('',#205,#764);
#764 = DEFINITIONAL_REPRESENTATION('',(#765),#768);
#765 = B_SPLINE_CURVE_WITH_KNOTS('',1,(#766,#767),.UNSPECIFIED.,.F.,.F.,
  (2,2),(-6.28,-0.52),.PIECEWISE_BEZIER_KNOTS.);
#766 = CARTESIAN_POINT('',(-5.20870634251,-6.28));
#767 = CARTESIAN_POINT('',(-5.20870634251,-0.52));
#768 = ( GEOMETRIC_REPRESENTATION_CONTEXT(2) 
PARAMETRIC_REPRESENTATION_CONTEXT() REPRESENTATION_CONTEXT('2D SPACE',''
  ) );
#769 = PCURVE('',#770,#775);
#770 = PLANE('',#771);
#771 = AXIS2_PLACEMENT_3D('',#772,#773,#774);
#772 = CARTESIAN_POINT('',(10.,-24.9,-3.8));
#773 = DIRECTION('',(1.,0.,0.));
#774 = DIRECTION('',(0.,0.,1.));
#775 = DEFINITIONAL_REPRESENTATION('',(#776),#779);
#776 = B_SPLINE_CURVE_WITH_KNOTS('',1,(#777,#778),.UNSPECIFIED.,.F.,.F.,
  (2,2),(-6.28,-0.52),.PIECEWISE_BEZIER_KNOTS.);
#777 = CARTESIAN_POINT('',(5.28,-6.433814687381));
#778 = CARTESIAN_POINT('',(-0.48,-6.433814687381));
#779 = ( GEOMETRIC_REPRESENTATION_CONTEXT(2) 
PARAMETRIC_REPRESENTATION_CONTEXT() REPRESENTATION_CONTEXT('2D SPACE',''
  ) );
#780 = ORIENTED_EDGE('',*,*,#781,.F.);
#781 = EDGE_CURVE('',#782,#756,#784,.T.);
#782 = VERTEX_POINT('',#783);
#783 = CARTESIAN_POINT('',(12.8,-16.64812301732,-3.8));
#784 = SURFACE_CURVE('',#785,(#790,#797),.PCURVE_S1.);
#785 = CIRCLE('',#786,21.);
#786 = AXIS2_PLACEMENT_3D('',#787,#788,#789);
#787 = CARTESIAN_POINT('',(0.,0.,-3.8));
#788 = DIRECTION('',(0.,0.,-1.));
#789 = DIRECTION('',(1.,0.,0.));
#790 = PCURVE('',#205,#791);
#791 = DEFINITIONAL_REPRESENTATION('',(#792),#796);
#792 = LINE('',#793,#794);
#793 = CARTESIAN_POINT('',(-6.28318530718,-1.));
#794 = VECTOR('',#795,1.);
#795 = DIRECTION('',(1.,-0.));
#796 = ( GEOMETRIC_REPRESENTATION_CONTEXT(2) 
PARAMETRIC_REPRESENTATION_CONTEXT() REPRESENTATION_CONTEXT('2D SPACE',''
  ) );
#797 = PCURVE('',#798,#803);
#798 = PLANE('',#799);
#799 = AXIS2_PLACEMENT_3D('',#800,#801,#802);
#800 = CARTESIAN_POINT('',(10.,-24.9,-3.8));
#801 = DIRECTION('',(0.,0.,1.));
#802 = DIRECTION('',(1.,0.,0.));
#803 = DEFINITIONAL_REPRESENTATION('',(#804),#812);
#804 = ( BOUNDED_CURVE() B_SPLINE_CURVE(2,(#805,#806,#807,#808,#809,#810
,#811),.UNSPECIFIED.,.T.,.F.) B_SPLINE_CURVE_WITH_KNOTS((1,2,2,2,2,1),(
    -2.094395102393,0.,2.094395102393,4.188790204786,6.28318530718,
8.377580409573),.UNSPECIFIED.) CURVE() GEOMETRIC_REPRESENTATION_ITEM() 
RATIONAL_B_SPLINE_CURVE((1.,0.5,1.,0.5,1.,0.5,1.)) REPRESENTATION_ITEM(
  '') );
#805 = CARTESIAN_POINT('',(11.,24.9));
#806 = CARTESIAN_POINT('',(11.,-11.47306695894));
#807 = CARTESIAN_POINT('',(-20.5,6.713466520527));
#808 = CARTESIAN_POINT('',(-52.,24.9));
#809 = CARTESIAN_POINT('',(-20.5,43.086533479473));
#810 = CARTESIAN_POINT('',(11.,61.273066958946));
#811 = CARTESIAN_POINT('',(11.,24.9));
#812 = ( GEOMETRIC_REPRESENTATION_CONTEXT(2) 
PARAMETRIC_REPRESENTATION_CONTEXT() REPRESENTATION_CONTEXT('2D SPACE',''
  ) );
#813 = ORIENTED_EDGE('',*,*,#814,.F.);
#814 = EDGE_CURVE('',#721,#782,#815,.T.);
#815 = SURFACE_CURVE('',#816,(#820,#826),.PCURVE_S1.);
#816 = LINE('',#817,#818);
#817 = CARTESIAN_POINT('',(12.8,-16.64812301732,-4.8));
#818 = VECTOR('',#819,1.);
#819 = DIRECTION('',(-0.,-0.,-1.));
#820 = PCURVE('',#205,#821);
#821 = DEFINITIONAL_REPRESENTATION('',(#822),#825);
#822 = B_SPLINE_CURVE_WITH_KNOTS('',1,(#823,#824),.UNSPECIFIED.,.F.,.F.,
  (2,2),(-6.28,-0.52),.PIECEWISE_BEZIER_KNOTS.);
#823 = CARTESIAN_POINT('',(-5.367848764192,-6.28));
#824 = CARTESIAN_POINT('',(-5.367848764192,-0.52));
#825 = ( GEOMETRIC_REPRESENTATION_CONTEXT(2) 
PARAMETRIC_REPRESENTATION_CONTEXT() REPRESENTATION_CONTEXT('2D SPACE',''
  ) );
#826 = PCURVE('',#827,#832);
#827 = PLANE('',#828);
#828 = AXIS2_PLACEMENT_3D('',#829,#830,#831);
#829 = CARTESIAN_POINT('',(12.8,-24.9,-3.8));
#830 = DIRECTION('',(1.,0.,0.));
#831 = DIRECTION('',(0.,0.,1.));
#832 = DEFINITIONAL_REPRESENTATION('',(#833),#836);
#833 = B_SPLINE_CURVE_WITH_KNOTS('',1,(#834,#835),.UNSPECIFIED.,.F.,.F.,
  (2,2),(-6.28,-0.52),.PIECEWISE_BEZIER_KNOTS.);
#834 = CARTESIAN_POINT('',(5.28,-8.251876982675));
#835 = CARTESIAN_POINT('',(-0.48,-8.251876982675));
#836 = ( GEOMETRIC_REPRESENTATION_CONTEXT(2) 
PARAMETRIC_REPRESENTATION_CONTEXT() REPRESENTATION_CONTEXT('2D SPACE',''
  ) );
#837 = ADVANCED_FACE('',(#838,#841),#84,.T.);
#838 = FACE_BOUND('',#839,.T.);
#839 = EDGE_LOOP('',(#840));
#840 = ORIENTED_EDGE('',*,*,#69,.T.);
#841 = FACE_BOUND('',#842,.T.);
#842 = EDGE_LOOP('',(#843));
#843 = ORIENTED_EDGE('',*,*,#844,.F.);
#844 = EDGE_CURVE('',#845,#845,#847,.T.);
#845 = VERTEX_POINT('',#846);
#846 = CARTESIAN_POINT('',(21.6,-2.5,-2.1));
#847 = SURFACE_CURVE('',#848,(#853,#860),.PCURVE_S1.);
#848 = CIRCLE('',#849,1.3);
#849 = AXIS2_PLACEMENT_3D('',#850,#851,#852);
#850 = CARTESIAN_POINT('',(21.6,-2.5,-0.8));
#851 = DIRECTION('',(1.,0.,0.));
#852 = DIRECTION('',(0.,0.,-1.));
#853 = PCURVE('',#84,#854);
#854 = DEFINITIONAL_REPRESENTATION('',(#855),#859);
#855 = CIRCLE('',#856,1.3);
#856 = AXIS2_PLACEMENT_2D('',#857,#858);
#857 = CARTESIAN_POINT('',(0.,0.));
#858 = DIRECTION('',(1.,0.));
#859 = ( GEOMETRIC_REPRESENTATION_CONTEXT(2) 
PARAMETRIC_REPRESENTATION_CONTEXT() REPRESENTATION_CONTEXT('2D SPACE',''
  ) );
#860 = PCURVE('',#861,#866);
#861 = CYLINDRICAL_SURFACE('',#862,1.3);
#862 = AXIS2_PLACEMENT_3D('',#863,#864,#865);
#863 = CARTESIAN_POINT('',(18.6,-2.5,-0.8));
#864 = DIRECTION('',(1.,0.,0.));
#865 = DIRECTION('',(0.,0.,-1.));
#866 = DEFINITIONAL_REPRESENTATION('',(#867),#871);
#867 = LINE('',#868,#869);
#868 = CARTESIAN_POINT('',(0.,3.));
#869 = VECTOR('',#870,1.);
#870 = DIRECTION('',(1.,0.));
#871 = ( GEOMETRIC_REPRESENTATION_CONTEXT(2) 
PARAMETRIC_REPRESENTATION_CONTEXT() REPRESENTATION_CONTEXT('2D SPACE',''
  ) );
#872 = ADVANCED_FACE('',(#873,#876),#284,.F.);
#873 = FACE_BOUND('',#874,.F.);
#874 = EDGE_LOOP('',(#875));
#875 = ORIENTED_EDGE('',*,*,#267,.F.);
#876 = FACE_BOUND('',#877,.F.);
#877 = EDGE_LOOP('',(#878));
#878 = ORIENTED_EDGE('',*,*,#879,.F.);
#879 = EDGE_CURVE('',#880,#880,#882,.T.);
#880 = VERTEX_POINT('',#881);
#881 = CARTESIAN_POINT('',(20.6,0.,-4.3));
#882 = SURFACE_CURVE('',#883,(#888,#895),.PCURVE_S1.);
#883 = CIRCLE('',#884,20.6);
#884 = AXIS2_PLACEMENT_3D('',#885,#886,#887);
#885 = CARTESIAN_POINT('',(0.,0.,-4.3));
#886 = DIRECTION('',(0.,0.,1.));
#887 = DIRECTION('',(1.,0.,0.));
#888 = PCURVE('',#284,#889);
#889 = DEFINITIONAL_REPRESENTATION('',(#890),#894);
#890 = CIRCLE('',#891,20.6);
#891 = AXIS2_PLACEMENT_2D('',#892,#893);
#892 = CARTESIAN_POINT('',(8.415016200243E-16,-1.463144300812E-15));
#893 = DIRECTION('',(1.,0.));
#894 = ( GEOMETRIC_REPRESENTATION_CONTEXT(2) 
PARAMETRIC_REPRESENTATION_CONTEXT() REPRESENTATION_CONTEXT('2D SPACE',''
  ) );
#895 = PCURVE('',#896,#901);
#896 = CYLINDRICAL_SURFACE('',#897,20.6);
#897 = AXIS2_PLACEMENT_3D('',#898,#899,#900);
#898 = CARTESIAN_POINT('',(0.,0.,-4.9));
#899 = DIRECTION('',(-0.,-0.,-1.));
#900 = DIRECTION('',(1.,0.,0.));
#901 = DEFINITIONAL_REPRESENTATION('',(#902),#906);
#902 = LINE('',#903,#904);
#903 = CARTESIAN_POINT('',(-0.,-0.6));
#904 = VECTOR('',#905,1.);
#905 = DIRECTION('',(-1.,0.));
#906 = ( GEOMETRIC_REPRESENTATION_CONTEXT(2) 
PARAMETRIC_REPRESENTATION_CONTEXT() REPRESENTATION_CONTEXT('2D SPACE',''
  ) );
#907 = ADVANCED_FACE('',(#908,#911),#338,.T.);
#908 = FACE_BOUND('',#909,.T.);
#909 = EDGE_LOOP('',(#910));
#910 = ORIENTED_EDGE('',*,*,#323,.F.);
#911 = FACE_BOUND('',#912,.T.);
#912 = EDGE_LOOP('',(#913));
#913 = ORIENTED_EDGE('',*,*,#914,.F.);
#914 = EDGE_CURVE('',#915,#915,#917,.T.);
#915 = VERTEX_POINT('',#916);
#916 = CARTESIAN_POINT('',(20.6,0.,2.7));
#917 = SURFACE_CURVE('',#918,(#923,#930),.PCURVE_S1.);
#918 = CIRCLE('',#919,20.6);
#919 = AXIS2_PLACEMENT_3D('',#920,#921,#922);
#920 = CARTESIAN_POINT('',(0.,0.,2.7));
#921 = DIRECTION('',(0.,0.,1.));
#922 = DIRECTION('',(1.,0.,0.));
#923 = PCURVE('',#338,#924);
#924 = DEFINITIONAL_REPRESENTATION('',(#925),#929);
#925 = CIRCLE('',#926,20.6);
#926 = AXIS2_PLACEMENT_2D('',#927,#928);
#927 = CARTESIAN_POINT('',(8.415016200243E-16,-1.463144300812E-15));
#928 = DIRECTION('',(1.,0.));
#929 = ( GEOMETRIC_REPRESENTATION_CONTEXT(2) 
PARAMETRIC_REPRESENTATION_CONTEXT() REPRESENTATION_CONTEXT('2D SPACE',''
  ) );
#930 = PCURVE('',#931,#936);
#931 = CYLINDRICAL_SURFACE('',#932,20.6);
#932 = AXIS2_PLACEMENT_3D('',#933,#934,#935);
#933 = CARTESIAN_POINT('',(0.,0.,2.7));
#934 = DIRECTION('',(-0.,-0.,-1.));
#935 = DIRECTION('',(1.,0.,0.));
#936 = DEFINITIONAL_REPRESENTATION('',(#937),#941);
#937 = LINE('',#938,#939);
#938 = CARTESIAN_POINT('',(-0.,0.));
#939 = VECTOR('',#940,1.);
#940 = DIRECTION('',(-1.,0.));
#941 = ( GEOMETRIC_REPRESENTATION_CONTEXT(2) 
PARAMETRIC_REPRESENTATION_CONTEXT() REPRESENTATION_CONTEXT('2D SPACE',''
  ) );
#942 = ADVANCED_FACE('',(#943,#1018),#377,.F.);
#943 = FACE_BOUND('',#944,.F.);
#944 = EDGE_LOOP('',(#945,#968,#969,#992));
#945 = ORIENTED_EDGE('',*,*,#946,.F.);
#946 = EDGE_CURVE('',#361,#947,#949,.T.);
#947 = VERTEX_POINT('',#948);
#948 = CARTESIAN_POINT('',(10.,24.9,1.));
#949 = SURFACE_CURVE('',#950,(#954,#961),.PCURVE_S1.);
#950 = LINE('',#951,#952);
#951 = CARTESIAN_POINT('',(10.,13.9,1.));
#952 = VECTOR('',#953,1.);
#953 = DIRECTION('',(0.,1.,0.));
#954 = PCURVE('',#377,#955);
#955 = DEFINITIONAL_REPRESENTATION('',(#956),#960);
#956 = LINE('',#957,#958);
#957 = CARTESIAN_POINT('',(4.8,0.));
#958 = VECTOR('',#959,1.);
#959 = DIRECTION('',(0.,-1.));
#960 = ( GEOMETRIC_REPRESENTATION_CONTEXT(2) 
PARAMETRIC_REPRESENTATION_CONTEXT() REPRESENTATION_CONTEXT('2D SPACE',''
  ) );
#961 = PCURVE('',#405,#962);
#962 = DEFINITIONAL_REPRESENTATION('',(#963),#967);
#963 = LINE('',#964,#965);
#964 = CARTESIAN_POINT('',(0.,0.));
#965 = VECTOR('',#966,1.);
#966 = DIRECTION('',(0.,1.));
#967 = ( GEOMETRIC_REPRESENTATION_CONTEXT(2) 
PARAMETRIC_REPRESENTATION_CONTEXT() REPRESENTATION_CONTEXT('2D SPACE',''
  ) );
#968 = ORIENTED_EDGE('',*,*,#360,.T.);
#969 = ORIENTED_EDGE('',*,*,#970,.T.);
#970 = EDGE_CURVE('',#363,#971,#973,.T.);
#971 = VERTEX_POINT('',#972);
#972 = CARTESIAN_POINT('',(10.,24.9,-3.8));
#973 = SURFACE_CURVE('',#974,(#978,#985),.PCURVE_S1.);
#974 = LINE('',#975,#976);
#975 = CARTESIAN_POINT('',(10.,13.9,-3.8));
#976 = VECTOR('',#977,1.);
#977 = DIRECTION('',(0.,1.,0.));
#978 = PCURVE('',#377,#979);
#979 = DEFINITIONAL_REPRESENTATION('',(#980),#984);
#980 = LINE('',#981,#982);
#981 = CARTESIAN_POINT('',(0.,0.));
#982 = VECTOR('',#983,1.);
#983 = DIRECTION('',(0.,-1.));
#984 = ( GEOMETRIC_REPRESENTATION_CONTEXT(2) 
PARAMETRIC_REPRESENTATION_CONTEXT() REPRESENTATION_CONTEXT('2D SPACE',''
  ) );
#985 = PCURVE('',#462,#986);
#986 = DEFINITIONAL_REPRESENTATION('',(#987),#991);
#987 = LINE('',#988,#989);
#988 = CARTESIAN_POINT('',(0.,0.));
#989 = VECTOR('',#990,1.);
#990 = DIRECTION('',(0.,1.));
#991 = ( GEOMETRIC_REPRESENTATION_CONTEXT(2) 
PARAMETRIC_REPRESENTATION_CONTEXT() REPRESENTATION_CONTEXT('2D SPACE',''
  ) );
#992 = ORIENTED_EDGE('',*,*,#993,.T.);
#993 = EDGE_CURVE('',#971,#947,#994,.T.);
#994 = SURFACE_CURVE('',#995,(#999,#1006),.PCURVE_S1.);
#995 = LINE('',#996,#997);
#996 = CARTESIAN_POINT('',(10.,24.9,-3.8));
#997 = VECTOR('',#998,1.);
#998 = DIRECTION('',(0.,0.,1.));
#999 = PCURVE('',#377,#1000);
#1000 = DEFINITIONAL_REPRESENTATION('',(#1001),#1005);
#1001 = LINE('',#1002,#1003);
#1002 = CARTESIAN_POINT('',(0.,-11.));
#1003 = VECTOR('',#1004,1.);
#1004 = DIRECTION('',(1.,0.));
#1005 = ( GEOMETRIC_REPRESENTATION_CONTEXT(2) 
PARAMETRIC_REPRESENTATION_CONTEXT() REPRESENTATION_CONTEXT('2D SPACE',''
  ) );
#1006 = PCURVE('',#1007,#1012);
#1007 = PLANE('',#1008);
#1008 = AXIS2_PLACEMENT_3D('',#1009,#1010,#1011);
#1009 = CARTESIAN_POINT('',(10.,24.9,-3.8));
#1010 = DIRECTION('',(0.,1.,0.));
#1011 = DIRECTION('',(0.,0.,1.));
#1012 = DEFINITIONAL_REPRESENTATION('',(#1013),#1017);
#1013 = LINE('',#1014,#1015);
#1014 = CARTESIAN_POINT('',(0.,0.));
#1015 = VECTOR('',#1016,1.);
#1016 = DIRECTION('',(1.,0.));
#1017 = ( GEOMETRIC_REPRESENTATION_CONTEXT(2) 
PARAMETRIC_REPRESENTATION_CONTEXT() REPRESENTATION_CONTEXT('2D SPACE',''
  ) );
#1018 = FACE_BOUND('',#1019,.F.);
#1019 = EDGE_LOOP('',(#1020));
#1020 = ORIENTED_EDGE('',*,*,#1021,.F.);
#1021 = EDGE_CURVE('',#1022,#1022,#1024,.T.);
#1022 = VERTEX_POINT('',#1023);
#1023 = CARTESIAN_POINT('',(10.,23.5,-2.2));
#1024 = SURFACE_CURVE('',#1025,(#1030,#1037),.PCURVE_S1.);
#1025 = CIRCLE('',#1026,0.6);
#1026 = AXIS2_PLACEMENT_3D('',#1027,#1028,#1029);
#1027 = CARTESIAN_POINT('',(10.,23.5,-1.6));
#1028 = DIRECTION('',(1.,-0.,0.));
#1029 = DIRECTION('',(0.,0.,-1.));
#1030 = PCURVE('',#377,#1031);
#1031 = DEFINITIONAL_REPRESENTATION('',(#1032),#1036);
#1032 = CIRCLE('',#1033,0.6);
#1033 = AXIS2_PLACEMENT_2D('',#1034,#1035);
#1034 = CARTESIAN_POINT('',(2.2,-9.6));
#1035 = DIRECTION('',(-1.,0.));
#1036 = ( GEOMETRIC_REPRESENTATION_CONTEXT(2) 
PARAMETRIC_REPRESENTATION_CONTEXT() REPRESENTATION_CONTEXT('2D SPACE',''
  ) );
#1037 = PCURVE('',#1038,#1043);
#1038 = CYLINDRICAL_SURFACE('',#1039,0.6);
#1039 = AXIS2_PLACEMENT_3D('',#1040,#1041,#1042);
#1040 = CARTESIAN_POINT('',(10.,23.5,-1.6));
#1041 = DIRECTION('',(1.,0.,0.));
#1042 = DIRECTION('',(0.,0.,-1.));
#1043 = DEFINITIONAL_REPRESENTATION('',(#1044),#1048);
#1044 = LINE('',#1045,#1046);
#1045 = CARTESIAN_POINT('',(0.,0.));
#1046 = VECTOR('',#1047,1.);
#1047 = DIRECTION('',(1.,0.));
#1048 = ( GEOMETRIC_REPRESENTATION_CONTEXT(2) 
PARAMETRIC_REPRESENTATION_CONTEXT() REPRESENTATION_CONTEXT('2D SPACE',''
  ) );
#1049 = ADVANCED_FACE('',(#1050),#405,.T.);
#1050 = FACE_BOUND('',#1051,.T.);
#1051 = EDGE_LOOP('',(#1052,#1053,#1054,#1077));
#1052 = ORIENTED_EDGE('',*,*,#946,.F.);
#1053 = ORIENTED_EDGE('',*,*,#388,.T.);
#1054 = ORIENTED_EDGE('',*,*,#1055,.T.);
#1055 = EDGE_CURVE('',#389,#1056,#1058,.T.);
#1056 = VERTEX_POINT('',#1057);
#1057 = CARTESIAN_POINT('',(12.8,24.9,1.));
#1058 = SURFACE_CURVE('',#1059,(#1063,#1070),.PCURVE_S1.);
#1059 = LINE('',#1060,#1061);
#1060 = CARTESIAN_POINT('',(12.8,13.9,1.));
#1061 = VECTOR('',#1062,1.);
#1062 = DIRECTION('',(0.,1.,0.));
#1063 = PCURVE('',#405,#1064);
#1064 = DEFINITIONAL_REPRESENTATION('',(#1065),#1069);
#1065 = LINE('',#1066,#1067);
#1066 = CARTESIAN_POINT('',(2.8,0.));
#1067 = VECTOR('',#1068,1.);
#1068 = DIRECTION('',(0.,1.));
#1069 = ( GEOMETRIC_REPRESENTATION_CONTEXT(2) 
PARAMETRIC_REPRESENTATION_CONTEXT() REPRESENTATION_CONTEXT('2D SPACE',''
  ) );
#1070 = PCURVE('',#436,#1071);
#1071 = DEFINITIONAL_REPRESENTATION('',(#1072),#1076);
#1072 = LINE('',#1073,#1074);
#1073 = CARTESIAN_POINT('',(4.8,0.));
#1074 = VECTOR('',#1075,1.);
#1075 = DIRECTION('',(0.,-1.));
#1076 = ( GEOMETRIC_REPRESENTATION_CONTEXT(2) 
PARAMETRIC_REPRESENTATION_CONTEXT() REPRESENTATION_CONTEXT('2D SPACE',''
  ) );
#1077 = ORIENTED_EDGE('',*,*,#1078,.F.);
#1078 = EDGE_CURVE('',#947,#1056,#1079,.T.);
#1079 = SURFACE_CURVE('',#1080,(#1084,#1091),.PCURVE_S1.);
#1080 = LINE('',#1081,#1082);
#1081 = CARTESIAN_POINT('',(10.,24.9,1.));
#1082 = VECTOR('',#1083,1.);
#1083 = DIRECTION('',(1.,0.,0.));
#1084 = PCURVE('',#405,#1085);
#1085 = DEFINITIONAL_REPRESENTATION('',(#1086),#1090);
#1086 = LINE('',#1087,#1088);
#1087 = CARTESIAN_POINT('',(0.,11.));
#1088 = VECTOR('',#1089,1.);
#1089 = DIRECTION('',(1.,0.));
#1090 = ( GEOMETRIC_REPRESENTATION_CONTEXT(2) 
PARAMETRIC_REPRESENTATION_CONTEXT() REPRESENTATION_CONTEXT('2D SPACE',''
  ) );
#1091 = PCURVE('',#1007,#1092);
#1092 = DEFINITIONAL_REPRESENTATION('',(#1093),#1097);
#1093 = LINE('',#1094,#1095);
#1094 = CARTESIAN_POINT('',(4.8,0.));
#1095 = VECTOR('',#1096,1.);
#1096 = DIRECTION('',(0.,1.));
#1097 = ( GEOMETRIC_REPRESENTATION_CONTEXT(2) 
PARAMETRIC_REPRESENTATION_CONTEXT() REPRESENTATION_CONTEXT('2D SPACE',''
  ) );
#1098 = ADVANCED_FACE('',(#1099),#462,.F.);
#1099 = FACE_BOUND('',#1100,.F.);
#1100 = EDGE_LOOP('',(#1101,#1102,#1103,#1126));
#1101 = ORIENTED_EDGE('',*,*,#970,.F.);
#1102 = ORIENTED_EDGE('',*,*,#447,.T.);
#1103 = ORIENTED_EDGE('',*,*,#1104,.T.);
#1104 = EDGE_CURVE('',#422,#1105,#1107,.T.);
#1105 = VERTEX_POINT('',#1106);
#1106 = CARTESIAN_POINT('',(12.8,24.9,-3.8));
#1107 = SURFACE_CURVE('',#1108,(#1112,#1119),.PCURVE_S1.);
#1108 = LINE('',#1109,#1110);
#1109 = CARTESIAN_POINT('',(12.8,13.9,-3.8));
#1110 = VECTOR('',#1111,1.);
#1111 = DIRECTION('',(0.,1.,0.));
#1112 = PCURVE('',#462,#1113);
#1113 = DEFINITIONAL_REPRESENTATION('',(#1114),#1118);
#1114 = LINE('',#1115,#1116);
#1115 = CARTESIAN_POINT('',(2.8,0.));
#1116 = VECTOR('',#1117,1.);
#1117 = DIRECTION('',(0.,1.));
#1118 = ( GEOMETRIC_REPRESENTATION_CONTEXT(2) 
PARAMETRIC_REPRESENTATION_CONTEXT() REPRESENTATION_CONTEXT('2D SPACE',''
  ) );
#1119 = PCURVE('',#436,#1120);
#1120 = DEFINITIONAL_REPRESENTATION('',(#1121),#1125);
#1121 = LINE('',#1122,#1123);
#1122 = CARTESIAN_POINT('',(0.,0.));
#1123 = VECTOR('',#1124,1.);
#1124 = DIRECTION('',(0.,-1.));
#1125 = ( GEOMETRIC_REPRESENTATION_CONTEXT(2) 
PARAMETRIC_REPRESENTATION_CONTEXT() REPRESENTATION_CONTEXT('2D SPACE',''
  ) );
#1126 = ORIENTED_EDGE('',*,*,#1127,.F.);
#1127 = EDGE_CURVE('',#971,#1105,#1128,.T.);
#1128 = SURFACE_CURVE('',#1129,(#1133,#1140),.PCURVE_S1.);
#1129 = LINE('',#1130,#1131);
#1130 = CARTESIAN_POINT('',(10.,24.9,-3.8));
#1131 = VECTOR('',#1132,1.);
#1132 = DIRECTION('',(1.,0.,0.));
#1133 = PCURVE('',#462,#1134);
#1134 = DEFINITIONAL_REPRESENTATION('',(#1135),#1139);
#1135 = LINE('',#1136,#1137);
#1136 = CARTESIAN_POINT('',(0.,11.));
#1137 = VECTOR('',#1138,1.);
#1138 = DIRECTION('',(1.,0.));
#1139 = ( GEOMETRIC_REPRESENTATION_CONTEXT(2) 
PARAMETRIC_REPRESENTATION_CONTEXT() REPRESENTATION_CONTEXT('2D SPACE',''
  ) );
#1140 = PCURVE('',#1007,#1141);
#1141 = DEFINITIONAL_REPRESENTATION('',(#1142),#1146);
#1142 = LINE('',#1143,#1144);
#1143 = CARTESIAN_POINT('',(0.,0.));
#1144 = VECTOR('',#1145,1.);
#1145 = DIRECTION('',(0.,1.));
#1146 = ( GEOMETRIC_REPRESENTATION_CONTEXT(2) 
PARAMETRIC_REPRESENTATION_CONTEXT() REPRESENTATION_CONTEXT('2D SPACE',''
  ) );
#1147 = ADVANCED_FACE('',(#1148),#436,.T.);
#1148 = FACE_BOUND('',#1149,.T.);
#1149 = EDGE_LOOP('',(#1150,#1151,#1152,#1153));
#1150 = ORIENTED_EDGE('',*,*,#1055,.F.);
#1151 = ORIENTED_EDGE('',*,*,#421,.T.);
#1152 = ORIENTED_EDGE('',*,*,#1104,.T.);
#1153 = ORIENTED_EDGE('',*,*,#1154,.T.);
#1154 = EDGE_CURVE('',#1105,#1056,#1155,.T.);
#1155 = SURFACE_CURVE('',#1156,(#1160,#1167),.PCURVE_S1.);
#1156 = LINE('',#1157,#1158);
#1157 = CARTESIAN_POINT('',(12.8,24.9,-3.8));
#1158 = VECTOR('',#1159,1.);
#1159 = DIRECTION('',(0.,0.,1.));
#1160 = PCURVE('',#436,#1161);
#1161 = DEFINITIONAL_REPRESENTATION('',(#1162),#1166);
#1162 = LINE('',#1163,#1164);
#1163 = CARTESIAN_POINT('',(0.,-11.));
#1164 = VECTOR('',#1165,1.);
#1165 = DIRECTION('',(1.,0.));
#1166 = ( GEOMETRIC_REPRESENTATION_CONTEXT(2) 
PARAMETRIC_REPRESENTATION_CONTEXT() REPRESENTATION_CONTEXT('2D SPACE',''
  ) );
#1167 = PCURVE('',#1007,#1168);
#1168 = DEFINITIONAL_REPRESENTATION('',(#1169),#1173);
#1169 = LINE('',#1170,#1171);
#1170 = CARTESIAN_POINT('',(0.,2.8));
#1171 = VECTOR('',#1172,1.);
#1172 = DIRECTION('',(1.,0.));
#1173 = ( GEOMETRIC_REPRESENTATION_CONTEXT(2) 
PARAMETRIC_REPRESENTATION_CONTEXT() REPRESENTATION_CONTEXT('2D SPACE',''
  ) );
#1174 = ADVANCED_FACE('',(#1175),#497,.F.);
#1175 = FACE_BOUND('',#1176,.F.);
#1176 = EDGE_LOOP('',(#1177,#1200,#1201,#1224));
#1177 = ORIENTED_EDGE('',*,*,#1178,.F.);
#1178 = EDGE_CURVE('',#481,#1179,#1181,.T.);
#1179 = VERTEX_POINT('',#1180);
#1180 = CARTESIAN_POINT('',(-12.8,24.9,1.));
#1181 = SURFACE_CURVE('',#1182,(#1186,#1193),.PCURVE_S1.);
#1182 = LINE('',#1183,#1184);
#1183 = CARTESIAN_POINT('',(-12.8,13.9,1.));
#1184 = VECTOR('',#1185,1.);
#1185 = DIRECTION('',(0.,1.,0.));
#1186 = PCURVE('',#497,#1187);
#1187 = DEFINITIONAL_REPRESENTATION('',(#1188),#1192);
#1188 = LINE('',#1189,#1190);
#1189 = CARTESIAN_POINT('',(4.8,0.));
#1190 = VECTOR('',#1191,1.);
#1191 = DIRECTION('',(0.,-1.));
#1192 = ( GEOMETRIC_REPRESENTATION_CONTEXT(2) 
PARAMETRIC_REPRESENTATION_CONTEXT() REPRESENTATION_CONTEXT('2D SPACE',''
  ) );
#1193 = PCURVE('',#525,#1194);
#1194 = DEFINITIONAL_REPRESENTATION('',(#1195),#1199);
#1195 = LINE('',#1196,#1197);
#1196 = CARTESIAN_POINT('',(0.,0.));
#1197 = VECTOR('',#1198,1.);
#1198 = DIRECTION('',(0.,1.));
#1199 = ( GEOMETRIC_REPRESENTATION_CONTEXT(2) 
PARAMETRIC_REPRESENTATION_CONTEXT() REPRESENTATION_CONTEXT('2D SPACE',''
  ) );
#1200 = ORIENTED_EDGE('',*,*,#480,.T.);
#1201 = ORIENTED_EDGE('',*,*,#1202,.T.);
#1202 = EDGE_CURVE('',#483,#1203,#1205,.T.);
#1203 = VERTEX_POINT('',#1204);
#1204 = CARTESIAN_POINT('',(-12.8,24.9,-3.8));
#1205 = SURFACE_CURVE('',#1206,(#1210,#1217),.PCURVE_S1.);
#1206 = LINE('',#1207,#1208);
#1207 = CARTESIAN_POINT('',(-12.8,13.9,-3.8));
#1208 = VECTOR('',#1209,1.);
#1209 = DIRECTION('',(0.,1.,0.));
#1210 = PCURVE('',#497,#1211);
#1211 = DEFINITIONAL_REPRESENTATION('',(#1212),#1216);
#1212 = LINE('',#1213,#1214);
#1213 = CARTESIAN_POINT('',(0.,0.));
#1214 = VECTOR('',#1215,1.);
#1215 = DIRECTION('',(0.,-1.));
#1216 = ( GEOMETRIC_REPRESENTATION_CONTEXT(2) 
PARAMETRIC_REPRESENTATION_CONTEXT() REPRESENTATION_CONTEXT('2D SPACE',''
  ) );
#1217 = PCURVE('',#582,#1218);
#1218 = DEFINITIONAL_REPRESENTATION('',(#1219),#1223);
#1219 = LINE('',#1220,#1221);
#1220 = CARTESIAN_POINT('',(0.,0.));
#1221 = VECTOR('',#1222,1.);
#1222 = DIRECTION('',(0.,1.));
#1223 = ( GEOMETRIC_REPRESENTATION_CONTEXT(2) 
PARAMETRIC_REPRESENTATION_CONTEXT() REPRESENTATION_CONTEXT('2D SPACE',''
  ) );
#1224 = ORIENTED_EDGE('',*,*,#1225,.T.);
#1225 = EDGE_CURVE('',#1203,#1179,#1226,.T.);
#1226 = SURFACE_CURVE('',#1227,(#1231,#1238),.PCURVE_S1.);
#1227 = LINE('',#1228,#1229);
#1228 = CARTESIAN_POINT('',(-12.8,24.9,-3.8));
#1229 = VECTOR('',#1230,1.);
#1230 = DIRECTION('',(0.,0.,1.));
#1231 = PCURVE('',#497,#1232);
#1232 = DEFINITIONAL_REPRESENTATION('',(#1233),#1237);
#1233 = LINE('',#1234,#1235);
#1234 = CARTESIAN_POINT('',(0.,-11.));
#1235 = VECTOR('',#1236,1.);
#1236 = DIRECTION('',(1.,0.));
#1237 = ( GEOMETRIC_REPRESENTATION_CONTEXT(2) 
PARAMETRIC_REPRESENTATION_CONTEXT() REPRESENTATION_CONTEXT('2D SPACE',''
  ) );
#1238 = PCURVE('',#1239,#1244);
#1239 = PLANE('',#1240);
#1240 = AXIS2_PLACEMENT_3D('',#1241,#1242,#1243);
#1241 = CARTESIAN_POINT('',(-12.8,24.9,-3.8));
#1242 = DIRECTION('',(0.,1.,0.));
#1243 = DIRECTION('',(0.,0.,1.));
#1244 = DEFINITIONAL_REPRESENTATION('',(#1245),#1249);
#1245 = LINE('',#1246,#1247);
#1246 = CARTESIAN_POINT('',(0.,0.));
#1247 = VECTOR('',#1248,1.);
#1248 = DIRECTION('',(1.,0.));
#1249 = ( GEOMETRIC_REPRESENTATION_CONTEXT(2) 
PARAMETRIC_REPRESENTATION_CONTEXT() REPRESENTATION_CONTEXT('2D SPACE',''
  ) );
#1250 = ADVANCED_FACE('',(#1251),#525,.T.);
#1251 = FACE_BOUND('',#1252,.T.);
#1252 = EDGE_LOOP('',(#1253,#1254,#1255,#1278));
#1253 = ORIENTED_EDGE('',*,*,#1178,.F.);
#1254 = ORIENTED_EDGE('',*,*,#508,.T.);
#1255 = ORIENTED_EDGE('',*,*,#1256,.T.);
#1256 = EDGE_CURVE('',#509,#1257,#1259,.T.);
#1257 = VERTEX_POINT('',#1258);
#1258 = CARTESIAN_POINT('',(-10.,24.9,1.));
#1259 = SURFACE_CURVE('',#1260,(#1264,#1271),.PCURVE_S1.);
#1260 = LINE('',#1261,#1262);
#1261 = CARTESIAN_POINT('',(-10.,13.9,1.));
#1262 = VECTOR('',#1263,1.);
#1263 = DIRECTION('',(0.,1.,0.));
#1264 = PCURVE('',#525,#1265);
#1265 = DEFINITIONAL_REPRESENTATION('',(#1266),#1270);
#1266 = LINE('',#1267,#1268);
#1267 = CARTESIAN_POINT('',(2.8,0.));
#1268 = VECTOR('',#1269,1.);
#1269 = DIRECTION('',(0.,1.));
#1270 = ( GEOMETRIC_REPRESENTATION_CONTEXT(2) 
PARAMETRIC_REPRESENTATION_CONTEXT() REPRESENTATION_CONTEXT('2D SPACE',''
  ) );
#1271 = PCURVE('',#556,#1272);
#1272 = DEFINITIONAL_REPRESENTATION('',(#1273),#1277);
#1273 = LINE('',#1274,#1275);
#1274 = CARTESIAN_POINT('',(4.8,0.));
#1275 = VECTOR('',#1276,1.);
#1276 = DIRECTION('',(0.,-1.));
#1277 = ( GEOMETRIC_REPRESENTATION_CONTEXT(2) 
PARAMETRIC_REPRESENTATION_CONTEXT() REPRESENTATION_CONTEXT('2D SPACE',''
  ) );
#1278 = ORIENTED_EDGE('',*,*,#1279,.F.);
#1279 = EDGE_CURVE('',#1179,#1257,#1280,.T.);
#1280 = SURFACE_CURVE('',#1281,(#1285,#1292),.PCURVE_S1.);
#1281 = LINE('',#1282,#1283);
#1282 = CARTESIAN_POINT('',(-12.8,24.9,1.));
#1283 = VECTOR('',#1284,1.);
#1284 = DIRECTION('',(1.,0.,0.));
#1285 = PCURVE('',#525,#1286);
#1286 = DEFINITIONAL_REPRESENTATION('',(#1287),#1291);
#1287 = LINE('',#1288,#1289);
#1288 = CARTESIAN_POINT('',(0.,11.));
#1289 = VECTOR('',#1290,1.);
#1290 = DIRECTION('',(1.,0.));
#1291 = ( GEOMETRIC_REPRESENTATION_CONTEXT(2) 
PARAMETRIC_REPRESENTATION_CONTEXT() REPRESENTATION_CONTEXT('2D SPACE',''
  ) );
#1292 = PCURVE('',#1239,#1293);
#1293 = DEFINITIONAL_REPRESENTATION('',(#1294),#1298);
#1294 = LINE('',#1295,#1296);
#1295 = CARTESIAN_POINT('',(4.8,0.));
#1296 = VECTOR('',#1297,1.);
#1297 = DIRECTION('',(0.,1.));
#1298 = ( GEOMETRIC_REPRESENTATION_CONTEXT(2) 
PARAMETRIC_REPRESENTATION_CONTEXT() REPRESENTATION_CONTEXT('2D SPACE',''
  ) );
#1299 = ADVANCED_FACE('',(#1300),#582,.F.);
#1300 = FACE_BOUND('',#1301,.F.);
#1301 = EDGE_LOOP('',(#1302,#1303,#1304,#1327));
#1302 = ORIENTED_EDGE('',*,*,#1202,.F.);
#1303 = ORIENTED_EDGE('',*,*,#567,.T.);
#1304 = ORIENTED_EDGE('',*,*,#1305,.T.);
#1305 = EDGE_CURVE('',#542,#1306,#1308,.T.);
#1306 = VERTEX_POINT('',#1307);
#1307 = CARTESIAN_POINT('',(-10.,24.9,-3.8));
#1308 = SURFACE_CURVE('',#1309,(#1313,#1320),.PCURVE_S1.);
#1309 = LINE('',#1310,#1311);
#1310 = CARTESIAN_POINT('',(-10.,13.9,-3.8));
#1311 = VECTOR('',#1312,1.);
#1312 = DIRECTION('',(0.,1.,0.));
#1313 = PCURVE('',#582,#1314);
#1314 = DEFINITIONAL_REPRESENTATION('',(#1315),#1319);
#1315 = LINE('',#1316,#1317);
#1316 = CARTESIAN_POINT('',(2.8,0.));
#1317 = VECTOR('',#1318,1.);
#1318 = DIRECTION('',(0.,1.));
#1319 = ( GEOMETRIC_REPRESENTATION_CONTEXT(2) 
PARAMETRIC_REPRESENTATION_CONTEXT() REPRESENTATION_CONTEXT('2D SPACE',''
  ) );
#1320 = PCURVE('',#556,#1321);
#1321 = DEFINITIONAL_REPRESENTATION('',(#1322),#1326);
#1322 = LINE('',#1323,#1324);
#1323 = CARTESIAN_POINT('',(0.,0.));
#1324 = VECTOR('',#1325,1.);
#1325 = DIRECTION('',(0.,-1.));
#1326 = ( GEOMETRIC_REPRESENTATION_CONTEXT(2) 
PARAMETRIC_REPRESENTATION_CONTEXT() REPRESENTATION_CONTEXT('2D SPACE',''
  ) );
#1327 = ORIENTED_EDGE('',*,*,#1328,.F.);
#1328 = EDGE_CURVE('',#1203,#1306,#1329,.T.);
#1329 = SURFACE_CURVE('',#1330,(#1334,#1341),.PCURVE_S1.);
#1330 = LINE('',#1331,#1332);
#1331 = CARTESIAN_POINT('',(-12.8,24.9,-3.8));
#1332 = VECTOR('',#1333,1.);
#1333 = DIRECTION('',(1.,0.,0.));
#1334 = PCURVE('',#582,#1335);
#1335 = DEFINITIONAL_REPRESENTATION('',(#1336),#1340);
#1336 = LINE('',#1337,#1338);
#1337 = CARTESIAN_POINT('',(0.,11.));
#1338 = VECTOR('',#1339,1.);
#1339 = DIRECTION('',(1.,0.));
#1340 = ( GEOMETRIC_REPRESENTATION_CONTEXT(2) 
PARAMETRIC_REPRESENTATION_CONTEXT() REPRESENTATION_CONTEXT('2D SPACE',''
  ) );
#1341 = PCURVE('',#1239,#1342);
#1342 = DEFINITIONAL_REPRESENTATION('',(#1343),#1347);
#1343 = LINE('',#1344,#1345);
#1344 = CARTESIAN_POINT('',(0.,0.));
#1345 = VECTOR('',#1346,1.);
#1346 = DIRECTION('',(0.,1.));
#1347 = ( GEOMETRIC_REPRESENTATION_CONTEXT(2) 
PARAMETRIC_REPRESENTATION_CONTEXT() REPRESENTATION_CONTEXT('2D SPACE',''
  ) );
#1348 = ADVANCED_FACE('',(#1349,#1375),#556,.T.);
#1349 = FACE_BOUND('',#1350,.T.);
#1350 = EDGE_LOOP('',(#1351,#1352,#1353,#1354));
#1351 = ORIENTED_EDGE('',*,*,#1256,.F.);
#1352 = ORIENTED_EDGE('',*,*,#541,.T.);
#1353 = ORIENTED_EDGE('',*,*,#1305,.T.);
#1354 = ORIENTED_EDGE('',*,*,#1355,.T.);
#1355 = EDGE_CURVE('',#1306,#1257,#1356,.T.);
#1356 = SURFACE_CURVE('',#1357,(#1361,#1368),.PCURVE_S1.);
#1357 = LINE('',#1358,#1359);
#1358 = CARTESIAN_POINT('',(-10.,24.9,-3.8));
#1359 = VECTOR('',#1360,1.);
#1360 = DIRECTION('',(0.,0.,1.));
#1361 = PCURVE('',#556,#1362);
#1362 = DEFINITIONAL_REPRESENTATION('',(#1363),#1367);
#1363 = LINE('',#1364,#1365);
#1364 = CARTESIAN_POINT('',(0.,-11.));
#1365 = VECTOR('',#1366,1.);
#1366 = DIRECTION('',(1.,0.));
#1367 = ( GEOMETRIC_REPRESENTATION_CONTEXT(2) 
PARAMETRIC_REPRESENTATION_CONTEXT() REPRESENTATION_CONTEXT('2D SPACE',''
  ) );
#1368 = PCURVE('',#1239,#1369);
#1369 = DEFINITIONAL_REPRESENTATION('',(#1370),#1374);
#1370 = LINE('',#1371,#1372);
#1371 = CARTESIAN_POINT('',(0.,2.8));
#1372 = VECTOR('',#1373,1.);
#1373 = DIRECTION('',(1.,0.));
#1374 = ( GEOMETRIC_REPRESENTATION_CONTEXT(2) 
PARAMETRIC_REPRESENTATION_CONTEXT() REPRESENTATION_CONTEXT('2D SPACE',''
  ) );
#1375 = FACE_BOUND('',#1376,.T.);
#1376 = EDGE_LOOP('',(#1377));
#1377 = ORIENTED_EDGE('',*,*,#1378,.F.);
#1378 = EDGE_CURVE('',#1379,#1379,#1381,.T.);
#1379 = VERTEX_POINT('',#1380);
#1380 = CARTESIAN_POINT('',(-10.,23.5,-2.2));
#1381 = SURFACE_CURVE('',#1382,(#1387,#1394),.PCURVE_S1.);
#1382 = CIRCLE('',#1383,0.6);
#1383 = AXIS2_PLACEMENT_3D('',#1384,#1385,#1386);
#1384 = CARTESIAN_POINT('',(-10.,23.5,-1.6));
#1385 = DIRECTION('',(1.,-0.,0.));
#1386 = DIRECTION('',(0.,0.,-1.));
#1387 = PCURVE('',#556,#1388);
#1388 = DEFINITIONAL_REPRESENTATION('',(#1389),#1393);
#1389 = CIRCLE('',#1390,0.6);
#1390 = AXIS2_PLACEMENT_2D('',#1391,#1392);
#1391 = CARTESIAN_POINT('',(2.2,-9.6));
#1392 = DIRECTION('',(-1.,0.));
#1393 = ( GEOMETRIC_REPRESENTATION_CONTEXT(2) 
PARAMETRIC_REPRESENTATION_CONTEXT() REPRESENTATION_CONTEXT('2D SPACE',''
  ) );
#1394 = PCURVE('',#1395,#1400);
#1395 = CYLINDRICAL_SURFACE('',#1396,0.6);
#1396 = AXIS2_PLACEMENT_3D('',#1397,#1398,#1399);
#1397 = CARTESIAN_POINT('',(-11.5,23.5,-1.6));
#1398 = DIRECTION('',(1.,0.,0.));
#1399 = DIRECTION('',(0.,0.,-1.));
#1400 = DEFINITIONAL_REPRESENTATION('',(#1401),#1405);
#1401 = LINE('',#1402,#1403);
#1402 = CARTESIAN_POINT('',(0.,1.5));
#1403 = VECTOR('',#1404,1.);
#1404 = DIRECTION('',(1.,0.));
#1405 = ( GEOMETRIC_REPRESENTATION_CONTEXT(2) 
PARAMETRIC_REPRESENTATION_CONTEXT() REPRESENTATION_CONTEXT('2D SPACE',''
  ) );
#1406 = ADVANCED_FACE('',(#1407),#619,.T.);
#1407 = FACE_BOUND('',#1408,.T.);
#1408 = EDGE_LOOP('',(#1409,#1432,#1460,#1481));
#1409 = ORIENTED_EDGE('',*,*,#1410,.F.);
#1410 = EDGE_CURVE('',#1411,#603,#1413,.T.);
#1411 = VERTEX_POINT('',#1412);
#1412 = CARTESIAN_POINT('',(-12.8,-24.9,1.));
#1413 = SURFACE_CURVE('',#1414,(#1418,#1425),.PCURVE_S1.);
#1414 = LINE('',#1415,#1416);
#1415 = CARTESIAN_POINT('',(-12.8,-24.9,1.));
#1416 = VECTOR('',#1417,1.);
#1417 = DIRECTION('',(0.,1.,0.));
#1418 = PCURVE('',#619,#1419);
#1419 = DEFINITIONAL_REPRESENTATION('',(#1420),#1424);
#1420 = LINE('',#1421,#1422);
#1421 = CARTESIAN_POINT('',(0.,0.));
#1422 = VECTOR('',#1423,1.);
#1423 = DIRECTION('',(0.,1.));
#1424 = ( GEOMETRIC_REPRESENTATION_CONTEXT(2) 
PARAMETRIC_REPRESENTATION_CONTEXT() REPRESENTATION_CONTEXT('2D SPACE',''
  ) );
#1425 = PCURVE('',#650,#1426);
#1426 = DEFINITIONAL_REPRESENTATION('',(#1427),#1431);
#1427 = LINE('',#1428,#1429);
#1428 = CARTESIAN_POINT('',(4.8,0.));
#1429 = VECTOR('',#1430,1.);
#1430 = DIRECTION('',(0.,-1.));
#1431 = ( GEOMETRIC_REPRESENTATION_CONTEXT(2) 
PARAMETRIC_REPRESENTATION_CONTEXT() REPRESENTATION_CONTEXT('2D SPACE',''
  ) );
#1432 = ORIENTED_EDGE('',*,*,#1433,.T.);
#1433 = EDGE_CURVE('',#1411,#1434,#1436,.T.);
#1434 = VERTEX_POINT('',#1435);
#1435 = CARTESIAN_POINT('',(-10.,-24.9,1.));
#1436 = SURFACE_CURVE('',#1437,(#1441,#1448),.PCURVE_S1.);
#1437 = LINE('',#1438,#1439);
#1438 = CARTESIAN_POINT('',(-12.8,-24.9,1.));
#1439 = VECTOR('',#1440,1.);
#1440 = DIRECTION('',(1.,0.,0.));
#1441 = PCURVE('',#619,#1442);
#1442 = DEFINITIONAL_REPRESENTATION('',(#1443),#1447);
#1443 = LINE('',#1444,#1445);
#1444 = CARTESIAN_POINT('',(0.,0.));
#1445 = VECTOR('',#1446,1.);
#1446 = DIRECTION('',(1.,0.));
#1447 = ( GEOMETRIC_REPRESENTATION_CONTEXT(2) 
PARAMETRIC_REPRESENTATION_CONTEXT() REPRESENTATION_CONTEXT('2D SPACE',''
  ) );
#1448 = PCURVE('',#1449,#1454);
#1449 = PLANE('',#1450);
#1450 = AXIS2_PLACEMENT_3D('',#1451,#1452,#1453);
#1451 = CARTESIAN_POINT('',(-12.8,-24.9,-3.8));
#1452 = DIRECTION('',(0.,1.,0.));
#1453 = DIRECTION('',(0.,0.,1.));
#1454 = DEFINITIONAL_REPRESENTATION('',(#1455),#1459);
#1455 = LINE('',#1456,#1457);
#1456 = CARTESIAN_POINT('',(4.8,0.));
#1457 = VECTOR('',#1458,1.);
#1458 = DIRECTION('',(0.,1.));
#1459 = ( GEOMETRIC_REPRESENTATION_CONTEXT(2) 
PARAMETRIC_REPRESENTATION_CONTEXT() REPRESENTATION_CONTEXT('2D SPACE',''
  ) );
#1460 = ORIENTED_EDGE('',*,*,#1461,.T.);
#1461 = EDGE_CURVE('',#1434,#601,#1462,.T.);
#1462 = SURFACE_CURVE('',#1463,(#1467,#1474),.PCURVE_S1.);
#1463 = LINE('',#1464,#1465);
#1464 = CARTESIAN_POINT('',(-10.,-24.9,1.));
#1465 = VECTOR('',#1466,1.);
#1466 = DIRECTION('',(0.,1.,0.));
#1467 = PCURVE('',#619,#1468);
#1468 = DEFINITIONAL_REPRESENTATION('',(#1469),#1473);
#1469 = LINE('',#1470,#1471);
#1470 = CARTESIAN_POINT('',(2.8,0.));
#1471 = VECTOR('',#1472,1.);
#1472 = DIRECTION('',(0.,1.));
#1473 = ( GEOMETRIC_REPRESENTATION_CONTEXT(2) 
PARAMETRIC_REPRESENTATION_CONTEXT() REPRESENTATION_CONTEXT('2D SPACE',''
  ) );
#1474 = PCURVE('',#707,#1475);
#1475 = DEFINITIONAL_REPRESENTATION('',(#1476),#1480);
#1476 = LINE('',#1477,#1478);
#1477 = CARTESIAN_POINT('',(4.8,0.));
#1478 = VECTOR('',#1479,1.);
#1479 = DIRECTION('',(0.,-1.));
#1480 = ( GEOMETRIC_REPRESENTATION_CONTEXT(2) 
PARAMETRIC_REPRESENTATION_CONTEXT() REPRESENTATION_CONTEXT('2D SPACE',''
  ) );
#1481 = ORIENTED_EDGE('',*,*,#600,.T.);
#1482 = ADVANCED_FACE('',(#1483,#1531),#707,.T.);
#1483 = FACE_BOUND('',#1484,.T.);
#1484 = EDGE_LOOP('',(#1485,#1486,#1509,#1530));
#1485 = ORIENTED_EDGE('',*,*,#1461,.F.);
#1486 = ORIENTED_EDGE('',*,*,#1487,.F.);
#1487 = EDGE_CURVE('',#1488,#1434,#1490,.T.);
#1488 = VERTEX_POINT('',#1489);
#1489 = CARTESIAN_POINT('',(-10.,-24.9,-3.8));
#1490 = SURFACE_CURVE('',#1491,(#1495,#1502),.PCURVE_S1.);
#1491 = LINE('',#1492,#1493);
#1492 = CARTESIAN_POINT('',(-10.,-24.9,-3.8));
#1493 = VECTOR('',#1494,1.);
#1494 = DIRECTION('',(0.,0.,1.));
#1495 = PCURVE('',#707,#1496);
#1496 = DEFINITIONAL_REPRESENTATION('',(#1497),#1501);
#1497 = LINE('',#1498,#1499);
#1498 = CARTESIAN_POINT('',(0.,0.));
#1499 = VECTOR('',#1500,1.);
#1500 = DIRECTION('',(1.,0.));
#1501 = ( GEOMETRIC_REPRESENTATION_CONTEXT(2) 
PARAMETRIC_REPRESENTATION_CONTEXT() REPRESENTATION_CONTEXT('2D SPACE',''
  ) );
#1502 = PCURVE('',#1449,#1503);
#1503 = DEFINITIONAL_REPRESENTATION('',(#1504),#1508);
#1504 = LINE('',#1505,#1506);
#1505 = CARTESIAN_POINT('',(0.,2.8));
#1506 = VECTOR('',#1507,1.);
#1507 = DIRECTION('',(1.,0.));
#1508 = ( GEOMETRIC_REPRESENTATION_CONTEXT(2) 
PARAMETRIC_REPRESENTATION_CONTEXT() REPRESENTATION_CONTEXT('2D SPACE',''
  ) );
#1509 = ORIENTED_EDGE('',*,*,#1510,.T.);
#1510 = EDGE_CURVE('',#1488,#662,#1511,.T.);
#1511 = SURFACE_CURVE('',#1512,(#1516,#1523),.PCURVE_S1.);
#1512 = LINE('',#1513,#1514);
#1513 = CARTESIAN_POINT('',(-10.,-24.9,-3.8));
#1514 = VECTOR('',#1515,1.);
#1515 = DIRECTION('',(0.,1.,0.));
#1516 = PCURVE('',#707,#1517);
#1517 = DEFINITIONAL_REPRESENTATION('',(#1518),#1522);
#1518 = LINE('',#1519,#1520);
#1519 = CARTESIAN_POINT('',(0.,0.));
#1520 = VECTOR('',#1521,1.);
#1521 = DIRECTION('',(0.,-1.));
#1522 = ( GEOMETRIC_REPRESENTATION_CONTEXT(2) 
PARAMETRIC_REPRESENTATION_CONTEXT() REPRESENTATION_CONTEXT('2D SPACE',''
  ) );
#1523 = PCURVE('',#678,#1524);
#1524 = DEFINITIONAL_REPRESENTATION('',(#1525),#1529);
#1525 = LINE('',#1526,#1527);
#1526 = CARTESIAN_POINT('',(2.8,0.));
#1527 = VECTOR('',#1528,1.);
#1528 = DIRECTION('',(0.,1.));
#1529 = ( GEOMETRIC_REPRESENTATION_CONTEXT(2) 
PARAMETRIC_REPRESENTATION_CONTEXT() REPRESENTATION_CONTEXT('2D SPACE',''
  ) );
#1530 = ORIENTED_EDGE('',*,*,#694,.F.);
#1531 = FACE_BOUND('',#1532,.T.);
#1532 = EDGE_LOOP('',(#1533));
#1533 = ORIENTED_EDGE('',*,*,#1534,.F.);
#1534 = EDGE_CURVE('',#1535,#1535,#1537,.T.);
#1535 = VERTEX_POINT('',#1536);
#1536 = CARTESIAN_POINT('',(-10.,-23.5,-2.2));
#1537 = SURFACE_CURVE('',#1538,(#1543,#1550),.PCURVE_S1.);
#1538 = CIRCLE('',#1539,0.6);
#1539 = AXIS2_PLACEMENT_3D('',#1540,#1541,#1542);
#1540 = CARTESIAN_POINT('',(-10.,-23.5,-1.6));
#1541 = DIRECTION('',(1.,-0.,0.));
#1542 = DIRECTION('',(0.,0.,-1.));
#1543 = PCURVE('',#707,#1544);
#1544 = DEFINITIONAL_REPRESENTATION('',(#1545),#1549);
#1545 = CIRCLE('',#1546,0.6);
#1546 = AXIS2_PLACEMENT_2D('',#1547,#1548);
#1547 = CARTESIAN_POINT('',(2.2,-1.4));
#1548 = DIRECTION('',(-1.,0.));
#1549 = ( GEOMETRIC_REPRESENTATION_CONTEXT(2) 
PARAMETRIC_REPRESENTATION_CONTEXT() REPRESENTATION_CONTEXT('2D SPACE',''
  ) );
#1550 = PCURVE('',#1551,#1556);
#1551 = CYLINDRICAL_SURFACE('',#1552,0.6);
#1552 = AXIS2_PLACEMENT_3D('',#1553,#1554,#1555);
#1553 = CARTESIAN_POINT('',(-11.5,-23.5,-1.6));
#1554 = DIRECTION('',(1.,0.,0.));
#1555 = DIRECTION('',(0.,0.,-1.));
#1556 = DEFINITIONAL_REPRESENTATION('',(#1557),#1561);
#1557 = LINE('',#1558,#1559);
#1558 = CARTESIAN_POINT('',(0.,1.5));
#1559 = VECTOR('',#1560,1.);
#1560 = DIRECTION('',(1.,0.));
#1561 = ( GEOMETRIC_REPRESENTATION_CONTEXT(2) 
PARAMETRIC_REPRESENTATION_CONTEXT() REPRESENTATION_CONTEXT('2D SPACE',''
  ) );
#1562 = ADVANCED_FACE('',(#1563),#650,.F.);
#1563 = FACE_BOUND('',#1564,.F.);
#1564 = EDGE_LOOP('',(#1565,#1566,#1589,#1610));
#1565 = ORIENTED_EDGE('',*,*,#1410,.F.);
#1566 = ORIENTED_EDGE('',*,*,#1567,.F.);
#1567 = EDGE_CURVE('',#1568,#1411,#1570,.T.);
#1568 = VERTEX_POINT('',#1569);
#1569 = CARTESIAN_POINT('',(-12.8,-24.9,-3.8));
#1570 = SURFACE_CURVE('',#1571,(#1575,#1582),.PCURVE_S1.);
#1571 = LINE('',#1572,#1573);
#1572 = CARTESIAN_POINT('',(-12.8,-24.9,-3.8));
#1573 = VECTOR('',#1574,1.);
#1574 = DIRECTION('',(0.,0.,1.));
#1575 = PCURVE('',#650,#1576);
#1576 = DEFINITIONAL_REPRESENTATION('',(#1577),#1581);
#1577 = LINE('',#1578,#1579);
#1578 = CARTESIAN_POINT('',(0.,0.));
#1579 = VECTOR('',#1580,1.);
#1580 = DIRECTION('',(1.,0.));
#1581 = ( GEOMETRIC_REPRESENTATION_CONTEXT(2) 
PARAMETRIC_REPRESENTATION_CONTEXT() REPRESENTATION_CONTEXT('2D SPACE',''
  ) );
#1582 = PCURVE('',#1449,#1583);
#1583 = DEFINITIONAL_REPRESENTATION('',(#1584),#1588);
#1584 = LINE('',#1585,#1586);
#1585 = CARTESIAN_POINT('',(0.,0.));
#1586 = VECTOR('',#1587,1.);
#1587 = DIRECTION('',(1.,0.));
#1588 = ( GEOMETRIC_REPRESENTATION_CONTEXT(2) 
PARAMETRIC_REPRESENTATION_CONTEXT() REPRESENTATION_CONTEXT('2D SPACE',''
  ) );
#1589 = ORIENTED_EDGE('',*,*,#1590,.T.);
#1590 = EDGE_CURVE('',#1568,#636,#1591,.T.);
#1591 = SURFACE_CURVE('',#1592,(#1596,#1603),.PCURVE_S1.);
#1592 = LINE('',#1593,#1594);
#1593 = CARTESIAN_POINT('',(-12.8,-24.9,-3.8));
#1594 = VECTOR('',#1595,1.);
#1595 = DIRECTION('',(0.,1.,0.));
#1596 = PCURVE('',#650,#1597);
#1597 = DEFINITIONAL_REPRESENTATION('',(#1598),#1602);
#1598 = LINE('',#1599,#1600);
#1599 = CARTESIAN_POINT('',(0.,0.));
#1600 = VECTOR('',#1601,1.);
#1601 = DIRECTION('',(0.,-1.));
#1602 = ( GEOMETRIC_REPRESENTATION_CONTEXT(2) 
PARAMETRIC_REPRESENTATION_CONTEXT() REPRESENTATION_CONTEXT('2D SPACE',''
  ) );
#1603 = PCURVE('',#678,#1604);
#1604 = DEFINITIONAL_REPRESENTATION('',(#1605),#1609);
#1605 = LINE('',#1606,#1607);
#1606 = CARTESIAN_POINT('',(0.,0.));
#1607 = VECTOR('',#1608,1.);
#1608 = DIRECTION('',(0.,1.));
#1609 = ( GEOMETRIC_REPRESENTATION_CONTEXT(2) 
PARAMETRIC_REPRESENTATION_CONTEXT() REPRESENTATION_CONTEXT('2D SPACE',''
  ) );
#1610 = ORIENTED_EDGE('',*,*,#635,.F.);
#1611 = ADVANCED_FACE('',(#1612),#678,.F.);
#1612 = FACE_BOUND('',#1613,.F.);
#1613 = EDGE_LOOP('',(#1614,#1615,#1636,#1637));
#1614 = ORIENTED_EDGE('',*,*,#1590,.F.);
#1615 = ORIENTED_EDGE('',*,*,#1616,.T.);
#1616 = EDGE_CURVE('',#1568,#1488,#1617,.T.);
#1617 = SURFACE_CURVE('',#1618,(#1622,#1629),.PCURVE_S1.);
#1618 = LINE('',#1619,#1620);
#1619 = CARTESIAN_POINT('',(-12.8,-24.9,-3.8));
#1620 = VECTOR('',#1621,1.);
#1621 = DIRECTION('',(1.,0.,0.));
#1622 = PCURVE('',#678,#1623);
#1623 = DEFINITIONAL_REPRESENTATION('',(#1624),#1628);
#1624 = LINE('',#1625,#1626);
#1625 = CARTESIAN_POINT('',(0.,0.));
#1626 = VECTOR('',#1627,1.);
#1627 = DIRECTION('',(1.,0.));
#1628 = ( GEOMETRIC_REPRESENTATION_CONTEXT(2) 
PARAMETRIC_REPRESENTATION_CONTEXT() REPRESENTATION_CONTEXT('2D SPACE',''
  ) );
#1629 = PCURVE('',#1449,#1630);
#1630 = DEFINITIONAL_REPRESENTATION('',(#1631),#1635);
#1631 = LINE('',#1632,#1633);
#1632 = CARTESIAN_POINT('',(0.,0.));
#1633 = VECTOR('',#1634,1.);
#1634 = DIRECTION('',(0.,1.));
#1635 = ( GEOMETRIC_REPRESENTATION_CONTEXT(2) 
PARAMETRIC_REPRESENTATION_CONTEXT() REPRESENTATION_CONTEXT('2D SPACE',''
  ) );
#1636 = ORIENTED_EDGE('',*,*,#1510,.T.);
#1637 = ORIENTED_EDGE('',*,*,#661,.T.);
#1638 = ADVANCED_FACE('',(#1639),#739,.T.);
#1639 = FACE_BOUND('',#1640,.T.);
#1640 = EDGE_LOOP('',(#1641,#1664,#1692,#1713));
#1641 = ORIENTED_EDGE('',*,*,#1642,.F.);
#1642 = EDGE_CURVE('',#1643,#723,#1645,.T.);
#1643 = VERTEX_POINT('',#1644);
#1644 = CARTESIAN_POINT('',(10.,-24.9,1.));
#1645 = SURFACE_CURVE('',#1646,(#1650,#1657),.PCURVE_S1.);
#1646 = LINE('',#1647,#1648);
#1647 = CARTESIAN_POINT('',(10.,-24.9,1.));
#1648 = VECTOR('',#1649,1.);
#1649 = DIRECTION('',(0.,1.,0.));
#1650 = PCURVE('',#739,#1651);
#1651 = DEFINITIONAL_REPRESENTATION('',(#1652),#1656);
#1652 = LINE('',#1653,#1654);
#1653 = CARTESIAN_POINT('',(0.,0.));
#1654 = VECTOR('',#1655,1.);
#1655 = DIRECTION('',(0.,1.));
#1656 = ( GEOMETRIC_REPRESENTATION_CONTEXT(2) 
PARAMETRIC_REPRESENTATION_CONTEXT() REPRESENTATION_CONTEXT('2D SPACE',''
  ) );
#1657 = PCURVE('',#770,#1658);
#1658 = DEFINITIONAL_REPRESENTATION('',(#1659),#1663);
#1659 = LINE('',#1660,#1661);
#1660 = CARTESIAN_POINT('',(4.8,0.));
#1661 = VECTOR('',#1662,1.);
#1662 = DIRECTION('',(0.,-1.));
#1663 = ( GEOMETRIC_REPRESENTATION_CONTEXT(2) 
PARAMETRIC_REPRESENTATION_CONTEXT() REPRESENTATION_CONTEXT('2D SPACE',''
  ) );
#1664 = ORIENTED_EDGE('',*,*,#1665,.T.);
#1665 = EDGE_CURVE('',#1643,#1666,#1668,.T.);
#1666 = VERTEX_POINT('',#1667);
#1667 = CARTESIAN_POINT('',(12.8,-24.9,1.));
#1668 = SURFACE_CURVE('',#1669,(#1673,#1680),.PCURVE_S1.);
#1669 = LINE('',#1670,#1671);
#1670 = CARTESIAN_POINT('',(10.,-24.9,1.));
#1671 = VECTOR('',#1672,1.);
#1672 = DIRECTION('',(1.,0.,0.));
#1673 = PCURVE('',#739,#1674);
#1674 = DEFINITIONAL_REPRESENTATION('',(#1675),#1679);
#1675 = LINE('',#1676,#1677);
#1676 = CARTESIAN_POINT('',(0.,0.));
#1677 = VECTOR('',#1678,1.);
#1678 = DIRECTION('',(1.,0.));
#1679 = ( GEOMETRIC_REPRESENTATION_CONTEXT(2) 
PARAMETRIC_REPRESENTATION_CONTEXT() REPRESENTATION_CONTEXT('2D SPACE',''
  ) );
#1680 = PCURVE('',#1681,#1686);
#1681 = PLANE('',#1682);
#1682 = AXIS2_PLACEMENT_3D('',#1683,#1684,#1685);
#1683 = CARTESIAN_POINT('',(10.,-24.9,-3.8));
#1684 = DIRECTION('',(0.,1.,0.));
#1685 = DIRECTION('',(0.,0.,1.));
#1686 = DEFINITIONAL_REPRESENTATION('',(#1687),#1691);
#1687 = LINE('',#1688,#1689);
#1688 = CARTESIAN_POINT('',(4.8,0.));
#1689 = VECTOR('',#1690,1.);
#1690 = DIRECTION('',(0.,1.));
#1691 = ( GEOMETRIC_REPRESENTATION_CONTEXT(2) 
PARAMETRIC_REPRESENTATION_CONTEXT() REPRESENTATION_CONTEXT('2D SPACE',''
  ) );
#1692 = ORIENTED_EDGE('',*,*,#1693,.T.);
#1693 = EDGE_CURVE('',#1666,#721,#1694,.T.);
#1694 = SURFACE_CURVE('',#1695,(#1699,#1706),.PCURVE_S1.);
#1695 = LINE('',#1696,#1697);
#1696 = CARTESIAN_POINT('',(12.8,-24.9,1.));
#1697 = VECTOR('',#1698,1.);
#1698 = DIRECTION('',(0.,1.,0.));
#1699 = PCURVE('',#739,#1700);
#1700 = DEFINITIONAL_REPRESENTATION('',(#1701),#1705);
#1701 = LINE('',#1702,#1703);
#1702 = CARTESIAN_POINT('',(2.8,0.));
#1703 = VECTOR('',#1704,1.);
#1704 = DIRECTION('',(0.,1.));
#1705 = ( GEOMETRIC_REPRESENTATION_CONTEXT(2) 
PARAMETRIC_REPRESENTATION_CONTEXT() REPRESENTATION_CONTEXT('2D SPACE',''
  ) );
#1706 = PCURVE('',#827,#1707);
#1707 = DEFINITIONAL_REPRESENTATION('',(#1708),#1712);
#1708 = LINE('',#1709,#1710);
#1709 = CARTESIAN_POINT('',(4.8,0.));
#1710 = VECTOR('',#1711,1.);
#1711 = DIRECTION('',(0.,-1.));
#1712 = ( GEOMETRIC_REPRESENTATION_CONTEXT(2) 
PARAMETRIC_REPRESENTATION_CONTEXT() REPRESENTATION_CONTEXT('2D SPACE',''
  ) );
#1713 = ORIENTED_EDGE('',*,*,#720,.T.);
#1714 = ADVANCED_FACE('',(#1715),#827,.T.);
#1715 = FACE_BOUND('',#1716,.T.);
#1716 = EDGE_LOOP('',(#1717,#1718,#1741,#1762));
#1717 = ORIENTED_EDGE('',*,*,#1693,.F.);
#1718 = ORIENTED_EDGE('',*,*,#1719,.F.);
#1719 = EDGE_CURVE('',#1720,#1666,#1722,.T.);
#1720 = VERTEX_POINT('',#1721);
#1721 = CARTESIAN_POINT('',(12.8,-24.9,-3.8));
#1722 = SURFACE_CURVE('',#1723,(#1727,#1734),.PCURVE_S1.);
#1723 = LINE('',#1724,#1725);
#1724 = CARTESIAN_POINT('',(12.8,-24.9,-3.8));
#1725 = VECTOR('',#1726,1.);
#1726 = DIRECTION('',(0.,0.,1.));
#1727 = PCURVE('',#827,#1728);
#1728 = DEFINITIONAL_REPRESENTATION('',(#1729),#1733);
#1729 = LINE('',#1730,#1731);
#1730 = CARTESIAN_POINT('',(0.,0.));
#1731 = VECTOR('',#1732,1.);
#1732 = DIRECTION('',(1.,0.));
#1733 = ( GEOMETRIC_REPRESENTATION_CONTEXT(2) 
PARAMETRIC_REPRESENTATION_CONTEXT() REPRESENTATION_CONTEXT('2D SPACE',''
  ) );
#1734 = PCURVE('',#1681,#1735);
#1735 = DEFINITIONAL_REPRESENTATION('',(#1736),#1740);
#1736 = LINE('',#1737,#1738);
#1737 = CARTESIAN_POINT('',(0.,2.8));
#1738 = VECTOR('',#1739,1.);
#1739 = DIRECTION('',(1.,0.));
#1740 = ( GEOMETRIC_REPRESENTATION_CONTEXT(2) 
PARAMETRIC_REPRESENTATION_CONTEXT() REPRESENTATION_CONTEXT('2D SPACE',''
  ) );
#1741 = ORIENTED_EDGE('',*,*,#1742,.T.);
#1742 = EDGE_CURVE('',#1720,#782,#1743,.T.);
#1743 = SURFACE_CURVE('',#1744,(#1748,#1755),.PCURVE_S1.);
#1744 = LINE('',#1745,#1746);
#1745 = CARTESIAN_POINT('',(12.8,-24.9,-3.8));
#1746 = VECTOR('',#1747,1.);
#1747 = DIRECTION('',(0.,1.,0.));
#1748 = PCURVE('',#827,#1749);
#1749 = DEFINITIONAL_REPRESENTATION('',(#1750),#1754);
#1750 = LINE('',#1751,#1752);
#1751 = CARTESIAN_POINT('',(0.,0.));
#1752 = VECTOR('',#1753,1.);
#1753 = DIRECTION('',(0.,-1.));
#1754 = ( GEOMETRIC_REPRESENTATION_CONTEXT(2) 
PARAMETRIC_REPRESENTATION_CONTEXT() REPRESENTATION_CONTEXT('2D SPACE',''
  ) );
#1755 = PCURVE('',#798,#1756);
#1756 = DEFINITIONAL_REPRESENTATION('',(#1757),#1761);
#1757 = LINE('',#1758,#1759);
#1758 = CARTESIAN_POINT('',(2.8,0.));
#1759 = VECTOR('',#1760,1.);
#1760 = DIRECTION('',(0.,1.));
#1761 = ( GEOMETRIC_REPRESENTATION_CONTEXT(2) 
PARAMETRIC_REPRESENTATION_CONTEXT() REPRESENTATION_CONTEXT('2D SPACE',''
  ) );
#1762 = ORIENTED_EDGE('',*,*,#814,.F.);
#1763 = ADVANCED_FACE('',(#1764,#1812),#770,.F.);
#1764 = FACE_BOUND('',#1765,.F.);
#1765 = EDGE_LOOP('',(#1766,#1767,#1790,#1811));
#1766 = ORIENTED_EDGE('',*,*,#1642,.F.);
#1767 = ORIENTED_EDGE('',*,*,#1768,.F.);
#1768 = EDGE_CURVE('',#1769,#1643,#1771,.T.);
#1769 = VERTEX_POINT('',#1770);
#1770 = CARTESIAN_POINT('',(10.,-24.9,-3.8));
#1771 = SURFACE_CURVE('',#1772,(#1776,#1783),.PCURVE_S1.);
#1772 = LINE('',#1773,#1774);
#1773 = CARTESIAN_POINT('',(10.,-24.9,-3.8));
#1774 = VECTOR('',#1775,1.);
#1775 = DIRECTION('',(0.,0.,1.));
#1776 = PCURVE('',#770,#1777);
#1777 = DEFINITIONAL_REPRESENTATION('',(#1778),#1782);
#1778 = LINE('',#1779,#1780);
#1779 = CARTESIAN_POINT('',(0.,0.));
#1780 = VECTOR('',#1781,1.);
#1781 = DIRECTION('',(1.,0.));
#1782 = ( GEOMETRIC_REPRESENTATION_CONTEXT(2) 
PARAMETRIC_REPRESENTATION_CONTEXT() REPRESENTATION_CONTEXT('2D SPACE',''
  ) );
#1783 = PCURVE('',#1681,#1784);
#1784 = DEFINITIONAL_REPRESENTATION('',(#1785),#1789);
#1785 = LINE('',#1786,#1787);
#1786 = CARTESIAN_POINT('',(0.,0.));
#1787 = VECTOR('',#1788,1.);
#1788 = DIRECTION('',(1.,0.));
#1789 = ( GEOMETRIC_REPRESENTATION_CONTEXT(2) 
PARAMETRIC_REPRESENTATION_CONTEXT() REPRESENTATION_CONTEXT('2D SPACE',''
  ) );
#1790 = ORIENTED_EDGE('',*,*,#1791,.T.);
#1791 = EDGE_CURVE('',#1769,#756,#1792,.T.);
#1792 = SURFACE_CURVE('',#1793,(#1797,#1804),.PCURVE_S1.);
#1793 = LINE('',#1794,#1795);
#1794 = CARTESIAN_POINT('',(10.,-24.9,-3.8));
#1795 = VECTOR('',#1796,1.);
#1796 = DIRECTION('',(0.,1.,0.));
#1797 = PCURVE('',#770,#1798);
#1798 = DEFINITIONAL_REPRESENTATION('',(#1799),#1803);
#1799 = LINE('',#1800,#1801);
#1800 = CARTESIAN_POINT('',(0.,0.));
#1801 = VECTOR('',#1802,1.);
#1802 = DIRECTION('',(0.,-1.));
#1803 = ( GEOMETRIC_REPRESENTATION_CONTEXT(2) 
PARAMETRIC_REPRESENTATION_CONTEXT() REPRESENTATION_CONTEXT('2D SPACE',''
  ) );
#1804 = PCURVE('',#798,#1805);
#1805 = DEFINITIONAL_REPRESENTATION('',(#1806),#1810);
#1806 = LINE('',#1807,#1808);
#1807 = CARTESIAN_POINT('',(0.,0.));
#1808 = VECTOR('',#1809,1.);
#1809 = DIRECTION('',(0.,1.));
#1810 = ( GEOMETRIC_REPRESENTATION_CONTEXT(2) 
PARAMETRIC_REPRESENTATION_CONTEXT() REPRESENTATION_CONTEXT('2D SPACE',''
  ) );
#1811 = ORIENTED_EDGE('',*,*,#755,.F.);
#1812 = FACE_BOUND('',#1813,.F.);
#1813 = EDGE_LOOP('',(#1814));
#1814 = ORIENTED_EDGE('',*,*,#1815,.F.);
#1815 = EDGE_CURVE('',#1816,#1816,#1818,.T.);
#1816 = VERTEX_POINT('',#1817);
#1817 = CARTESIAN_POINT('',(10.,-23.5,-2.2));
#1818 = SURFACE_CURVE('',#1819,(#1824,#1831),.PCURVE_S1.);
#1819 = CIRCLE('',#1820,0.6);
#1820 = AXIS2_PLACEMENT_3D('',#1821,#1822,#1823);
#1821 = CARTESIAN_POINT('',(10.,-23.5,-1.6));
#1822 = DIRECTION('',(1.,-0.,0.));
#1823 = DIRECTION('',(0.,0.,-1.));
#1824 = PCURVE('',#770,#1825);
#1825 = DEFINITIONAL_REPRESENTATION('',(#1826),#1830);
#1826 = CIRCLE('',#1827,0.6);
#1827 = AXIS2_PLACEMENT_2D('',#1828,#1829);
#1828 = CARTESIAN_POINT('',(2.2,-1.4));
#1829 = DIRECTION('',(-1.,0.));
#1830 = ( GEOMETRIC_REPRESENTATION_CONTEXT(2) 
PARAMETRIC_REPRESENTATION_CONTEXT() REPRESENTATION_CONTEXT('2D SPACE',''
  ) );
#1831 = PCURVE('',#1832,#1837);
#1832 = CYLINDRICAL_SURFACE('',#1833,0.6);
#1833 = AXIS2_PLACEMENT_3D('',#1834,#1835,#1836);
#1834 = CARTESIAN_POINT('',(10.,-23.5,-1.6));
#1835 = DIRECTION('',(1.,0.,0.));
#1836 = DIRECTION('',(0.,0.,-1.));
#1837 = DEFINITIONAL_REPRESENTATION('',(#1838),#1842);
#1838 = LINE('',#1839,#1840);
#1839 = CARTESIAN_POINT('',(0.,0.));
#1840 = VECTOR('',#1841,1.);
#1841 = DIRECTION('',(1.,0.));
#1842 = ( GEOMETRIC_REPRESENTATION_CONTEXT(2) 
PARAMETRIC_REPRESENTATION_CONTEXT() REPRESENTATION_CONTEXT('2D SPACE',''
  ) );
#1843 = ADVANCED_FACE('',(#1844),#798,.F.);
#1844 = FACE_BOUND('',#1845,.F.);
#1845 = EDGE_LOOP('',(#1846,#1847,#1848,#1869));
#1846 = ORIENTED_EDGE('',*,*,#781,.T.);
#1847 = ORIENTED_EDGE('',*,*,#1791,.F.);
#1848 = ORIENTED_EDGE('',*,*,#1849,.T.);
#1849 = EDGE_CURVE('',#1769,#1720,#1850,.T.);
#1850 = SURFACE_CURVE('',#1851,(#1855,#1862),.PCURVE_S1.);
#1851 = LINE('',#1852,#1853);
#1852 = CARTESIAN_POINT('',(10.,-24.9,-3.8));
#1853 = VECTOR('',#1854,1.);
#1854 = DIRECTION('',(1.,0.,0.));
#1855 = PCURVE('',#798,#1856);
#1856 = DEFINITIONAL_REPRESENTATION('',(#1857),#1861);
#1857 = LINE('',#1858,#1859);
#1858 = CARTESIAN_POINT('',(0.,0.));
#1859 = VECTOR('',#1860,1.);
#1860 = DIRECTION('',(1.,0.));
#1861 = ( GEOMETRIC_REPRESENTATION_CONTEXT(2) 
PARAMETRIC_REPRESENTATION_CONTEXT() REPRESENTATION_CONTEXT('2D SPACE',''
  ) );
#1862 = PCURVE('',#1681,#1863);
#1863 = DEFINITIONAL_REPRESENTATION('',(#1864),#1868);
#1864 = LINE('',#1865,#1866);
#1865 = CARTESIAN_POINT('',(0.,0.));
#1866 = VECTOR('',#1867,1.);
#1867 = DIRECTION('',(0.,1.));
#1868 = ( GEOMETRIC_REPRESENTATION_CONTEXT(2) 
PARAMETRIC_REPRESENTATION_CONTEXT() REPRESENTATION_CONTEXT('2D SPACE',''
  ) );
#1869 = ORIENTED_EDGE('',*,*,#1742,.T.);
#1870 = ADVANCED_FACE('',(#1871),#861,.F.);
#1871 = FACE_BOUND('',#1872,.F.);
#1872 = EDGE_LOOP('',(#1873,#1874,#1897,#2103));
#1873 = ORIENTED_EDGE('',*,*,#844,.F.);
#1874 = ORIENTED_EDGE('',*,*,#1875,.F.);
#1875 = EDGE_CURVE('',#1876,#845,#1878,.T.);
#1876 = VERTEX_POINT('',#1877);
#1877 = CARTESIAN_POINT('',(18.532134253777,-2.5,-2.1));
#1878 = SEAM_CURVE('',#1879,(#1883,#1890),.PCURVE_S1.);
#1879 = LINE('',#1880,#1881);
#1880 = CARTESIAN_POINT('',(18.532134253777,-2.5,-2.1));
#1881 = VECTOR('',#1882,1.);
#1882 = DIRECTION('',(1.,0.,0.));
#1883 = PCURVE('',#861,#1884);
#1884 = DEFINITIONAL_REPRESENTATION('',(#1885),#1889);
#1885 = LINE('',#1886,#1887);
#1886 = CARTESIAN_POINT('',(0.,-6.78657462234E-02));
#1887 = VECTOR('',#1888,1.);
#1888 = DIRECTION('',(0.,1.));
#1889 = ( GEOMETRIC_REPRESENTATION_CONTEXT(2) 
PARAMETRIC_REPRESENTATION_CONTEXT() REPRESENTATION_CONTEXT('2D SPACE',''
  ) );
#1890 = PCURVE('',#861,#1891);
#1891 = DEFINITIONAL_REPRESENTATION('',(#1892),#1896);
#1892 = LINE('',#1893,#1894);
#1893 = CARTESIAN_POINT('',(6.28318530718,-6.78657462234E-02));
#1894 = VECTOR('',#1895,1.);
#1895 = DIRECTION('',(0.,1.));
#1896 = ( GEOMETRIC_REPRESENTATION_CONTEXT(2) 
PARAMETRIC_REPRESENTATION_CONTEXT() REPRESENTATION_CONTEXT('2D SPACE',''
  ) );
#1897 = ORIENTED_EDGE('',*,*,#1898,.F.);
#1898 = EDGE_CURVE('',#1876,#1876,#1899,.T.);
#1899 = SURFACE_CURVE('',#1900,(#1952,#2025),.PCURVE_S1.);
#1900 = B_SPLINE_CURVE_WITH_KNOTS('',8,(#1901,#1902,#1903,#1904,#1905,
    #1906,#1907,#1908,#1909,#1910,#1911,#1912,#1913,#1914,#1915,#1916,
    #1917,#1918,#1919,#1920,#1921,#1922,#1923,#1924,#1925,#1926,#1927,
    #1928,#1929,#1930,#1931,#1932,#1933,#1934,#1935,#1936,#1937,#1938,
    #1939,#1940,#1941,#1942,#1943,#1944,#1945,#1946,#1947,#1948,#1949,
    #1950,#1951),.UNSPECIFIED.,.T.,.F.,(9,7,7,7,7,7,7,9),(0.435168546976
    ,0.571121705113,0.685804672273,0.900733443438,1.035826318235,
    1.185621668697,1.300114985929,1.435168546976),.UNSPECIFIED.);
#1901 = CARTESIAN_POINT('',(18.532134253777,-2.5,-2.1));
#1902 = CARTESIAN_POINT('',(18.510535703211,-2.660106895507,-2.1));
#1903 = CARTESIAN_POINT('',(18.487765505447,-2.816967043919,
    -2.077464612138));
#1904 = CARTESIAN_POINT('',(18.464410620888,-2.967022182369,
    -2.033992136429));
#1905 = CARTESIAN_POINT('',(18.441194790144,-3.107158202363,
    -1.971756868422));
#1906 = CARTESIAN_POINT('',(18.418916850504,-3.234786838484,
    -1.893476447837));
#1907 = CARTESIAN_POINT('',(18.398332877315,-3.347955948466,
    -1.802371047771));
#1908 = CARTESIAN_POINT('',(18.380029575566,-3.445494892052,
    -1.702114714742));
#1909 = CARTESIAN_POINT('',(18.351098360868,-3.596124946846,
    -1.507923618228));
#1910 = CARTESIAN_POINT('',(18.339514433342,-3.654840282655,
    -1.414090501937));
#1911 = CARTESIAN_POINT('',(18.329716470849,-3.703484745564,
    -1.316411487624));
#1912 = CARTESIAN_POINT('',(18.321798745855,-3.742204239382,
    -1.215842220024));
#1913 = CARTESIAN_POINT('',(18.315824250717,-3.77113355605,
    -1.113206557055));
#1914 = CARTESIAN_POINT('',(18.311830306051,-3.790378509927,
    -1.009237522439));
#1915 = CARTESIAN_POINT('',(18.309833423601,-3.8,-0.90461497577));
#1916 = CARTESIAN_POINT('',(18.309833423601,-3.8,-0.603939776372));
#1917 = CARTESIAN_POINT('',(18.316846963072,-3.7662070924,-0.40607289276
    ));
#1918 = CARTESIAN_POINT('',(18.331099032037,-3.697529602654,
    -0.211551333501));
#1919 = CARTESIAN_POINT('',(18.352447112201,-3.592927654097,
    -2.62281954121E-02));
#1920 = CARTESIAN_POINT('',(18.380211241144,-3.451810924364,
    0.142968146413));
#1921 = CARTESIAN_POINT('',(18.413075109227,-3.274609020196,
    0.28763287285));
#1922 = CARTESIAN_POINT('',(18.449013217442,-3.063131342492,
    0.397579078935));
#1923 = CARTESIAN_POINT('',(18.508666447927,-2.672549559489,
    0.497863435965));
#1924 = CARTESIAN_POINT('',(18.531353344915,-2.514590338031,
    0.516435137034));
#1925 = CARTESIAN_POINT('',(18.552785787216,-2.353915003523,
    0.512739849598));
#1926 = CARTESIAN_POINT('',(18.572193144319,-2.195476705644,
    0.486359092092));
#1927 = CARTESIAN_POINT('',(18.589142322228,-2.044169157186,
    0.43850785786));
#1928 = CARTESIAN_POINT('',(18.603527486405,-1.904361564502,
    0.371977493494));
#1929 = CARTESIAN_POINT('',(18.615460103027,-1.779444857123,
    0.291092040112));
#1930 = CARTESIAN_POINT('',(18.635916019215,-1.551488422551,
    0.102510076887));
#1931 = CARTESIAN_POINT('',(18.64417539774,-1.449544173159,
    -9.434301073825E-03));
#1932 = CARTESIAN_POINT('',(18.650413124557,-1.365433038125,
    -0.130727892377));
#1933 = CARTESIAN_POINT('',(18.655022451839,-1.298810625737,
    -0.2587206866));
#1934 = CARTESIAN_POINT('',(18.658290116184,-1.249260414069,
    -0.391291388594));
#1935 = CARTESIAN_POINT('',(18.660402496339,-1.216407544282,
    -0.526683080765));
#1936 = CARTESIAN_POINT('',(18.661457606522,-1.2,-0.663383552328));
#1937 = CARTESIAN_POINT('',(18.661457606522,-1.2,-0.904420265609));
#1938 = CARTESIAN_POINT('',(18.660841260314,-1.20958567556,
    -1.008846235104));
#1939 = CARTESIAN_POINT('',(18.659608244741,-1.228758526026,
    -1.112655148316));
#1940 = CARTESIAN_POINT('',(18.657726284693,-1.257596005497,
    -1.215201181793));
#1941 = CARTESIAN_POINT('',(18.655130989122,-1.29623479246,
    -1.315776822486));
#1942 = CARTESIAN_POINT('',(18.651724812439,-1.344851762018,
    -1.413571006042));
#1943 = CARTESIAN_POINT('',(18.647375141296,-1.403642660707,
    -1.507624019691));
#1944 = CARTESIAN_POINT('',(18.635466734971,-1.554373028319,
    -1.701944438711));
#1945 = CARTESIAN_POINT('',(18.627342637062,-1.652007456046,
    -1.802406220106));
#1946 = CARTESIAN_POINT('',(18.617273005757,-1.765485166682,
    -1.893788568141));
#1947 = CARTESIAN_POINT('',(18.605002609662,-1.893524774836,
    -1.972226217388));
#1948 = CARTESIAN_POINT('',(18.590321043622,-2.034004380801,
    -2.034421746483));
#1949 = CARTESIAN_POINT('',(18.573148956478,-2.184151842456,
    -2.077690877814));
#1950 = CARTESIAN_POINT('',(18.553624051371,-2.340699274356,-2.1));
#1951 = CARTESIAN_POINT('',(18.532134253777,-2.5,-2.1));
#1952 = PCURVE('',#861,#1953);
#1953 = DEFINITIONAL_REPRESENTATION('',(#1954),#2024);
#1954 = B_SPLINE_CURVE_WITH_KNOTS('',3,(#1955,#1956,#1957,#1958,#1959,
    #1960,#1961,#1962,#1963,#1964,#1965,#1966,#1967,#1968,#1969,#1970,
    #1971,#1972,#1973,#1974,#1975,#1976,#1977,#1978,#1979,#1980,#1981,
    #1982,#1983,#1984,#1985,#1986,#1987,#1988,#1989,#1990,#1991,#1992,
    #1993,#1994,#1995,#1996,#1997,#1998,#1999,#2000,#2001,#2002,#2003,
    #2004,#2005,#2006,#2007,#2008,#2009,#2010,#2011,#2012,#2013,#2014,
    #2015,#2016,#2017,#2018,#2019,#2020,#2021,#2022,#2023),
  .UNSPECIFIED.,.F.,.F.,(4,1,1,1,1,1,1,1,1,1,1,1,1,1,1,1,1,1,1,1,1,1,1,1
    ,1,1,1,1,1,1,1,1,1,1,1,1,1,1,1,1,1,1,1,1,1,1,1,1,1,1,1,1,1,1,1,1,1,1
    ,1,1,1,1,1,1,1,1,4),(0.435168546976,0.450320062128,0.465471577279,
    0.480623092431,0.495774607582,0.510926122734,0.526077637885,
    0.541229153037,0.556380668188,0.57153218334,0.586683698491,
    0.601835213643,0.616986728794,0.632138243946,0.647289759097,
    0.662441274249,0.6775927894,0.692744304552,0.707895819703,
    0.723047334855,0.738198850007,0.753350365158,0.76850188031,
    0.783653395461,0.798804910613,0.813956425764,0.829107940916,
    0.844259456067,0.859410971219,0.87456248637,0.889714001522,
    0.904865516673,0.920017031825,0.935168546976,0.950320062128,
    0.965471577279,0.980623092431,0.995774607582,1.010926122734,
    1.026077637885,1.041229153037,1.056380668188,1.07153218334,
    1.086683698491,1.101835213643,1.116986728794,1.132138243946,
    1.147289759097,1.162441274249,1.1775927894,1.192744304552,
    1.207895819703,1.223047334855,1.238198850007,1.253350365158,
    1.26850188031,1.283653395461,1.298804910613,1.313956425764,
    1.329107940916,1.344259456067,1.359410971219,1.37456248637,
    1.389714001522,1.404865516673,1.420017031825,1.435168546976),
  .QUASI_UNIFORM_KNOTS.);
#1955 = CARTESIAN_POINT('',(6.28318530718,-6.78657462234E-02));
#1956 = CARTESIAN_POINT('',(6.246586548074,-7.428253343564E-02));
#1957 = CARTESIAN_POINT('',(6.173956599895,-8.73959831464E-02));
#1958 = CARTESIAN_POINT('',(6.066721501495,-0.107588101596));
#1959 = CARTESIAN_POINT('',(5.961189064998,-0.127992110442));
#1960 = CARTESIAN_POINT('',(5.857402093539,-0.148271256487));
#1961 = CARTESIAN_POINT('',(5.755440992076,-0.168084907464));
#1962 = CARTESIAN_POINT('',(5.655425444164,-0.187098738081));
#1963 = CARTESIAN_POINT('',(5.557547613313,-0.204993975119));
#1964 = CARTESIAN_POINT('',(5.461976636375,-0.221496260597));
#1965 = CARTESIAN_POINT('',(5.369258416871,-0.236327753303));
#1966 = CARTESIAN_POINT('',(5.2788727073,-0.249445416987));
#1967 = CARTESIAN_POINT('',(5.189798080255,-0.260874542982));
#1968 = CARTESIAN_POINT('',(5.101991468416,-0.270508960951));
#1969 = CARTESIAN_POINT('',(5.015167809558,-0.278298383485));
#1970 = CARTESIAN_POINT('',(4.929118718165,-0.284196191302));
#1971 = CARTESIAN_POINT('',(4.843627314109,-0.288171847667));
#1972 = CARTESIAN_POINT('',(4.758466378383,-0.290204834878));
#1973 = CARTESIAN_POINT('',(4.673470582868,-0.290288352846));
#1974 = CARTESIAN_POINT('',(4.587989553294,-0.288410464032));
#1975 = CARTESIAN_POINT('',(4.501917272138,-0.284557191739));
#1976 = CARTESIAN_POINT('',(4.415100242603,-0.278736217601));
#1977 = CARTESIAN_POINT('',(4.327397258641,-0.270973860442));
#1978 = CARTESIAN_POINT('',(4.238660434381,-0.261317820962));
#1979 = CARTESIAN_POINT('',(4.148737271383,-0.249838142574));
#1980 = CARTESIAN_POINT('',(4.057466982912,-0.23662840483));
#1981 = CARTESIAN_POINT('',(3.964677601056,-0.221806468326));
#1982 = CARTESIAN_POINT('',(3.870183850356,-0.205515248484));
#1983 = CARTESIAN_POINT('',(3.773778693794,-0.187921993713));
#1984 = CARTESIAN_POINT('',(3.675246171873,-0.169221326973));
#1985 = CARTESIAN_POINT('',(3.574290891408,-0.149622112169));
#1986 = CARTESIAN_POINT('',(3.470772890508,-0.129392148068));
#1987 = CARTESIAN_POINT('',(3.363793810307,-0.108684059582));
#1988 = CARTESIAN_POINT('',(3.255573443194,-8.827319338499E-02));
#1989 = CARTESIAN_POINT('',(3.147011946949,-6.863601044147E-02));
#1990 = CARTESIAN_POINT('',(3.038460659524,-5.00894313937E-02));
#1991 = CARTESIAN_POINT('',(2.930397754662,-3.290480073207E-02));
#1992 = CARTESIAN_POINT('',(2.823280782082,-1.727104839047E-02));
#1993 = CARTESIAN_POINT('',(2.717604849545,-3.303720250313E-03));
#1994 = CARTESIAN_POINT('',(2.613965526052,8.948204725571E-03));
#1995 = CARTESIAN_POINT('',(2.512910555051,1.950750328945E-02));
#1996 = CARTESIAN_POINT('',(2.415651603407,2.840410030531E-02));
#1997 = CARTESIAN_POINT('',(2.320906750424,3.5920417077E-02));
#1998 = CARTESIAN_POINT('',(2.228188881674,4.222036925877E-02));
#1999 = CARTESIAN_POINT('',(2.137270912587,4.743693035144E-02));
#2000 = CARTESIAN_POINT('',(2.047884759418,5.169013117274E-02));
#2001 = CARTESIAN_POINT('',(1.959793835037,5.508172962021E-02));
#2002 = CARTESIAN_POINT('',(1.872767274608,5.769654431183E-02));
#2003 = CARTESIAN_POINT('',(1.786581269262,5.960227103689E-02));
#2004 = CARTESIAN_POINT('',(1.701014256056,6.084984923344E-02));
#2005 = CARTESIAN_POINT('',(1.615840909756,6.147362722898E-02));
#2006 = CARTESIAN_POINT('',(1.530836408763,6.149160061214E-02));
#2007 = CARTESIAN_POINT('',(1.445711570973,6.090464915323E-02));
#2008 = CARTESIAN_POINT('',(1.360234396862,5.969638854454E-02));
#2009 = CARTESIAN_POINT('',(1.274172416776,5.783402596733E-02));
#2010 = CARTESIAN_POINT('',(1.187288898707,5.526758619252E-02));
#2011 = CARTESIAN_POINT('',(1.099359260003,5.193096281146E-02));
#2012 = CARTESIAN_POINT('',(1.010087306924,4.773653119835E-02));
#2013 = CARTESIAN_POINT('',(0.919398554729,4.259312120006E-02));
#2014 = CARTESIAN_POINT('',(0.826318206106,3.6336420967E-02));
#2015 = CARTESIAN_POINT('',(0.73011596954,2.876643460752E-02));
#2016 = CARTESIAN_POINT('',(0.63149606532,1.978523976474E-02));
#2017 = CARTESIAN_POINT('',(0.530677206648,9.284032997742E-03));
#2018 = CARTESIAN_POINT('',(0.427916644848,-2.817545885206E-03));
#2019 = CARTESIAN_POINT('',(0.323385214429,-1.657194419982E-02));
#2020 = CARTESIAN_POINT('',(0.21721180886,-3.199069975424E-02));
#2021 = CARTESIAN_POINT('',(0.109484753462,-4.904420594488E-02));
#2022 = CARTESIAN_POINT('',(3.665723235144E-02,-6.143161004826E-02));
#2023 = CARTESIAN_POINT('',(-2.6645352591E-15,-6.78657462234E-02));
#2024 = ( GEOMETRIC_REPRESENTATION_CONTEXT(2) 
PARAMETRIC_REPRESENTATION_CONTEXT() REPRESENTATION_CONTEXT('2D SPACE',''
  ) );
#2025 = PCURVE('',#2026,#2031);
#2026 = CYLINDRICAL_SURFACE('',#2027,18.7);
#2027 = AXIS2_PLACEMENT_3D('',#2028,#2029,#2030);
#2028 = CARTESIAN_POINT('',(0.,0.,-2.2));
#2029 = DIRECTION('',(-0.,-0.,-1.));
#2030 = DIRECTION('',(1.,0.,0.));
#2031 = DEFINITIONAL_REPRESENTATION('',(#2032),#2102);
#2032 = B_SPLINE_CURVE_WITH_KNOTS('',3,(#2033,#2034,#2035,#2036,#2037,
    #2038,#2039,#2040,#2041,#2042,#2043,#2044,#2045,#2046,#2047,#2048,
    #2049,#2050,#2051,#2052,#2053,#2054,#2055,#2056,#2057,#2058,#2059,
    #2060,#2061,#2062,#2063,#2064,#2065,#2066,#2067,#2068,#2069,#2070,
    #2071,#2072,#2073,#2074,#2075,#2076,#2077,#2078,#2079,#2080,#2081,
    #2082,#2083,#2084,#2085,#2086,#2087,#2088,#2089,#2090,#2091,#2092,
    #2093,#2094,#2095,#2096,#2097,#2098,#2099,#2100,#2101),
  .UNSPECIFIED.,.T.,.F.,(4,1,1,1,1,1,1,1,1,1,1,1,1,1,1,1,1,1,1,1,1,1,1,1
    ,1,1,1,1,1,1,1,1,1,1,1,1,1,1,1,1,1,1,1,1,1,1,1,1,1,1,1,1,1,1,1,1,1,1
    ,1,1,1,1,1,1,1,1,4),(0.435168546976,0.450320062128,0.465471577279,
    0.480623092431,0.495774607582,0.510926122734,0.526077637885,
    0.541229153037,0.556380668188,0.57153218334,0.586683698491,
    0.601835213643,0.616986728794,0.632138243946,0.647289759097,
    0.662441274249,0.6775927894,0.692744304552,0.707895819703,
    0.723047334855,0.738198850007,0.753350365158,0.76850188031,
    0.783653395461,0.798804910613,0.813956425764,0.829107940916,
    0.844259456067,0.859410971219,0.87456248637,0.889714001522,
    0.904865516673,0.920017031825,0.935168546976,0.950320062128,
    0.965471577279,0.980623092431,0.995774607582,1.010926122734,
    1.026077637885,1.041229153037,1.056380668188,1.07153218334,
    1.086683698491,1.101835213643,1.116986728794,1.132138243946,
    1.147289759097,1.162441274249,1.1775927894,1.192744304552,
    1.207895819703,1.223047334855,1.238198850007,1.253350365158,
    1.26850188031,1.283653395461,1.298804910613,1.313956425764,
    1.329107940916,1.344259456067,1.359410971219,1.37456248637,
    1.389714001522,1.404865516673,1.420017031825,1.435168546976),
  .QUASI_UNIFORM_KNOTS.);
#2033 = CARTESIAN_POINT('',(-6.149093990986,-0.1));
#2034 = CARTESIAN_POINT('',(-6.146525894189,-9.998795919693E-02));
#2035 = CARTESIAN_POINT('',(-6.141429685493,-0.10523445525));
#2036 = CARTESIAN_POINT('',(-6.133984454814,-0.127939712655));
#2037 = CARTESIAN_POINT('',(-6.126820124943,-0.164559847194));
#2038 = CARTESIAN_POINT('',(-6.120009096623,-0.21397968056));
#2039 = CARTESIAN_POINT('',(-6.113616791368,-0.27496029015));
#2040 = CARTESIAN_POINT('',(-6.107699690153,-0.346133251252));
#2041 = CARTESIAN_POINT('',(-6.10230588464,-0.425982021343));
#2042 = CARTESIAN_POINT('',(-6.097469443993,-0.512953138503));
#2043 = CARTESIAN_POINT('',(-6.093226486414,-0.605062832192));
#2044 = CARTESIAN_POINT('',(-6.08954999179,-0.701396919799));
#2045 = CARTESIAN_POINT('',(-6.086401902342,-0.801898061285));
#2046 = CARTESIAN_POINT('',(-6.083786254099,-0.905606625068));
#2047 = CARTESIAN_POINT('',(-6.081695948742,-1.011891810289));
#2048 = CARTESIAN_POINT('',(-6.080127364602,-1.120109521761));
#2049 = CARTESIAN_POINT('',(-6.079076688805,-1.229673292246));
#2050 = CARTESIAN_POINT('',(-6.078541470807,-1.340048374288));
#2051 = CARTESIAN_POINT('',(-6.078519513401,-1.450642218029));
#2052 = CARTESIAN_POINT('',(-6.079013791974,-1.561499954476));
#2053 = CARTESIAN_POINT('',(-6.080031717604,-1.671935473594));
#2054 = CARTESIAN_POINT('',(-6.081579038482,-1.781290475271));
#2055 = CARTESIAN_POINT('',(-6.083660791613,-1.888849682309));
#2056 = CARTESIAN_POINT('',(-6.086280663716,-1.99385779783));
#2057 = CARTESIAN_POINT('',(-6.089440760093,-2.095509028344));
#2058 = CARTESIAN_POINT('',(-6.093141227588,-2.192943622438));
#2059 = CARTESIAN_POINT('',(-6.097379900828,-2.285242130638));
#2060 = CARTESIAN_POINT('',(-6.102151778069,-2.371419205965));
#2061 = CARTESIAN_POINT('',(-6.107448837869,-2.450417818386));
#2062 = CARTESIAN_POINT('',(-6.113258226936,-2.521097192631));
#2063 = CARTESIAN_POINT('',(-6.119566043626,-2.582238745284));
#2064 = CARTESIAN_POINT('',(-6.126339620789,-2.632477760023));
#2065 = CARTESIAN_POINT('',(-6.133589275129,-2.670503486721));
#2066 = CARTESIAN_POINT('',(-6.141097038341,-2.694098646296));
#2067 = CARTESIAN_POINT('',(-6.14871439151,-2.702539950122));
#2068 = CARTESIAN_POINT('',(-6.156327649299,-2.695626875124));
#2069 = CARTESIAN_POINT('',(-6.163814575236,-2.673573366123));
#2070 = CARTESIAN_POINT('',(-6.171059671626,-2.637030254383));
#2071 = CARTESIAN_POINT('',(-6.177954418565,-2.587059474021));
#2072 = CARTESIAN_POINT('',(-6.184398614487,-2.525174304848));
#2073 = CARTESIAN_POINT('',(-6.1903121374,-2.453167061319));
#2074 = CARTESIAN_POINT('',(-6.195603881503,-2.373723735788));
#2075 = CARTESIAN_POINT('',(-6.200336357927,-2.287532556058));
#2076 = CARTESIAN_POINT('',(-6.204522093861,-2.195486210095));
#2077 = CARTESIAN_POINT('',(-6.208164481424,-2.098602823348));
#2078 = CARTESIAN_POINT('',(-6.211270596672,-1.997735698205));
#2079 = CARTESIAN_POINT('',(-6.21384711979,-1.89366859911));
#2080 = CARTESIAN_POINT('',(-6.215900852366,-1.787106076663));
#2081 = CARTESIAN_POINT('',(-6.217438055096,-1.678690212988));
#2082 = CARTESIAN_POINT('',(-6.2184641546,-1.569010083911));
#2083 = CARTESIAN_POINT('',(-6.218983339867,-1.458608691468));
#2084 = CARTESIAN_POINT('',(-6.21899835658,-1.348003375039));
#2085 = CARTESIAN_POINT('',(-6.218509593141,-1.237617079966));
#2086 = CARTESIAN_POINT('',(-6.217514920343,-1.12795500195));
#2087 = CARTESIAN_POINT('',(-6.216010586667,-1.01954571981));
#2088 = CARTESIAN_POINT('',(-6.213991110081,-0.912953592559));
#2089 = CARTESIAN_POINT('',(-6.211450501441,-0.808810671168));
#2090 = CARTESIAN_POINT('',(-6.208379132912,-0.707746107106));
#2091 = CARTESIAN_POINT('',(-6.204776757722,-0.61070816106));
#2092 = CARTESIAN_POINT('',(-6.200605340901,-0.517820416109));
#2093 = CARTESIAN_POINT('',(-6.195824297356,-0.429838965472));
#2094 = CARTESIAN_POINT('',(-6.190471930707,-0.348970914975));
#2095 = CARTESIAN_POINT('',(-6.184581949644,-0.276857622732));
#2096 = CARTESIAN_POINT('',(-6.178203900952,-0.215098095536));
#2097 = CARTESIAN_POINT('',(-6.171396174428,-0.165103275376));
#2098 = CARTESIAN_POINT('',(-6.164226737737,-0.128122966847));
#2099 = CARTESIAN_POINT('',(-6.15677092358,-0.105253306713));
#2100 = CARTESIAN_POINT('',(-6.151666189116,-9.998523467497E-02));
#2101 = CARTESIAN_POINT('',(-6.149093990986,-0.1));
#2102 = ( GEOMETRIC_REPRESENTATION_CONTEXT(2) 
PARAMETRIC_REPRESENTATION_CONTEXT() REPRESENTATION_CONTEXT('2D SPACE',''
  ) );
#2103 = ORIENTED_EDGE('',*,*,#1875,.T.);
#2104 = ADVANCED_FACE('',(#2105),#896,.T.);
#2105 = FACE_BOUND('',#2106,.F.);
#2106 = EDGE_LOOP('',(#2107,#2140,#2161,#2162));
#2107 = ORIENTED_EDGE('',*,*,#2108,.T.);
#2108 = EDGE_CURVE('',#2109,#2109,#2111,.T.);
#2109 = VERTEX_POINT('',#2110);
#2110 = CARTESIAN_POINT('',(20.6,0.,-4.8));
#2111 = SURFACE_CURVE('',#2112,(#2117,#2124),.PCURVE_S1.);
#2112 = CIRCLE('',#2113,20.6);
#2113 = AXIS2_PLACEMENT_3D('',#2114,#2115,#2116);
#2114 = CARTESIAN_POINT('',(0.,0.,-4.8));
#2115 = DIRECTION('',(0.,0.,-1.));
#2116 = DIRECTION('',(1.,0.,0.));
#2117 = PCURVE('',#896,#2118);
#2118 = DEFINITIONAL_REPRESENTATION('',(#2119),#2123);
#2119 = LINE('',#2120,#2121);
#2120 = CARTESIAN_POINT('',(-6.28318530718,-1.E-01));
#2121 = VECTOR('',#2122,1.);
#2122 = DIRECTION('',(1.,-0.));
#2123 = ( GEOMETRIC_REPRESENTATION_CONTEXT(2) 
PARAMETRIC_REPRESENTATION_CONTEXT() REPRESENTATION_CONTEXT('2D SPACE',''
  ) );
#2124 = PCURVE('',#2125,#2130);
#2125 = PLANE('',#2126);
#2126 = AXIS2_PLACEMENT_3D('',#2127,#2128,#2129);
#2127 = CARTESIAN_POINT('',(-2.083718297203E-15,1.846063891983E-16,-4.8)
  );
#2128 = DIRECTION('',(0.,0.,1.));
#2129 = DIRECTION('',(1.,0.,0.));
#2130 = DEFINITIONAL_REPRESENTATION('',(#2131),#2139);
#2131 = ( BOUNDED_CURVE() B_SPLINE_CURVE(2,(#2132,#2133,#2134,#2135,
#2136,#2137,#2138),.UNSPECIFIED.,.T.,.F.) B_SPLINE_CURVE_WITH_KNOTS((1,2
    ,2,2,2,1),(-2.094395102393,0.,2.094395102393,4.188790204786,
6.28318530718,8.377580409573),.UNSPECIFIED.) CURVE() 
GEOMETRIC_REPRESENTATION_ITEM() RATIONAL_B_SPLINE_CURVE((1.,0.5,1.,0.5,
1.,0.5,1.)) REPRESENTATION_ITEM('') );
#2132 = CARTESIAN_POINT('',(20.6,-1.846063891983E-16));
#2133 = CARTESIAN_POINT('',(20.6,-35.68024663591));
#2134 = CARTESIAN_POINT('',(-10.3,-17.84012331795));
#2135 = CARTESIAN_POINT('',(-41.2,-5.230151201685E-15));
#2136 = CARTESIAN_POINT('',(-10.3,17.840123317959));
#2137 = CARTESIAN_POINT('',(20.6,35.680246635919));
#2138 = CARTESIAN_POINT('',(20.6,-1.846063891983E-16));
#2139 = ( GEOMETRIC_REPRESENTATION_CONTEXT(2) 
PARAMETRIC_REPRESENTATION_CONTEXT() REPRESENTATION_CONTEXT('2D SPACE',''
  ) );
#2140 = ORIENTED_EDGE('',*,*,#2141,.T.);
#2141 = EDGE_CURVE('',#2109,#880,#2142,.T.);
#2142 = SEAM_CURVE('',#2143,(#2147,#2154),.PCURVE_S1.);
#2143 = LINE('',#2144,#2145);
#2144 = CARTESIAN_POINT('',(20.6,0.,-4.9));
#2145 = VECTOR('',#2146,1.);
#2146 = DIRECTION('',(0.,0.,1.));
#2147 = PCURVE('',#896,#2148);
#2148 = DEFINITIONAL_REPRESENTATION('',(#2149),#2153);
#2149 = LINE('',#2150,#2151);
#2150 = CARTESIAN_POINT('',(-6.28318530718,0.));
#2151 = VECTOR('',#2152,1.);
#2152 = DIRECTION('',(-0.,-1.));
#2153 = ( GEOMETRIC_REPRESENTATION_CONTEXT(2) 
PARAMETRIC_REPRESENTATION_CONTEXT() REPRESENTATION_CONTEXT('2D SPACE',''
  ) );
#2154 = PCURVE('',#896,#2155);
#2155 = DEFINITIONAL_REPRESENTATION('',(#2156),#2160);
#2156 = LINE('',#2157,#2158);
#2157 = CARTESIAN_POINT('',(-0.,0.));
#2158 = VECTOR('',#2159,1.);
#2159 = DIRECTION('',(-0.,-1.));
#2160 = ( GEOMETRIC_REPRESENTATION_CONTEXT(2) 
PARAMETRIC_REPRESENTATION_CONTEXT() REPRESENTATION_CONTEXT('2D SPACE',''
  ) );
#2161 = ORIENTED_EDGE('',*,*,#879,.T.);
#2162 = ORIENTED_EDGE('',*,*,#2141,.F.);
#2163 = ADVANCED_FACE('',(#2164),#931,.T.);
#2164 = FACE_BOUND('',#2165,.F.);
#2165 = EDGE_LOOP('',(#2166,#2167,#2190,#2221));
#2166 = ORIENTED_EDGE('',*,*,#914,.F.);
#2167 = ORIENTED_EDGE('',*,*,#2168,.T.);
#2168 = EDGE_CURVE('',#915,#2169,#2171,.T.);
#2169 = VERTEX_POINT('',#2170);
#2170 = CARTESIAN_POINT('',(20.6,0.,3.2));
#2171 = SEAM_CURVE('',#2172,(#2176,#2183),.PCURVE_S1.);
#2172 = LINE('',#2173,#2174);
#2173 = CARTESIAN_POINT('',(20.6,0.,2.7));
#2174 = VECTOR('',#2175,1.);
#2175 = DIRECTION('',(0.,0.,1.));
#2176 = PCURVE('',#931,#2177);
#2177 = DEFINITIONAL_REPRESENTATION('',(#2178),#2182);
#2178 = LINE('',#2179,#2180);
#2179 = CARTESIAN_POINT('',(-6.28318530718,0.));
#2180 = VECTOR('',#2181,1.);
#2181 = DIRECTION('',(-0.,-1.));
#2182 = ( GEOMETRIC_REPRESENTATION_CONTEXT(2) 
PARAMETRIC_REPRESENTATION_CONTEXT() REPRESENTATION_CONTEXT('2D SPACE',''
  ) );
#2183 = PCURVE('',#931,#2184);
#2184 = DEFINITIONAL_REPRESENTATION('',(#2185),#2189);
#2185 = LINE('',#2186,#2187);
#2186 = CARTESIAN_POINT('',(-0.,0.));
#2187 = VECTOR('',#2188,1.);
#2188 = DIRECTION('',(-0.,-1.));
#2189 = ( GEOMETRIC_REPRESENTATION_CONTEXT(2) 
PARAMETRIC_REPRESENTATION_CONTEXT() REPRESENTATION_CONTEXT('2D SPACE',''
  ) );
#2190 = ORIENTED_EDGE('',*,*,#2191,.F.);
#2191 = EDGE_CURVE('',#2169,#2169,#2192,.T.);
#2192 = SURFACE_CURVE('',#2193,(#2198,#2205),.PCURVE_S1.);
#2193 = CIRCLE('',#2194,20.6);
#2194 = AXIS2_PLACEMENT_3D('',#2195,#2196,#2197);
#2195 = CARTESIAN_POINT('',(0.,0.,3.2));
#2196 = DIRECTION('',(0.,0.,-1.));
#2197 = DIRECTION('',(1.,0.,0.));
#2198 = PCURVE('',#931,#2199);
#2199 = DEFINITIONAL_REPRESENTATION('',(#2200),#2204);
#2200 = LINE('',#2201,#2202);
#2201 = CARTESIAN_POINT('',(-6.28318530718,-0.5));
#2202 = VECTOR('',#2203,1.);
#2203 = DIRECTION('',(1.,-0.));
#2204 = ( GEOMETRIC_REPRESENTATION_CONTEXT(2) 
PARAMETRIC_REPRESENTATION_CONTEXT() REPRESENTATION_CONTEXT('2D SPACE',''
  ) );
#2205 = PCURVE('',#2206,#2211);
#2206 = PLANE('',#2207);
#2207 = AXIS2_PLACEMENT_3D('',#2208,#2209,#2210);
#2208 = CARTESIAN_POINT('',(-2.083718297203E-15,1.846063891983E-16,3.2)
  );
#2209 = DIRECTION('',(0.,0.,1.));
#2210 = DIRECTION('',(1.,0.,0.));
#2211 = DEFINITIONAL_REPRESENTATION('',(#2212),#2220);
#2212 = ( BOUNDED_CURVE() B_SPLINE_CURVE(2,(#2213,#2214,#2215,#2216,
#2217,#2218,#2219),.UNSPECIFIED.,.T.,.F.) B_SPLINE_CURVE_WITH_KNOTS((1,2
    ,2,2,2,1),(-2.094395102393,0.,2.094395102393,4.188790204786,
6.28318530718,8.377580409573),.UNSPECIFIED.) CURVE() 
GEOMETRIC_REPRESENTATION_ITEM() RATIONAL_B_SPLINE_CURVE((1.,0.5,1.,0.5,
1.,0.5,1.)) REPRESENTATION_ITEM('') );
#2213 = CARTESIAN_POINT('',(20.6,-1.846063891983E-16));
#2214 = CARTESIAN_POINT('',(20.6,-35.68024663591));
#2215 = CARTESIAN_POINT('',(-10.3,-17.84012331795));
#2216 = CARTESIAN_POINT('',(-41.2,-5.230151201685E-15));
#2217 = CARTESIAN_POINT('',(-10.3,17.840123317959));
#2218 = CARTESIAN_POINT('',(20.6,35.680246635919));
#2219 = CARTESIAN_POINT('',(20.6,-1.846063891983E-16));
#2220 = ( GEOMETRIC_REPRESENTATION_CONTEXT(2) 
PARAMETRIC_REPRESENTATION_CONTEXT() REPRESENTATION_CONTEXT('2D SPACE',''
  ) );
#2221 = ORIENTED_EDGE('',*,*,#2168,.F.);
#2222 = ADVANCED_FACE('',(#2223),#1007,.T.);
#2223 = FACE_BOUND('',#2224,.T.);
#2224 = EDGE_LOOP('',(#2225,#2226,#2227,#2228));
#2225 = ORIENTED_EDGE('',*,*,#1127,.F.);
#2226 = ORIENTED_EDGE('',*,*,#993,.T.);
#2227 = ORIENTED_EDGE('',*,*,#1078,.T.);
#2228 = ORIENTED_EDGE('',*,*,#1154,.F.);
#2229 = ADVANCED_FACE('',(#2230),#1038,.F.);
#2230 = FACE_BOUND('',#2231,.F.);
#2231 = EDGE_LOOP('',(#2232,#2261,#2282,#2283));
#2232 = ORIENTED_EDGE('',*,*,#2233,.F.);
#2233 = EDGE_CURVE('',#2234,#2234,#2236,.T.);
#2234 = VERTEX_POINT('',#2235);
#2235 = CARTESIAN_POINT('',(11.5,23.5,-2.2));
#2236 = SURFACE_CURVE('',#2237,(#2242,#2249),.PCURVE_S1.);
#2237 = CIRCLE('',#2238,0.6);
#2238 = AXIS2_PLACEMENT_3D('',#2239,#2240,#2241);
#2239 = CARTESIAN_POINT('',(11.5,23.5,-1.6));
#2240 = DIRECTION('',(1.,-0.,0.));
#2241 = DIRECTION('',(0.,0.,-1.));
#2242 = PCURVE('',#1038,#2243);
#2243 = DEFINITIONAL_REPRESENTATION('',(#2244),#2248);
#2244 = LINE('',#2245,#2246);
#2245 = CARTESIAN_POINT('',(0.,1.5));
#2246 = VECTOR('',#2247,1.);
#2247 = DIRECTION('',(1.,0.));
#2248 = ( GEOMETRIC_REPRESENTATION_CONTEXT(2) 
PARAMETRIC_REPRESENTATION_CONTEXT() REPRESENTATION_CONTEXT('2D SPACE',''
  ) );
#2249 = PCURVE('',#2250,#2255);
#2250 = PLANE('',#2251);
#2251 = AXIS2_PLACEMENT_3D('',#2252,#2253,#2254);
#2252 = CARTESIAN_POINT('',(11.5,23.5,-1.6));
#2253 = DIRECTION('',(1.,0.,0.));
#2254 = DIRECTION('',(0.,0.,-1.));
#2255 = DEFINITIONAL_REPRESENTATION('',(#2256),#2260);
#2256 = CIRCLE('',#2257,0.6);
#2257 = AXIS2_PLACEMENT_2D('',#2258,#2259);
#2258 = CARTESIAN_POINT('',(0.,0.));
#2259 = DIRECTION('',(1.,0.));
#2260 = ( GEOMETRIC_REPRESENTATION_CONTEXT(2) 
PARAMETRIC_REPRESENTATION_CONTEXT() REPRESENTATION_CONTEXT('2D SPACE',''
  ) );
#2261 = ORIENTED_EDGE('',*,*,#2262,.F.);
#2262 = EDGE_CURVE('',#1022,#2234,#2263,.T.);
#2263 = SEAM_CURVE('',#2264,(#2268,#2275),.PCURVE_S1.);
#2264 = LINE('',#2265,#2266);
#2265 = CARTESIAN_POINT('',(10.,23.5,-2.2));
#2266 = VECTOR('',#2267,1.);
#2267 = DIRECTION('',(1.,0.,0.));
#2268 = PCURVE('',#1038,#2269);
#2269 = DEFINITIONAL_REPRESENTATION('',(#2270),#2274);
#2270 = LINE('',#2271,#2272);
#2271 = CARTESIAN_POINT('',(6.28318530718,-0.));
#2272 = VECTOR('',#2273,1.);
#2273 = DIRECTION('',(0.,1.));
#2274 = ( GEOMETRIC_REPRESENTATION_CONTEXT(2) 
PARAMETRIC_REPRESENTATION_CONTEXT() REPRESENTATION_CONTEXT('2D SPACE',''
  ) );
#2275 = PCURVE('',#1038,#2276);
#2276 = DEFINITIONAL_REPRESENTATION('',(#2277),#2281);
#2277 = LINE('',#2278,#2279);
#2278 = CARTESIAN_POINT('',(0.,-0.));
#2279 = VECTOR('',#2280,1.);
#2280 = DIRECTION('',(0.,1.));
#2281 = ( GEOMETRIC_REPRESENTATION_CONTEXT(2) 
PARAMETRIC_REPRESENTATION_CONTEXT() REPRESENTATION_CONTEXT('2D SPACE',''
  ) );
#2282 = ORIENTED_EDGE('',*,*,#1021,.T.);
#2283 = ORIENTED_EDGE('',*,*,#2262,.T.);
#2284 = ADVANCED_FACE('',(#2285),#1239,.T.);
#2285 = FACE_BOUND('',#2286,.T.);
#2286 = EDGE_LOOP('',(#2287,#2288,#2289,#2290));
#2287 = ORIENTED_EDGE('',*,*,#1328,.F.);
#2288 = ORIENTED_EDGE('',*,*,#1225,.T.);
#2289 = ORIENTED_EDGE('',*,*,#1279,.T.);
#2290 = ORIENTED_EDGE('',*,*,#1355,.F.);
#2291 = ADVANCED_FACE('',(#2292),#1395,.F.);
#2292 = FACE_BOUND('',#2293,.F.);
#2293 = EDGE_LOOP('',(#2294,#2295,#2318,#2345));
#2294 = ORIENTED_EDGE('',*,*,#1378,.F.);
#2295 = ORIENTED_EDGE('',*,*,#2296,.F.);
#2296 = EDGE_CURVE('',#2297,#1379,#2299,.T.);
#2297 = VERTEX_POINT('',#2298);
#2298 = CARTESIAN_POINT('',(-11.5,23.5,-2.2));
#2299 = SEAM_CURVE('',#2300,(#2304,#2311),.PCURVE_S1.);
#2300 = LINE('',#2301,#2302);
#2301 = CARTESIAN_POINT('',(-11.5,23.5,-2.2));
#2302 = VECTOR('',#2303,1.);
#2303 = DIRECTION('',(1.,0.,0.));
#2304 = PCURVE('',#1395,#2305);
#2305 = DEFINITIONAL_REPRESENTATION('',(#2306),#2310);
#2306 = LINE('',#2307,#2308);
#2307 = CARTESIAN_POINT('',(6.28318530718,-0.));
#2308 = VECTOR('',#2309,1.);
#2309 = DIRECTION('',(0.,1.));
#2310 = ( GEOMETRIC_REPRESENTATION_CONTEXT(2) 
PARAMETRIC_REPRESENTATION_CONTEXT() REPRESENTATION_CONTEXT('2D SPACE',''
  ) );
#2311 = PCURVE('',#1395,#2312);
#2312 = DEFINITIONAL_REPRESENTATION('',(#2313),#2317);
#2313 = LINE('',#2314,#2315);
#2314 = CARTESIAN_POINT('',(0.,-0.));
#2315 = VECTOR('',#2316,1.);
#2316 = DIRECTION('',(0.,1.));
#2317 = ( GEOMETRIC_REPRESENTATION_CONTEXT(2) 
PARAMETRIC_REPRESENTATION_CONTEXT() REPRESENTATION_CONTEXT('2D SPACE',''
  ) );
#2318 = ORIENTED_EDGE('',*,*,#2319,.T.);
#2319 = EDGE_CURVE('',#2297,#2297,#2320,.T.);
#2320 = SURFACE_CURVE('',#2321,(#2326,#2333),.PCURVE_S1.);
#2321 = CIRCLE('',#2322,0.6);
#2322 = AXIS2_PLACEMENT_3D('',#2323,#2324,#2325);
#2323 = CARTESIAN_POINT('',(-11.5,23.5,-1.6));
#2324 = DIRECTION('',(1.,-0.,0.));
#2325 = DIRECTION('',(0.,0.,-1.));
#2326 = PCURVE('',#1395,#2327);
#2327 = DEFINITIONAL_REPRESENTATION('',(#2328),#2332);
#2328 = LINE('',#2329,#2330);
#2329 = CARTESIAN_POINT('',(0.,0.));
#2330 = VECTOR('',#2331,1.);
#2331 = DIRECTION('',(1.,0.));
#2332 = ( GEOMETRIC_REPRESENTATION_CONTEXT(2) 
PARAMETRIC_REPRESENTATION_CONTEXT() REPRESENTATION_CONTEXT('2D SPACE',''
  ) );
#2333 = PCURVE('',#2334,#2339);
#2334 = PLANE('',#2335);
#2335 = AXIS2_PLACEMENT_3D('',#2336,#2337,#2338);
#2336 = CARTESIAN_POINT('',(-11.5,23.5,-1.6));
#2337 = DIRECTION('',(1.,0.,0.));
#2338 = DIRECTION('',(0.,0.,-1.));
#2339 = DEFINITIONAL_REPRESENTATION('',(#2340),#2344);
#2340 = CIRCLE('',#2341,0.6);
#2341 = AXIS2_PLACEMENT_2D('',#2342,#2343);
#2342 = CARTESIAN_POINT('',(0.,0.));
#2343 = DIRECTION('',(1.,0.));
#2344 = ( GEOMETRIC_REPRESENTATION_CONTEXT(2) 
PARAMETRIC_REPRESENTATION_CONTEXT() REPRESENTATION_CONTEXT('2D SPACE',''
  ) );
#2345 = ORIENTED_EDGE('',*,*,#2296,.T.);
#2346 = ADVANCED_FACE('',(#2347),#1449,.F.);
#2347 = FACE_BOUND('',#2348,.F.);
#2348 = EDGE_LOOP('',(#2349,#2350,#2351,#2352));
#2349 = ORIENTED_EDGE('',*,*,#1616,.F.);
#2350 = ORIENTED_EDGE('',*,*,#1567,.T.);
#2351 = ORIENTED_EDGE('',*,*,#1433,.T.);
#2352 = ORIENTED_EDGE('',*,*,#1487,.F.);
#2353 = ADVANCED_FACE('',(#2354),#1551,.F.);
#2354 = FACE_BOUND('',#2355,.F.);
#2355 = EDGE_LOOP('',(#2356,#2357,#2380,#2407));
#2356 = ORIENTED_EDGE('',*,*,#1534,.F.);
#2357 = ORIENTED_EDGE('',*,*,#2358,.F.);
#2358 = EDGE_CURVE('',#2359,#1535,#2361,.T.);
#2359 = VERTEX_POINT('',#2360);
#2360 = CARTESIAN_POINT('',(-11.5,-23.5,-2.2));
#2361 = SEAM_CURVE('',#2362,(#2366,#2373),.PCURVE_S1.);
#2362 = LINE('',#2363,#2364);
#2363 = CARTESIAN_POINT('',(-11.5,-23.5,-2.2));
#2364 = VECTOR('',#2365,1.);
#2365 = DIRECTION('',(1.,0.,0.));
#2366 = PCURVE('',#1551,#2367);
#2367 = DEFINITIONAL_REPRESENTATION('',(#2368),#2372);
#2368 = LINE('',#2369,#2370);
#2369 = CARTESIAN_POINT('',(6.28318530718,-0.));
#2370 = VECTOR('',#2371,1.);
#2371 = DIRECTION('',(0.,1.));
#2372 = ( GEOMETRIC_REPRESENTATION_CONTEXT(2) 
PARAMETRIC_REPRESENTATION_CONTEXT() REPRESENTATION_CONTEXT('2D SPACE',''
  ) );
#2373 = PCURVE('',#1551,#2374);
#2374 = DEFINITIONAL_REPRESENTATION('',(#2375),#2379);
#2375 = LINE('',#2376,#2377);
#2376 = CARTESIAN_POINT('',(0.,-0.));
#2377 = VECTOR('',#2378,1.);
#2378 = DIRECTION('',(0.,1.));
#2379 = ( GEOMETRIC_REPRESENTATION_CONTEXT(2) 
PARAMETRIC_REPRESENTATION_CONTEXT() REPRESENTATION_CONTEXT('2D SPACE',''
  ) );
#2380 = ORIENTED_EDGE('',*,*,#2381,.T.);
#2381 = EDGE_CURVE('',#2359,#2359,#2382,.T.);
#2382 = SURFACE_CURVE('',#2383,(#2388,#2395),.PCURVE_S1.);
#2383 = CIRCLE('',#2384,0.6);
#2384 = AXIS2_PLACEMENT_3D('',#2385,#2386,#2387);
#2385 = CARTESIAN_POINT('',(-11.5,-23.5,-1.6));
#2386 = DIRECTION('',(1.,-0.,0.));
#2387 = DIRECTION('',(0.,0.,-1.));
#2388 = PCURVE('',#1551,#2389);
#2389 = DEFINITIONAL_REPRESENTATION('',(#2390),#2394);
#2390 = LINE('',#2391,#2392);
#2391 = CARTESIAN_POINT('',(0.,0.));
#2392 = VECTOR('',#2393,1.);
#2393 = DIRECTION('',(1.,0.));
#2394 = ( GEOMETRIC_REPRESENTATION_CONTEXT(2) 
PARAMETRIC_REPRESENTATION_CONTEXT() REPRESENTATION_CONTEXT('2D SPACE',''
  ) );
#2395 = PCURVE('',#2396,#2401);
#2396 = PLANE('',#2397);
#2397 = AXIS2_PLACEMENT_3D('',#2398,#2399,#2400);
#2398 = CARTESIAN_POINT('',(-11.5,-23.5,-1.6));
#2399 = DIRECTION('',(1.,0.,0.));
#2400 = DIRECTION('',(0.,0.,-1.));
#2401 = DEFINITIONAL_REPRESENTATION('',(#2402),#2406);
#2402 = CIRCLE('',#2403,0.6);
#2403 = AXIS2_PLACEMENT_2D('',#2404,#2405);
#2404 = CARTESIAN_POINT('',(0.,0.));
#2405 = DIRECTION('',(1.,0.));
#2406 = ( GEOMETRIC_REPRESENTATION_CONTEXT(2) 
PARAMETRIC_REPRESENTATION_CONTEXT() REPRESENTATION_CONTEXT('2D SPACE',''
  ) );
#2407 = ORIENTED_EDGE('',*,*,#2358,.T.);
#2408 = ADVANCED_FACE('',(#2409),#1681,.F.);
#2409 = FACE_BOUND('',#2410,.F.);
#2410 = EDGE_LOOP('',(#2411,#2412,#2413,#2414));
#2411 = ORIENTED_EDGE('',*,*,#1849,.F.);
#2412 = ORIENTED_EDGE('',*,*,#1768,.T.);
#2413 = ORIENTED_EDGE('',*,*,#1665,.T.);
#2414 = ORIENTED_EDGE('',*,*,#1719,.F.);
#2415 = ADVANCED_FACE('',(#2416),#1832,.F.);
#2416 = FACE_BOUND('',#2417,.F.);
#2417 = EDGE_LOOP('',(#2418,#2447,#2468,#2469));
#2418 = ORIENTED_EDGE('',*,*,#2419,.F.);
#2419 = EDGE_CURVE('',#2420,#2420,#2422,.T.);
#2420 = VERTEX_POINT('',#2421);
#2421 = CARTESIAN_POINT('',(11.5,-23.5,-2.2));
#2422 = SURFACE_CURVE('',#2423,(#2428,#2435),.PCURVE_S1.);
#2423 = CIRCLE('',#2424,0.6);
#2424 = AXIS2_PLACEMENT_3D('',#2425,#2426,#2427);
#2425 = CARTESIAN_POINT('',(11.5,-23.5,-1.6));
#2426 = DIRECTION('',(1.,-0.,0.));
#2427 = DIRECTION('',(0.,0.,-1.));
#2428 = PCURVE('',#1832,#2429);
#2429 = DEFINITIONAL_REPRESENTATION('',(#2430),#2434);
#2430 = LINE('',#2431,#2432);
#2431 = CARTESIAN_POINT('',(0.,1.5));
#2432 = VECTOR('',#2433,1.);
#2433 = DIRECTION('',(1.,0.));
#2434 = ( GEOMETRIC_REPRESENTATION_CONTEXT(2) 
PARAMETRIC_REPRESENTATION_CONTEXT() REPRESENTATION_CONTEXT('2D SPACE',''
  ) );
#2435 = PCURVE('',#2436,#2441);
#2436 = PLANE('',#2437);
#2437 = AXIS2_PLACEMENT_3D('',#2438,#2439,#2440);
#2438 = CARTESIAN_POINT('',(11.5,-23.5,-1.6));
#2439 = DIRECTION('',(1.,0.,0.));
#2440 = DIRECTION('',(0.,0.,-1.));
#2441 = DEFINITIONAL_REPRESENTATION('',(#2442),#2446);
#2442 = CIRCLE('',#2443,0.6);
#2443 = AXIS2_PLACEMENT_2D('',#2444,#2445);
#2444 = CARTESIAN_POINT('',(0.,0.));
#2445 = DIRECTION('',(1.,0.));
#2446 = ( GEOMETRIC_REPRESENTATION_CONTEXT(2) 
PARAMETRIC_REPRESENTATION_CONTEXT() REPRESENTATION_CONTEXT('2D SPACE',''
  ) );
#2447 = ORIENTED_EDGE('',*,*,#2448,.F.);
#2448 = EDGE_CURVE('',#1816,#2420,#2449,.T.);
#2449 = SEAM_CURVE('',#2450,(#2454,#2461),.PCURVE_S1.);
#2450 = LINE('',#2451,#2452);
#2451 = CARTESIAN_POINT('',(10.,-23.5,-2.2));
#2452 = VECTOR('',#2453,1.);
#2453 = DIRECTION('',(1.,0.,0.));
#2454 = PCURVE('',#1832,#2455);
#2455 = DEFINITIONAL_REPRESENTATION('',(#2456),#2460);
#2456 = LINE('',#2457,#2458);
#2457 = CARTESIAN_POINT('',(6.28318530718,-0.));
#2458 = VECTOR('',#2459,1.);
#2459 = DIRECTION('',(0.,1.));
#2460 = ( GEOMETRIC_REPRESENTATION_CONTEXT(2) 
PARAMETRIC_REPRESENTATION_CONTEXT() REPRESENTATION_CONTEXT('2D SPACE',''
  ) );
#2461 = PCURVE('',#1832,#2462);
#2462 = DEFINITIONAL_REPRESENTATION('',(#2463),#2467);
#2463 = LINE('',#2464,#2465);
#2464 = CARTESIAN_POINT('',(0.,-0.));
#2465 = VECTOR('',#2466,1.);
#2466 = DIRECTION('',(0.,1.));
#2467 = ( GEOMETRIC_REPRESENTATION_CONTEXT(2) 
PARAMETRIC_REPRESENTATION_CONTEXT() REPRESENTATION_CONTEXT('2D SPACE',''
  ) );
#2468 = ORIENTED_EDGE('',*,*,#1815,.T.);
#2469 = ORIENTED_EDGE('',*,*,#2448,.T.);
#2470 = ADVANCED_FACE('',(#2471,#2552),#2026,.F.);
#2471 = FACE_BOUND('',#2472,.T.);
#2472 = EDGE_LOOP('',(#2473,#2498,#2529,#2530));
#2473 = ORIENTED_EDGE('',*,*,#2474,.F.);
#2474 = EDGE_CURVE('',#2475,#2477,#2479,.T.);
#2475 = VERTEX_POINT('',#2476);
#2476 = CARTESIAN_POINT('',(18.7,0.,-2.2));
#2477 = VERTEX_POINT('',#2478);
#2478 = CARTESIAN_POINT('',(18.7,0.,3.2));
#2479 = SEAM_CURVE('',#2480,(#2484,#2491),.PCURVE_S1.);
#2480 = LINE('',#2481,#2482);
#2481 = CARTESIAN_POINT('',(18.7,0.,-2.2));
#2482 = VECTOR('',#2483,1.);
#2483 = DIRECTION('',(0.,0.,1.));
#2484 = PCURVE('',#2026,#2485);
#2485 = DEFINITIONAL_REPRESENTATION('',(#2486),#2490);
#2486 = LINE('',#2487,#2488);
#2487 = CARTESIAN_POINT('',(-6.28318530718,0.));
#2488 = VECTOR('',#2489,1.);
#2489 = DIRECTION('',(-0.,-1.));
#2490 = ( GEOMETRIC_REPRESENTATION_CONTEXT(2) 
PARAMETRIC_REPRESENTATION_CONTEXT() REPRESENTATION_CONTEXT('2D SPACE',''
  ) );
#2491 = PCURVE('',#2026,#2492);
#2492 = DEFINITIONAL_REPRESENTATION('',(#2493),#2497);
#2493 = LINE('',#2494,#2495);
#2494 = CARTESIAN_POINT('',(-0.,0.));
#2495 = VECTOR('',#2496,1.);
#2496 = DIRECTION('',(-0.,-1.));
#2497 = ( GEOMETRIC_REPRESENTATION_CONTEXT(2) 
PARAMETRIC_REPRESENTATION_CONTEXT() REPRESENTATION_CONTEXT('2D SPACE',''
  ) );
#2498 = ORIENTED_EDGE('',*,*,#2499,.T.);
#2499 = EDGE_CURVE('',#2475,#2475,#2500,.T.);
#2500 = SURFACE_CURVE('',#2501,(#2506,#2513),.PCURVE_S1.);
#2501 = CIRCLE('',#2502,18.7);
#2502 = AXIS2_PLACEMENT_3D('',#2503,#2504,#2505);
#2503 = CARTESIAN_POINT('',(-9.769962616701E-15,4.440892098501E-15,-2.2)
  );
#2504 = DIRECTION('',(0.,0.,-1.));
#2505 = DIRECTION('',(1.,-4.824102207119E-16,0.));
#2506 = PCURVE('',#2026,#2507);
#2507 = DEFINITIONAL_REPRESENTATION('',(#2508),#2512);
#2508 = LINE('',#2509,#2510);
#2509 = CARTESIAN_POINT('',(-6.28318530718,0.));
#2510 = VECTOR('',#2511,1.);
#2511 = DIRECTION('',(1.,-0.));
#2512 = ( GEOMETRIC_REPRESENTATION_CONTEXT(2) 
PARAMETRIC_REPRESENTATION_CONTEXT() REPRESENTATION_CONTEXT('2D SPACE',''
  ) );
#2513 = PCURVE('',#2514,#2519);
#2514 = PLANE('',#2515);
#2515 = AXIS2_PLACEMENT_3D('',#2516,#2517,#2518);
#2516 = CARTESIAN_POINT('',(-5.850011262201E-16,4.066390809716E-16,-2.2)
  );
#2517 = DIRECTION('',(0.,0.,1.));
#2518 = DIRECTION('',(1.,0.,-0.));
#2519 = DEFINITIONAL_REPRESENTATION('',(#2520),#2528);
#2520 = ( BOUNDED_CURVE() B_SPLINE_CURVE(2,(#2521,#2522,#2523,#2524,
#2525,#2526,#2527),.UNSPECIFIED.,.T.,.F.) B_SPLINE_CURVE_WITH_KNOTS((1,2
    ,2,2,2,1),(-2.094395102393,0.,2.094395102393,4.188790204786,
6.28318530718,8.377580409573),.UNSPECIFIED.) CURVE() 
GEOMETRIC_REPRESENTATION_ITEM() RATIONAL_B_SPLINE_CURVE((1.,0.5,1.,0.5,
1.,0.5,1.)) REPRESENTATION_ITEM('') );
#2521 = CARTESIAN_POINT('',(18.7,-4.986818109783E-15));
#2522 = CARTESIAN_POINT('',(18.7,-32.38935010153));
#2523 = CARTESIAN_POINT('',(-9.35,-16.19467505076));
#2524 = CARTESIAN_POINT('',(-37.4,1.749621624334E-14));
#2525 = CARTESIAN_POINT('',(-9.35,16.194675050769));
#2526 = CARTESIAN_POINT('',(18.7,32.389350101538));
#2527 = CARTESIAN_POINT('',(18.7,-4.986818109783E-15));
#2528 = ( GEOMETRIC_REPRESENTATION_CONTEXT(2) 
PARAMETRIC_REPRESENTATION_CONTEXT() REPRESENTATION_CONTEXT('2D SPACE',''
  ) );
#2529 = ORIENTED_EDGE('',*,*,#2474,.T.);
#2530 = ORIENTED_EDGE('',*,*,#2531,.T.);
#2531 = EDGE_CURVE('',#2477,#2477,#2532,.T.);
#2532 = SURFACE_CURVE('',#2533,(#2538,#2545),.PCURVE_S1.);
#2533 = CIRCLE('',#2534,18.7);
#2534 = AXIS2_PLACEMENT_3D('',#2535,#2536,#2537);
#2535 = CARTESIAN_POINT('',(0.,0.,3.2));
#2536 = DIRECTION('',(0.,0.,1.));
#2537 = DIRECTION('',(1.,0.,0.));
#2538 = PCURVE('',#2026,#2539);
#2539 = DEFINITIONAL_REPRESENTATION('',(#2540),#2544);
#2540 = LINE('',#2541,#2542);
#2541 = CARTESIAN_POINT('',(-0.,-5.4));
#2542 = VECTOR('',#2543,1.);
#2543 = DIRECTION('',(-1.,0.));
#2544 = ( GEOMETRIC_REPRESENTATION_CONTEXT(2) 
PARAMETRIC_REPRESENTATION_CONTEXT() REPRESENTATION_CONTEXT('2D SPACE',''
  ) );
#2545 = PCURVE('',#2206,#2546);
#2546 = DEFINITIONAL_REPRESENTATION('',(#2547),#2551);
#2547 = CIRCLE('',#2548,18.7);
#2548 = AXIS2_PLACEMENT_2D('',#2549,#2550);
#2549 = CARTESIAN_POINT('',(2.083718297203E-15,-1.846063891983E-16));
#2550 = DIRECTION('',(1.,0.));
#2551 = ( GEOMETRIC_REPRESENTATION_CONTEXT(2) 
PARAMETRIC_REPRESENTATION_CONTEXT() REPRESENTATION_CONTEXT('2D SPACE',''
  ) );
#2552 = FACE_BOUND('',#2553,.T.);
#2553 = EDGE_LOOP('',(#2554));
#2554 = ORIENTED_EDGE('',*,*,#1898,.F.);
#2555 = ADVANCED_FACE('',(#2556,#2559),#2125,.F.);
#2556 = FACE_BOUND('',#2557,.F.);
#2557 = EDGE_LOOP('',(#2558));
#2558 = ORIENTED_EDGE('',*,*,#2108,.F.);
#2559 = FACE_BOUND('',#2560,.F.);
#2560 = EDGE_LOOP('',(#2561));
#2561 = ORIENTED_EDGE('',*,*,#2562,.F.);
#2562 = EDGE_CURVE('',#2563,#2563,#2565,.T.);
#2563 = VERTEX_POINT('',#2564);
#2564 = CARTESIAN_POINT('',(17.5,0.,-4.8));
#2565 = SURFACE_CURVE('',#2566,(#2571,#2578),.PCURVE_S1.);
#2566 = CIRCLE('',#2567,17.5);
#2567 = AXIS2_PLACEMENT_3D('',#2568,#2569,#2570);
#2568 = CARTESIAN_POINT('',(0.,0.,-4.8));
#2569 = DIRECTION('',(0.,0.,1.));
#2570 = DIRECTION('',(1.,0.,0.));
#2571 = PCURVE('',#2125,#2572);
#2572 = DEFINITIONAL_REPRESENTATION('',(#2573),#2577);
#2573 = CIRCLE('',#2574,17.5);
#2574 = AXIS2_PLACEMENT_2D('',#2575,#2576);
#2575 = CARTESIAN_POINT('',(2.083718297203E-15,-1.846063891983E-16));
#2576 = DIRECTION('',(1.,0.));
#2577 = ( GEOMETRIC_REPRESENTATION_CONTEXT(2) 
PARAMETRIC_REPRESENTATION_CONTEXT() REPRESENTATION_CONTEXT('2D SPACE',''
  ) );
#2578 = PCURVE('',#2579,#2584);
#2579 = CYLINDRICAL_SURFACE('',#2580,17.5);
#2580 = AXIS2_PLACEMENT_3D('',#2581,#2582,#2583);
#2581 = CARTESIAN_POINT('',(0.,0.,-4.8));
#2582 = DIRECTION('',(-0.,-0.,-1.));
#2583 = DIRECTION('',(1.,0.,0.));
#2584 = DEFINITIONAL_REPRESENTATION('',(#2585),#2589);
#2585 = LINE('',#2586,#2587);
#2586 = CARTESIAN_POINT('',(-0.,0.));
#2587 = VECTOR('',#2588,1.);
#2588 = DIRECTION('',(-1.,0.));
#2589 = ( GEOMETRIC_REPRESENTATION_CONTEXT(2) 
PARAMETRIC_REPRESENTATION_CONTEXT() REPRESENTATION_CONTEXT('2D SPACE',''
  ) );
#2590 = ADVANCED_FACE('',(#2591,#2594),#2206,.T.);
#2591 = FACE_BOUND('',#2592,.T.);
#2592 = EDGE_LOOP('',(#2593));
#2593 = ORIENTED_EDGE('',*,*,#2191,.F.);
#2594 = FACE_BOUND('',#2595,.T.);
#2595 = EDGE_LOOP('',(#2596));
#2596 = ORIENTED_EDGE('',*,*,#2531,.F.);
#2597 = ADVANCED_FACE('',(#2598),#2250,.F.);
#2598 = FACE_BOUND('',#2599,.F.);
#2599 = EDGE_LOOP('',(#2600));
#2600 = ORIENTED_EDGE('',*,*,#2233,.T.);
#2601 = ADVANCED_FACE('',(#2602),#2334,.T.);
#2602 = FACE_BOUND('',#2603,.F.);
#2603 = EDGE_LOOP('',(#2604));
#2604 = ORIENTED_EDGE('',*,*,#2319,.F.);
#2605 = ADVANCED_FACE('',(#2606),#2396,.T.);
#2606 = FACE_BOUND('',#2607,.F.);
#2607 = EDGE_LOOP('',(#2608));
#2608 = ORIENTED_EDGE('',*,*,#2381,.F.);
#2609 = ADVANCED_FACE('',(#2610),#2436,.F.);
#2610 = FACE_BOUND('',#2611,.F.);
#2611 = EDGE_LOOP('',(#2612));
#2612 = ORIENTED_EDGE('',*,*,#2419,.T.);
#2613 = ADVANCED_FACE('',(#2614,#2617),#2514,.T.);
#2614 = FACE_BOUND('',#2615,.T.);
#2615 = EDGE_LOOP('',(#2616));
#2616 = ORIENTED_EDGE('',*,*,#2499,.F.);
#2617 = FACE_BOUND('',#2618,.T.);
#2618 = EDGE_LOOP('',(#2619));
#2619 = ORIENTED_EDGE('',*,*,#2620,.T.);
#2620 = EDGE_CURVE('',#2621,#2621,#2623,.T.);
#2621 = VERTEX_POINT('',#2622);
#2622 = CARTESIAN_POINT('',(12.056118778446,13.9,-2.2));
#2623 = SURFACE_CURVE('',#2624,(#2629,#2640),.PCURVE_S1.);
#2624 = CIRCLE('',#2625,18.4);
#2625 = AXIS2_PLACEMENT_3D('',#2626,#2627,#2628);
#2626 = CARTESIAN_POINT('',(0.,0.,-2.2));
#2627 = DIRECTION('',(0.,0.,-1.));
#2628 = DIRECTION('',(0.655223846655,0.755434782609,0.));
#2629 = PCURVE('',#2514,#2630);
#2630 = DEFINITIONAL_REPRESENTATION('',(#2631),#2639);
#2631 = ( BOUNDED_CURVE() B_SPLINE_CURVE(2,(#2632,#2633,#2634,#2635,
#2636,#2637,#2638),.UNSPECIFIED.,.T.,.F.) B_SPLINE_CURVE_WITH_KNOTS((1,2
    ,2,2,2,1),(-2.094395102393,0.,2.094395102393,4.188790204786,
6.28318530718,8.377580409573),.UNSPECIFIED.) CURVE() 
GEOMETRIC_REPRESENTATION_ITEM() RATIONAL_B_SPLINE_CURVE((1.,0.5,1.,0.5,
1.,0.5,1.)) REPRESENTATION_ITEM('') );
#2632 = CARTESIAN_POINT('',(12.056118778446,13.9));
#2633 = CARTESIAN_POINT('',(36.131625003653,-6.981810266354));
#2634 = CARTESIAN_POINT('',(6.009693723381,-17.39090513317));
#2635 = CARTESIAN_POINT('',(-24.11223755689,-27.8));
#2636 = CARTESIAN_POINT('',(-18.06581250182,3.490905133177));
#2637 = CARTESIAN_POINT('',(-12.01938744676,34.781810266354));
#2638 = CARTESIAN_POINT('',(12.056118778446,13.9));
#2639 = ( GEOMETRIC_REPRESENTATION_CONTEXT(2) 
PARAMETRIC_REPRESENTATION_CONTEXT() REPRESENTATION_CONTEXT('2D SPACE',''
  ) );
#2640 = PCURVE('',#2641,#2646);
#2641 = CYLINDRICAL_SURFACE('',#2642,18.4);
#2642 = AXIS2_PLACEMENT_3D('',#2643,#2644,#2645);
#2643 = CARTESIAN_POINT('',(0.,0.,-3.8));
#2644 = DIRECTION('',(-0.,-0.,-1.));
#2645 = DIRECTION('',(1.,0.,0.));
#2646 = DEFINITIONAL_REPRESENTATION('',(#2647),#2651);
#2647 = LINE('',#2648,#2649);
#2648 = CARTESIAN_POINT('',(-7.139502736566,-1.6));
#2649 = VECTOR('',#2650,1.);
#2650 = DIRECTION('',(1.,-0.));
#2651 = ( GEOMETRIC_REPRESENTATION_CONTEXT(2) 
PARAMETRIC_REPRESENTATION_CONTEXT() REPRESENTATION_CONTEXT('2D SPACE',''
  ) );
#2652 = ADVANCED_FACE('',(#2653),#2579,.F.);
#2653 = FACE_BOUND('',#2654,.T.);
#2654 = EDGE_LOOP('',(#2655,#2678,#2679,#2680));
#2655 = ORIENTED_EDGE('',*,*,#2656,.F.);
#2656 = EDGE_CURVE('',#2563,#2657,#2659,.T.);
#2657 = VERTEX_POINT('',#2658);
#2658 = CARTESIAN_POINT('',(17.5,0.,-3.8));
#2659 = SEAM_CURVE('',#2660,(#2664,#2671),.PCURVE_S1.);
#2660 = LINE('',#2661,#2662);
#2661 = CARTESIAN_POINT('',(17.5,0.,-4.8));
#2662 = VECTOR('',#2663,1.);
#2663 = DIRECTION('',(0.,0.,1.));
#2664 = PCURVE('',#2579,#2665);
#2665 = DEFINITIONAL_REPRESENTATION('',(#2666),#2670);
#2666 = LINE('',#2667,#2668);
#2667 = CARTESIAN_POINT('',(-6.28318530718,0.));
#2668 = VECTOR('',#2669,1.);
#2669 = DIRECTION('',(-0.,-1.));
#2670 = ( GEOMETRIC_REPRESENTATION_CONTEXT(2) 
PARAMETRIC_REPRESENTATION_CONTEXT() REPRESENTATION_CONTEXT('2D SPACE',''
  ) );
#2671 = PCURVE('',#2579,#2672);
#2672 = DEFINITIONAL_REPRESENTATION('',(#2673),#2677);
#2673 = LINE('',#2674,#2675);
#2674 = CARTESIAN_POINT('',(-0.,0.));
#2675 = VECTOR('',#2676,1.);
#2676 = DIRECTION('',(-0.,-1.));
#2677 = ( GEOMETRIC_REPRESENTATION_CONTEXT(2) 
PARAMETRIC_REPRESENTATION_CONTEXT() REPRESENTATION_CONTEXT('2D SPACE',''
  ) );
#2678 = ORIENTED_EDGE('',*,*,#2562,.F.);
#2679 = ORIENTED_EDGE('',*,*,#2656,.T.);
#2680 = ORIENTED_EDGE('',*,*,#2681,.T.);
#2681 = EDGE_CURVE('',#2657,#2657,#2682,.T.);
#2682 = SURFACE_CURVE('',#2683,(#2688,#2695),.PCURVE_S1.);
#2683 = CIRCLE('',#2684,17.5);
#2684 = AXIS2_PLACEMENT_3D('',#2685,#2686,#2687);
#2685 = CARTESIAN_POINT('',(0.,0.,-3.8));
#2686 = DIRECTION('',(0.,0.,1.));
#2687 = DIRECTION('',(1.,0.,-0.));
#2688 = PCURVE('',#2579,#2689);
#2689 = DEFINITIONAL_REPRESENTATION('',(#2690),#2694);
#2690 = LINE('',#2691,#2692);
#2691 = CARTESIAN_POINT('',(-0.,-1.));
#2692 = VECTOR('',#2693,1.);
#2693 = DIRECTION('',(-1.,0.));
#2694 = ( GEOMETRIC_REPRESENTATION_CONTEXT(2) 
PARAMETRIC_REPRESENTATION_CONTEXT() REPRESENTATION_CONTEXT('2D SPACE',''
  ) );
#2695 = PCURVE('',#2696,#2701);
#2696 = PLANE('',#2697);
#2697 = AXIS2_PLACEMENT_3D('',#2698,#2699,#2700);
#2698 = CARTESIAN_POINT('',(-2.378156752242E-15,1.032500860705E-15,-3.8)
  );
#2699 = DIRECTION('',(0.,0.,1.));
#2700 = DIRECTION('',(1.,0.,-0.));
#2701 = DEFINITIONAL_REPRESENTATION('',(#2702),#2706);
#2702 = CIRCLE('',#2703,17.5);
#2703 = AXIS2_PLACEMENT_2D('',#2704,#2705);
#2704 = CARTESIAN_POINT('',(2.378156752242E-15,-1.032500860705E-15));
#2705 = DIRECTION('',(1.,0.));
#2706 = ( GEOMETRIC_REPRESENTATION_CONTEXT(2) 
PARAMETRIC_REPRESENTATION_CONTEXT() REPRESENTATION_CONTEXT('2D SPACE',''
  ) );
#2707 = ADVANCED_FACE('',(#2708),#2641,.F.);
#2708 = FACE_BOUND('',#2709,.T.);
#2709 = EDGE_LOOP('',(#2710,#2734,#2754,#2755));
#2710 = ORIENTED_EDGE('',*,*,#2711,.F.);
#2711 = EDGE_CURVE('',#2712,#2712,#2714,.T.);
#2712 = VERTEX_POINT('',#2713);
#2713 = CARTESIAN_POINT('',(12.056118778447,13.9,-3.8));
#2714 = SURFACE_CURVE('',#2715,(#2720,#2727),.PCURVE_S1.);
#2715 = CIRCLE('',#2716,18.400000000001);
#2716 = AXIS2_PLACEMENT_3D('',#2717,#2718,#2719);
#2717 = CARTESIAN_POINT('',(-4.360956040728E-13,-5.968558980385E-13,-3.8
    ));
#2718 = DIRECTION('',(0.,0.,1.));
#2719 = DIRECTION('',(0.655223846655,0.755434782609,-0.));
#2720 = PCURVE('',#2641,#2721);
#2721 = DEFINITIONAL_REPRESENTATION('',(#2722),#2726);
#2722 = LINE('',#2723,#2724);
#2723 = CARTESIAN_POINT('',(-0.856317429386,0.));
#2724 = VECTOR('',#2725,1.);
#2725 = DIRECTION('',(-1.,0.));
#2726 = ( GEOMETRIC_REPRESENTATION_CONTEXT(2) 
PARAMETRIC_REPRESENTATION_CONTEXT() REPRESENTATION_CONTEXT('2D SPACE',''
  ) );
#2727 = PCURVE('',#2696,#2728);
#2728 = DEFINITIONAL_REPRESENTATION('',(#2729),#2733);
#2729 = CIRCLE('',#2730,18.400000000001);
#2730 = AXIS2_PLACEMENT_2D('',#2731,#2732);
#2731 = CARTESIAN_POINT('',(-4.337174473205E-13,-5.978883988992E-13));
#2732 = DIRECTION('',(0.655223846655,0.755434782609));
#2733 = ( GEOMETRIC_REPRESENTATION_CONTEXT(2) 
PARAMETRIC_REPRESENTATION_CONTEXT() REPRESENTATION_CONTEXT('2D SPACE',''
  ) );
#2734 = ORIENTED_EDGE('',*,*,#2735,.F.);
#2735 = EDGE_CURVE('',#2621,#2712,#2736,.T.);
#2736 = SEAM_CURVE('',#2737,(#2741,#2748),.PCURVE_S1.);
#2737 = LINE('',#2738,#2739);
#2738 = CARTESIAN_POINT('',(12.056118778446,13.9,-3.8));
#2739 = VECTOR('',#2740,1.);
#2740 = DIRECTION('',(-0.,-0.,-1.));
#2741 = PCURVE('',#2641,#2742);
#2742 = DEFINITIONAL_REPRESENTATION('',(#2743),#2747);
#2743 = LINE('',#2744,#2745);
#2744 = CARTESIAN_POINT('',(-0.856317429386,0.));
#2745 = VECTOR('',#2746,1.);
#2746 = DIRECTION('',(-0.,1.));
#2747 = ( GEOMETRIC_REPRESENTATION_CONTEXT(2) 
PARAMETRIC_REPRESENTATION_CONTEXT() REPRESENTATION_CONTEXT('2D SPACE',''
  ) );
#2748 = PCURVE('',#2641,#2749);
#2749 = DEFINITIONAL_REPRESENTATION('',(#2750),#2753);
#2750 = B_SPLINE_CURVE_WITH_KNOTS('',1,(#2751,#2752),.UNSPECIFIED.,.F.,
  .F.,(2,2),(-1.6,0.),.PIECEWISE_BEZIER_KNOTS.);
#2751 = CARTESIAN_POINT('',(-7.139502736566,-1.6));
#2752 = CARTESIAN_POINT('',(-7.139502736566,0.));
#2753 = ( GEOMETRIC_REPRESENTATION_CONTEXT(2) 
PARAMETRIC_REPRESENTATION_CONTEXT() REPRESENTATION_CONTEXT('2D SPACE',''
  ) );
#2754 = ORIENTED_EDGE('',*,*,#2620,.F.);
#2755 = ORIENTED_EDGE('',*,*,#2735,.T.);
#2756 = ADVANCED_FACE('',(#2757,#2760),#2696,.T.);
#2757 = FACE_BOUND('',#2758,.T.);
#2758 = EDGE_LOOP('',(#2759));
#2759 = ORIENTED_EDGE('',*,*,#2681,.F.);
#2760 = FACE_BOUND('',#2761,.T.);
#2761 = EDGE_LOOP('',(#2762));
#2762 = ORIENTED_EDGE('',*,*,#2711,.T.);
#2763 = ( GEOMETRIC_REPRESENTATION_CONTEXT(3) 
GLOBAL_UNCERTAINTY_ASSIGNED_CONTEXT((#2767)) 
GLOBAL_UNIT_ASSIGNED_CONTEXT((#2764,#2765,#2766)) REPRESENTATION_CONTEXT
('Context #1','3D Context with UNIT and UNCERTAINTY') );
#2764 = ( LENGTH_UNIT() NAMED_UNIT(*) SI_UNIT(.MILLI.,.METRE.) );
#2765 = ( NAMED_UNIT(*) PLANE_ANGLE_UNIT() SI_UNIT($,.RADIAN.) );
#2766 = ( NAMED_UNIT(*) SI_UNIT($,.STERADIAN.) SOLID_ANGLE_UNIT() );
#2767 = UNCERTAINTY_MEASURE_WITH_UNIT(LENGTH_MEASURE(1.E-07),#2764,
  'distance_accuracy_value','confusion accuracy');
#2768 = CONTEXT_DEPENDENT_SHAPE_REPRESENTATION(#2769,#2771);
#2769 = ( REPRESENTATION_RELATIONSHIP('','',#32,#10) 
REPRESENTATION_RELATIONSHIP_WITH_TRANSFORMATION(#2770) 
SHAPE_REPRESENTATION_RELATIONSHIP() );
#2770 = ITEM_DEFINED_TRANSFORMATION('','',#11,#15);
#2771 = PRODUCT_DEFINITION_SHAPE('Placement','Placement of an item',
  #2772);
#2772 = NEXT_ASSEMBLY_USAGE_OCCURRENCE('1','=>[0:1:1:2]','',#5,#27,$);
#2773 = PRODUCT_RELATED_PRODUCT_CATEGORY('part',$,(#29));
#2774 = MECHANICAL_DESIGN_GEOMETRIC_PRESENTATION_REPRESENTATION('',(
    #2775),#2763);
#2775 = STYLED_ITEM('color',(#2776),#33);
#2776 = PRESENTATION_STYLE_ASSIGNMENT((#2777));
#2777 = SURFACE_STYLE_USAGE(.BOTH.,#2778);
#2778 = SURFACE_SIDE_STYLE('',(#2779));
#2779 = SURFACE_STYLE_FILL_AREA(#2780);
#2780 = FILL_AREA_STYLE('',(#2781));
#2781 = FILL_AREA_STYLE_COLOUR('',#2782);
#2782 = COLOUR_RGB('',0.847058829703,0.870588215908,0.913725491704);
ENDSEC;
END-ISO-10303-21;
