ISO-10303-21;
HEADER;
FILE_DESCRIPTION(('Open CASCADE Model'),'2;1');
FILE_NAME('dial','2000-01-01T00:00:00',('Author'),('Open CASCADE'),
  'Open CASCADE STEP processor 7.9','cadgen','Unknown');
FILE_SCHEMA(('AUTOMOTIVE_DESIGN { 1 0 10303 214 1 1 1 1 }'));
ENDSEC;
DATA;
#1 = APPLICATION_PROTOCOL_DEFINITION('international standard',
  'automotive_design',2000,#2);
#2 = APPLICATION_CONTEXT(
  'core data for automotive mechanical design processes');
#3 = SHAPE_DEFINITION_REPRESENTATION(#4,#10);
#4 = PRODUCT_DEFINITION_SHAPE('','',#5);
#5 = PRODUCT_DEFINITION('design','',#6,#9);
#6 = PRODUCT_DEFINITION_FORMATION('','',#7);
#7 = PRODUCT('=>[0:1:1:2]','=>[0:1:1:2]','',(#8));
#8 = PRODUCT_CONTEXT('',#2,'mechanical');
#9 = PRODUCT_DEFINITION_CONTEXT('part definition',#2,'design');
#10 = SHAPE_REPRESENTATION('',(#11,#15),#19);
#11 = AXIS2_PLACEMENT_3D('',#12,#13,#14);
#12 = CARTESIAN_POINT('',(0.,0.,0.));
#13 = DIRECTION('',(0.,0.,1.));
#14 = DIRECTION('',(1.,0.,-0.));
#15 = AXIS2_PLACEMENT_3D('',#16,#17,#18);
#16 = CARTESIAN_POINT('',(0.,0.,0.));
#17 = DIRECTION('',(0.,0.,1.));
#18 = DIRECTION('',(1.,0.,0.));
#19 = ( GEOMETRIC_REPRESENTATION_CONTEXT(3) 
GLOBAL_UNCERTAINTY_ASSIGNED_CONTEXT((#23)) GLOBAL_UNIT_ASSIGNED_CONTEXT(
(#20,#21,#22)) REPRESENTATION_CONTEXT('Context #1',
  '3D Context with UNIT and UNCERTAINTY') );
#20 = ( LENGTH_UNIT() NAMED_UNIT(*) SI_UNIT(.MILLI.,.METRE.) );
#21 = ( NAMED_UNIT(*) PLANE_ANGLE_UNIT() SI_UNIT($,.RADIAN.) );
#22 = ( NAMED_UNIT(*) SI_UNIT($,.STERADIAN.) SOLID_ANGLE_UNIT() );
#23 = UNCERTAINTY_MEASURE_WITH_UNIT(LENGTH_MEASURE(1.E-07),#20,
  'distance_accuracy_value','confusion accuracy');
#24 = PRODUCT_RELATED_PRODUCT_CATEGORY('part',$,(#7));
#25 = SHAPE_DEFINITION_REPRESENTATION(#26,#32);
#26 = PRODUCT_DEFINITION_SHAPE('','',#27);
#27 = PRODUCT_DEFINITION('design','',#28,#31);
#28 = PRODUCT_DEFINITION_FORMATION('','',#29);
#29 = PRODUCT('dial','dial','',(#30));
#30 = PRODUCT_CONTEXT('',#2,'mechanical');
#31 = PRODUCT_DEFINITION_CONTEXT('part definition',#2,'design');
#32 = ADVANCED_BREP_SHAPE_REPRESENTATION('',(#11,#33),#5437);
#33 = MANIFOLD_SOLID_BREP('',#34);
#34 = CLOSED_SHELL('',(#35,#123,#251,#286,#341,#396,#451,#506,#561,#565,
    #600,#2257,#2261,#2296,#2323,#2378,#2454,#2503,#2552,#2579,#2655,
    #2704,#2753,#2780,#2856,#2905,#2954,#2981,#3057,#3106,#3155,#3182,
    #3258,#3307,#3356,#3383,#3459,#3508,#3557,#3584,#3660,#3709,#3758,
    #3785,#3861,#3910,#3959,#3986,#4062,#4111,#4160,#4187,#4263,#4312,
    #4361,#4388,#4464,#4513,#4562,#4589,#4665,#4714,#4763,#4790,#4866,
    #4915,#4964,#4991,#5067,#5116,#5165,#5192,#5247,#5282,#5289,#5296,
    #5303,#5310,#5317,#5324,#5331,#5338,#5345,#5352,#5359,#5366,#5373,
    #5380,#5410));
#35 = ADVANCED_FACE('',(#36),#50,.T.);
#36 = FACE_BOUND('',#37,.T.);
#37 = EDGE_LOOP('',(#38,#68,#95,#96));
#38 = ORIENTED_EDGE('',*,*,#39,.T.);
#39 = EDGE_CURVE('',#40,#42,#44,.T.);
#40 = VERTEX_POINT('',#41);
#41 = CARTESIAN_POINT('',(17.5,0.,-3.65));
#42 = VERTEX_POINT('',#43);
#43 = CARTESIAN_POINT('',(17.5,0.,-4.05));
#44 = SEAM_CURVE('',#45,(#49,#61),.PCURVE_S1.);
#45 = LINE('',#46,#47);
#46 = CARTESIAN_POINT('',(17.5,0.,-3.65));
#47 = VECTOR('',#48,1.);
#48 = DIRECTION('',(-0.,-0.,-1.));
#49 = PCURVE('',#50,#55);
#50 = CYLINDRICAL_SURFACE('',#51,17.5);
#51 = AXIS2_PLACEMENT_3D('',#52,#53,#54);
#52 = CARTESIAN_POINT('',(0.,0.,-3.65));
#53 = DIRECTION('',(0.,0.,1.));
#54 = DIRECTION('',(1.,0.,-0.));
#55 = DEFINITIONAL_REPRESENTATION('',(#56),#60);
#56 = LINE('',#57,#58);
#57 = CARTESIAN_POINT('',(0.,0.));
#58 = VECTOR('',#59,1.);
#59 = DIRECTION('',(0.,-1.));
#60 = ( GEOMETRIC_REPRESENTATION_CONTEXT(2) 
PARAMETRIC_REPRESENTATION_CONTEXT() REPRESENTATION_CONTEXT('2D SPACE',''
  ) );
#61 = PCURVE('',#50,#62);
#62 = DEFINITIONAL_REPRESENTATION('',(#63),#67);
#63 = LINE('',#64,#65);
#64 = CARTESIAN_POINT('',(6.28318530718,0.));
#65 = VECTOR('',#66,1.);
#66 = DIRECTION('',(0.,-1.));
#67 = ( GEOMETRIC_REPRESENTATION_CONTEXT(2) 
PARAMETRIC_REPRESENTATION_CONTEXT() REPRESENTATION_CONTEXT('2D SPACE',''
  ) );
#68 = ORIENTED_EDGE('',*,*,#69,.T.);
#69 = EDGE_CURVE('',#42,#42,#70,.T.);
#70 = SURFACE_CURVE('',#71,(#76,#83),.PCURVE_S1.);
#71 = CIRCLE('',#72,17.5);
#72 = AXIS2_PLACEMENT_3D('',#73,#74,#75);
#73 = CARTESIAN_POINT('',(0.,0.,-4.05));
#74 = DIRECTION('',(0.,0.,1.));
#75 = DIRECTION('',(1.,0.,0.));
#76 = PCURVE('',#50,#77);
#77 = DEFINITIONAL_REPRESENTATION('',(#78),#82);
#78 = LINE('',#79,#80);
#79 = CARTESIAN_POINT('',(0.,-0.4));
#80 = VECTOR('',#81,1.);
#81 = DIRECTION('',(1.,0.));
#82 = ( GEOMETRIC_REPRESENTATION_CONTEXT(2) 
PARAMETRIC_REPRESENTATION_CONTEXT() REPRESENTATION_CONTEXT('2D SPACE',''
  ) );
#83 = PCURVE('',#84,#89);
#84 = PLANE('',#85);
#85 = AXIS2_PLACEMENT_3D('',#86,#87,#88);
#86 = CARTESIAN_POINT('',(-6.251154891609E-16,5.358536788191E-16,-4.05)
  );
#87 = DIRECTION('',(0.,0.,1.));
#88 = DIRECTION('',(1.,0.,0.));
#89 = DEFINITIONAL_REPRESENTATION('',(#90),#94);
#90 = CIRCLE('',#91,17.5);
#91 = AXIS2_PLACEMENT_2D('',#92,#93);
#92 = CARTESIAN_POINT('',(6.251154891609E-16,-5.358536788191E-16));
#93 = DIRECTION('',(1.,0.));
#94 = ( GEOMETRIC_REPRESENTATION_CONTEXT(2) 
PARAMETRIC_REPRESENTATION_CONTEXT() REPRESENTATION_CONTEXT('2D SPACE',''
  ) );
#95 = ORIENTED_EDGE('',*,*,#39,.F.);
#96 = ORIENTED_EDGE('',*,*,#97,.F.);
#97 = EDGE_CURVE('',#40,#40,#98,.T.);
#98 = SURFACE_CURVE('',#99,(#104,#111),.PCURVE_S1.);
#99 = CIRCLE('',#100,17.5);
#100 = AXIS2_PLACEMENT_3D('',#101,#102,#103);
#101 = CARTESIAN_POINT('',(0.,0.,-3.65));
#102 = DIRECTION('',(0.,0.,1.));
#103 = DIRECTION('',(1.,0.,0.));
#104 = PCURVE('',#50,#105);
#105 = DEFINITIONAL_REPRESENTATION('',(#106),#110);
#106 = LINE('',#107,#108);
#107 = CARTESIAN_POINT('',(0.,0.));
#108 = VECTOR('',#109,1.);
#109 = DIRECTION('',(1.,0.));
#110 = ( GEOMETRIC_REPRESENTATION_CONTEXT(2) 
PARAMETRIC_REPRESENTATION_CONTEXT() REPRESENTATION_CONTEXT('2D SPACE',''
  ) );
#111 = PCURVE('',#112,#117);
#112 = PLANE('',#113);
#113 = AXIS2_PLACEMENT_3D('',#114,#115,#116);
#114 = CARTESIAN_POINT('',(-6.251154891609E-16,5.358536788191E-16,-3.65)
  );
#115 = DIRECTION('',(0.,0.,1.));
#116 = DIRECTION('',(1.,0.,0.));
#117 = DEFINITIONAL_REPRESENTATION('',(#118),#122);
#118 = CIRCLE('',#119,17.5);
#119 = AXIS2_PLACEMENT_2D('',#120,#121);
#120 = CARTESIAN_POINT('',(6.251154891609E-16,-5.358536788191E-16));
#121 = DIRECTION('',(1.,0.));
#122 = ( GEOMETRIC_REPRESENTATION_CONTEXT(2) 
PARAMETRIC_REPRESENTATION_CONTEXT() REPRESENTATION_CONTEXT('2D SPACE',''
  ) );
#123 = ADVANCED_FACE('',(#124,#127,#158,#189,#220),#112,.T.);
#124 = FACE_BOUND('',#125,.T.);
#125 = EDGE_LOOP('',(#126));
#126 = ORIENTED_EDGE('',*,*,#97,.T.);
#127 = FACE_BOUND('',#128,.T.);
#128 = EDGE_LOOP('',(#129));
#129 = ORIENTED_EDGE('',*,*,#130,.F.);
#130 = EDGE_CURVE('',#131,#131,#133,.T.);
#131 = VERTEX_POINT('',#132);
#132 = CARTESIAN_POINT('',(-11.6,-8.,-3.65));
#133 = SURFACE_CURVE('',#134,(#139,#146),.PCURVE_S1.);
#134 = CIRCLE('',#135,0.4);
#135 = AXIS2_PLACEMENT_3D('',#136,#137,#138);
#136 = CARTESIAN_POINT('',(-12.,-8.,-3.65));
#137 = DIRECTION('',(0.,0.,1.));
#138 = DIRECTION('',(1.,0.,0.));
#139 = PCURVE('',#112,#140);
#140 = DEFINITIONAL_REPRESENTATION('',(#141),#145);
#141 = CIRCLE('',#142,0.4);
#142 = AXIS2_PLACEMENT_2D('',#143,#144);
#143 = CARTESIAN_POINT('',(-12.,-8.));
#144 = DIRECTION('',(1.,0.));
#145 = ( GEOMETRIC_REPRESENTATION_CONTEXT(2) 
PARAMETRIC_REPRESENTATION_CONTEXT() REPRESENTATION_CONTEXT('2D SPACE',''
  ) );
#146 = PCURVE('',#147,#152);
#147 = CYLINDRICAL_SURFACE('',#148,0.4);
#148 = AXIS2_PLACEMENT_3D('',#149,#150,#151);
#149 = CARTESIAN_POINT('',(-12.,-8.,-3.65));
#150 = DIRECTION('',(0.,0.,1.));
#151 = DIRECTION('',(1.,0.,0.));
#152 = DEFINITIONAL_REPRESENTATION('',(#153),#157);
#153 = LINE('',#154,#155);
#154 = CARTESIAN_POINT('',(0.,0.));
#155 = VECTOR('',#156,1.);
#156 = DIRECTION('',(1.,0.));
#157 = ( GEOMETRIC_REPRESENTATION_CONTEXT(2) 
PARAMETRIC_REPRESENTATION_CONTEXT() REPRESENTATION_CONTEXT('2D SPACE',''
  ) );
#158 = FACE_BOUND('',#159,.T.);
#159 = EDGE_LOOP('',(#160));
#160 = ORIENTED_EDGE('',*,*,#161,.F.);
#161 = EDGE_CURVE('',#162,#162,#164,.T.);
#162 = VERTEX_POINT('',#163);
#163 = CARTESIAN_POINT('',(-8.65,-8.572527594031E-17,-3.65));
#164 = SURFACE_CURVE('',#165,(#170,#177),.PCURVE_S1.);
#165 = CIRCLE('',#166,0.35);
#166 = AXIS2_PLACEMENT_3D('',#167,#168,#169);
#167 = CARTESIAN_POINT('',(-9.,0.,-3.65));
#168 = DIRECTION('',(0.,0.,1.));
#169 = DIRECTION('',(1.,0.,-0.));
#170 = PCURVE('',#112,#171);
#171 = DEFINITIONAL_REPRESENTATION('',(#172),#176);
#172 = CIRCLE('',#173,0.35);
#173 = AXIS2_PLACEMENT_2D('',#174,#175);
#174 = CARTESIAN_POINT('',(-9.,-5.358536788191E-16));
#175 = DIRECTION('',(1.,0.));
#176 = ( GEOMETRIC_REPRESENTATION_CONTEXT(2) 
PARAMETRIC_REPRESENTATION_CONTEXT() REPRESENTATION_CONTEXT('2D SPACE',''
  ) );
#177 = PCURVE('',#178,#183);
#178 = CYLINDRICAL_SURFACE('',#179,0.35);
#179 = AXIS2_PLACEMENT_3D('',#180,#181,#182);
#180 = CARTESIAN_POINT('',(-9.,0.,-4.35));
#181 = DIRECTION('',(0.,0.,1.));
#182 = DIRECTION('',(1.,0.,0.));
#183 = DEFINITIONAL_REPRESENTATION('',(#184),#188);
#184 = LINE('',#185,#186);
#185 = CARTESIAN_POINT('',(0.,0.7));
#186 = VECTOR('',#187,1.);
#187 = DIRECTION('',(1.,0.));
#188 = ( GEOMETRIC_REPRESENTATION_CONTEXT(2) 
PARAMETRIC_REPRESENTATION_CONTEXT() REPRESENTATION_CONTEXT('2D SPACE',''
  ) );
#189 = FACE_BOUND('',#190,.T.);
#190 = EDGE_LOOP('',(#191));
#191 = ORIENTED_EDGE('',*,*,#192,.F.);
#192 = EDGE_CURVE('',#193,#193,#195,.T.);
#193 = VERTEX_POINT('',#194);
#194 = CARTESIAN_POINT('',(0.9,-2.204364238465E-16,-3.65));
#195 = SURFACE_CURVE('',#196,(#201,#208),.PCURVE_S1.);
#196 = CIRCLE('',#197,0.9);
#197 = AXIS2_PLACEMENT_3D('',#198,#199,#200);
#198 = CARTESIAN_POINT('',(0.,0.,-3.65));
#199 = DIRECTION('',(0.,0.,1.));
#200 = DIRECTION('',(1.,0.,-0.));
#201 = PCURVE('',#112,#202);
#202 = DEFINITIONAL_REPRESENTATION('',(#203),#207);
#203 = CIRCLE('',#204,0.9);
#204 = AXIS2_PLACEMENT_2D('',#205,#206);
#205 = CARTESIAN_POINT('',(6.251154891609E-16,-5.358536788191E-16));
#206 = DIRECTION('',(1.,0.));
#207 = ( GEOMETRIC_REPRESENTATION_CONTEXT(2) 
PARAMETRIC_REPRESENTATION_CONTEXT() REPRESENTATION_CONTEXT('2D SPACE',''
  ) );
#208 = PCURVE('',#209,#214);
#209 = CYLINDRICAL_SURFACE('',#210,0.9);
#210 = AXIS2_PLACEMENT_3D('',#211,#212,#213);
#211 = CARTESIAN_POINT('',(0.,0.,-4.35));
#212 = DIRECTION('',(0.,0.,1.));
#213 = DIRECTION('',(1.,0.,0.));
#214 = DEFINITIONAL_REPRESENTATION('',(#215),#219);
#215 = LINE('',#216,#217);
#216 = CARTESIAN_POINT('',(0.,0.7));
#217 = VECTOR('',#218,1.);
#218 = DIRECTION('',(1.,0.));
#219 = ( GEOMETRIC_REPRESENTATION_CONTEXT(2) 
PARAMETRIC_REPRESENTATION_CONTEXT() REPRESENTATION_CONTEXT('2D SPACE',''
  ) );
#220 = FACE_BOUND('',#221,.T.);
#221 = EDGE_LOOP('',(#222));
#222 = ORIENTED_EDGE('',*,*,#223,.F.);
#223 = EDGE_CURVE('',#224,#224,#226,.T.);
#224 = VERTEX_POINT('',#225);
#225 = CARTESIAN_POINT('',(12.4,8.,-3.65));
#226 = SURFACE_CURVE('',#227,(#232,#239),.PCURVE_S1.);
#227 = CIRCLE('',#228,0.4);
#228 = AXIS2_PLACEMENT_3D('',#229,#230,#231);
#229 = CARTESIAN_POINT('',(12.,8.,-3.65));
#230 = DIRECTION('',(0.,0.,1.));
#231 = DIRECTION('',(1.,0.,0.));
#232 = PCURVE('',#112,#233);
#233 = DEFINITIONAL_REPRESENTATION('',(#234),#238);
#234 = CIRCLE('',#235,0.4);
#235 = AXIS2_PLACEMENT_2D('',#236,#237);
#236 = CARTESIAN_POINT('',(12.,8.));
#237 = DIRECTION('',(1.,0.));
#238 = ( GEOMETRIC_REPRESENTATION_CONTEXT(2) 
PARAMETRIC_REPRESENTATION_CONTEXT() REPRESENTATION_CONTEXT('2D SPACE',''
  ) );
#239 = PCURVE('',#240,#245);
#240 = CYLINDRICAL_SURFACE('',#241,0.4);
#241 = AXIS2_PLACEMENT_3D('',#242,#243,#244);
#242 = CARTESIAN_POINT('',(12.,8.,-3.65));
#243 = DIRECTION('',(0.,0.,1.));
#244 = DIRECTION('',(1.,0.,0.));
#245 = DEFINITIONAL_REPRESENTATION('',(#246),#250);
#246 = LINE('',#247,#248);
#247 = CARTESIAN_POINT('',(0.,0.));
#248 = VECTOR('',#249,1.);
#249 = DIRECTION('',(1.,0.));
#250 = ( GEOMETRIC_REPRESENTATION_CONTEXT(2) 
PARAMETRIC_REPRESENTATION_CONTEXT() REPRESENTATION_CONTEXT('2D SPACE',''
  ) );
#251 = ADVANCED_FACE('',(#252,#255),#84,.F.);
#252 = FACE_BOUND('',#253,.F.);
#253 = EDGE_LOOP('',(#254));
#254 = ORIENTED_EDGE('',*,*,#69,.T.);
#255 = FACE_BOUND('',#256,.F.);
#256 = EDGE_LOOP('',(#257));
#257 = ORIENTED_EDGE('',*,*,#258,.F.);
#258 = EDGE_CURVE('',#259,#259,#261,.T.);
#259 = VERTEX_POINT('',#260);
#260 = CARTESIAN_POINT('',(16.5,0.,-4.05));
#261 = SURFACE_CURVE('',#262,(#267,#274),.PCURVE_S1.);
#262 = CIRCLE('',#263,16.5);
#263 = AXIS2_PLACEMENT_3D('',#264,#265,#266);
#264 = CARTESIAN_POINT('',(0.,0.,-4.05));
#265 = DIRECTION('',(0.,0.,1.));
#266 = DIRECTION('',(1.,0.,0.));
#267 = PCURVE('',#84,#268);
#268 = DEFINITIONAL_REPRESENTATION('',(#269),#273);
#269 = CIRCLE('',#270,16.5);
#270 = AXIS2_PLACEMENT_2D('',#271,#272);
#271 = CARTESIAN_POINT('',(6.251154891609E-16,-5.358536788191E-16));
#272 = DIRECTION('',(1.,0.));
#273 = ( GEOMETRIC_REPRESENTATION_CONTEXT(2) 
PARAMETRIC_REPRESENTATION_CONTEXT() REPRESENTATION_CONTEXT('2D SPACE',''
  ) );
#274 = PCURVE('',#275,#280);
#275 = CYLINDRICAL_SURFACE('',#276,16.5);
#276 = AXIS2_PLACEMENT_3D('',#277,#278,#279);
#277 = CARTESIAN_POINT('',(0.,0.,-4.05));
#278 = DIRECTION('',(-0.,-0.,-1.));
#279 = DIRECTION('',(1.,0.,0.));
#280 = DEFINITIONAL_REPRESENTATION('',(#281),#285);
#281 = LINE('',#282,#283);
#282 = CARTESIAN_POINT('',(-0.,0.));
#283 = VECTOR('',#284,1.);
#284 = DIRECTION('',(-1.,0.));
#285 = ( GEOMETRIC_REPRESENTATION_CONTEXT(2) 
PARAMETRIC_REPRESENTATION_CONTEXT() REPRESENTATION_CONTEXT('2D SPACE',''
  ) );
#286 = ADVANCED_FACE('',(#287),#147,.T.);
#287 = FACE_BOUND('',#288,.T.);
#288 = EDGE_LOOP('',(#289,#318,#339,#340));
#289 = ORIENTED_EDGE('',*,*,#290,.F.);
#290 = EDGE_CURVE('',#291,#291,#293,.T.);
#291 = VERTEX_POINT('',#292);
#292 = CARTESIAN_POINT('',(-11.6,-8.,-2.75));
#293 = SURFACE_CURVE('',#294,(#299,#306),.PCURVE_S1.);
#294 = CIRCLE('',#295,0.4);
#295 = AXIS2_PLACEMENT_3D('',#296,#297,#298);
#296 = CARTESIAN_POINT('',(-12.,-8.,-2.75));
#297 = DIRECTION('',(0.,0.,1.));
#298 = DIRECTION('',(1.,0.,0.));
#299 = PCURVE('',#147,#300);
#300 = DEFINITIONAL_REPRESENTATION('',(#301),#305);
#301 = LINE('',#302,#303);
#302 = CARTESIAN_POINT('',(0.,0.9));
#303 = VECTOR('',#304,1.);
#304 = DIRECTION('',(1.,0.));
#305 = ( GEOMETRIC_REPRESENTATION_CONTEXT(2) 
PARAMETRIC_REPRESENTATION_CONTEXT() REPRESENTATION_CONTEXT('2D SPACE',''
  ) );
#306 = PCURVE('',#307,#312);
#307 = PLANE('',#308);
#308 = AXIS2_PLACEMENT_3D('',#309,#310,#311);
#309 = CARTESIAN_POINT('',(-12.,-8.,-2.75));
#310 = DIRECTION('',(0.,0.,1.));
#311 = DIRECTION('',(1.,0.,0.));
#312 = DEFINITIONAL_REPRESENTATION('',(#313),#317);
#313 = CIRCLE('',#314,0.4);
#314 = AXIS2_PLACEMENT_2D('',#315,#316);
#315 = CARTESIAN_POINT('',(0.,0.));
#316 = DIRECTION('',(1.,0.));
#317 = ( GEOMETRIC_REPRESENTATION_CONTEXT(2) 
PARAMETRIC_REPRESENTATION_CONTEXT() REPRESENTATION_CONTEXT('2D SPACE',''
  ) );
#318 = ORIENTED_EDGE('',*,*,#319,.F.);
#319 = EDGE_CURVE('',#131,#291,#320,.T.);
#320 = SEAM_CURVE('',#321,(#325,#332),.PCURVE_S1.);
#321 = LINE('',#322,#323);
#322 = CARTESIAN_POINT('',(-11.6,-8.,-3.65));
#323 = VECTOR('',#324,1.);
#324 = DIRECTION('',(0.,0.,1.));
#325 = PCURVE('',#147,#326);
#326 = DEFINITIONAL_REPRESENTATION('',(#327),#331);
#327 = LINE('',#328,#329);
#328 = CARTESIAN_POINT('',(6.28318530718,-0.));
#329 = VECTOR('',#330,1.);
#330 = DIRECTION('',(0.,1.));
#331 = ( GEOMETRIC_REPRESENTATION_CONTEXT(2) 
PARAMETRIC_REPRESENTATION_CONTEXT() REPRESENTATION_CONTEXT('2D SPACE',''
  ) );
#332 = PCURVE('',#147,#333);
#333 = DEFINITIONAL_REPRESENTATION('',(#334),#338);
#334 = LINE('',#335,#336);
#335 = CARTESIAN_POINT('',(0.,-0.));
#336 = VECTOR('',#337,1.);
#337 = DIRECTION('',(0.,1.));
#338 = ( GEOMETRIC_REPRESENTATION_CONTEXT(2) 
PARAMETRIC_REPRESENTATION_CONTEXT() REPRESENTATION_CONTEXT('2D SPACE',''
  ) );
#339 = ORIENTED_EDGE('',*,*,#130,.T.);
#340 = ORIENTED_EDGE('',*,*,#319,.T.);
#341 = ADVANCED_FACE('',(#342),#178,.F.);
#342 = FACE_BOUND('',#343,.F.);
#343 = EDGE_LOOP('',(#344,#367,#368,#369));
#344 = ORIENTED_EDGE('',*,*,#345,.T.);
#345 = EDGE_CURVE('',#346,#162,#348,.T.);
#346 = VERTEX_POINT('',#347);
#347 = CARTESIAN_POINT('',(-8.65,-8.572527594031E-17,-3.95));
#348 = SEAM_CURVE('',#349,(#353,#360),.PCURVE_S1.);
#349 = LINE('',#350,#351);
#350 = CARTESIAN_POINT('',(-8.65,-8.572527594031E-17,-4.35));
#351 = VECTOR('',#352,1.);
#352 = DIRECTION('',(0.,0.,1.));
#353 = PCURVE('',#178,#354);
#354 = DEFINITIONAL_REPRESENTATION('',(#355),#359);
#355 = LINE('',#356,#357);
#356 = CARTESIAN_POINT('',(6.28318530718,-0.));
#357 = VECTOR('',#358,1.);
#358 = DIRECTION('',(0.,1.));
#359 = ( GEOMETRIC_REPRESENTATION_CONTEXT(2) 
PARAMETRIC_REPRESENTATION_CONTEXT() REPRESENTATION_CONTEXT('2D SPACE',''
  ) );
#360 = PCURVE('',#178,#361);
#361 = DEFINITIONAL_REPRESENTATION('',(#362),#366);
#362 = LINE('',#363,#364);
#363 = CARTESIAN_POINT('',(0.,-0.));
#364 = VECTOR('',#365,1.);
#365 = DIRECTION('',(0.,1.));
#366 = ( GEOMETRIC_REPRESENTATION_CONTEXT(2) 
PARAMETRIC_REPRESENTATION_CONTEXT() REPRESENTATION_CONTEXT('2D SPACE',''
  ) );
#367 = ORIENTED_EDGE('',*,*,#161,.F.);
#368 = ORIENTED_EDGE('',*,*,#345,.F.);
#369 = ORIENTED_EDGE('',*,*,#370,.T.);
#370 = EDGE_CURVE('',#346,#346,#371,.T.);
#371 = SURFACE_CURVE('',#372,(#377,#384),.PCURVE_S1.);
#372 = CIRCLE('',#373,0.35);
#373 = AXIS2_PLACEMENT_3D('',#374,#375,#376);
#374 = CARTESIAN_POINT('',(-9.,0.,-3.95));
#375 = DIRECTION('',(0.,0.,1.));
#376 = DIRECTION('',(1.,0.,-0.));
#377 = PCURVE('',#178,#378);
#378 = DEFINITIONAL_REPRESENTATION('',(#379),#383);
#379 = LINE('',#380,#381);
#380 = CARTESIAN_POINT('',(0.,0.4));
#381 = VECTOR('',#382,1.);
#382 = DIRECTION('',(1.,0.));
#383 = ( GEOMETRIC_REPRESENTATION_CONTEXT(2) 
PARAMETRIC_REPRESENTATION_CONTEXT() REPRESENTATION_CONTEXT('2D SPACE',''
  ) );
#384 = PCURVE('',#385,#390);
#385 = PLANE('',#386);
#386 = AXIS2_PLACEMENT_3D('',#387,#388,#389);
#387 = CARTESIAN_POINT('',(-9.,0.,-3.95));
#388 = DIRECTION('',(0.,0.,1.));
#389 = DIRECTION('',(1.,0.,-0.));
#390 = DEFINITIONAL_REPRESENTATION('',(#391),#395);
#391 = CIRCLE('',#392,0.35);
#392 = AXIS2_PLACEMENT_2D('',#393,#394);
#393 = CARTESIAN_POINT('',(0.,0.));
#394 = DIRECTION('',(1.,0.));
#395 = ( GEOMETRIC_REPRESENTATION_CONTEXT(2) 
PARAMETRIC_REPRESENTATION_CONTEXT() REPRESENTATION_CONTEXT('2D SPACE',''
  ) );
#396 = ADVANCED_FACE('',(#397),#209,.F.);
#397 = FACE_BOUND('',#398,.F.);
#398 = EDGE_LOOP('',(#399,#400,#423,#450));
#399 = ORIENTED_EDGE('',*,*,#192,.F.);
#400 = ORIENTED_EDGE('',*,*,#401,.F.);
#401 = EDGE_CURVE('',#402,#193,#404,.T.);
#402 = VERTEX_POINT('',#403);
#403 = CARTESIAN_POINT('',(0.9,-2.204364238465E-16,-4.05));
#404 = SEAM_CURVE('',#405,(#409,#416),.PCURVE_S1.);
#405 = LINE('',#406,#407);
#406 = CARTESIAN_POINT('',(0.9,-2.204364238465E-16,-4.35));
#407 = VECTOR('',#408,1.);
#408 = DIRECTION('',(0.,0.,1.));
#409 = PCURVE('',#209,#410);
#410 = DEFINITIONAL_REPRESENTATION('',(#411),#415);
#411 = LINE('',#412,#413);
#412 = CARTESIAN_POINT('',(6.28318530718,-0.));
#413 = VECTOR('',#414,1.);
#414 = DIRECTION('',(0.,1.));
#415 = ( GEOMETRIC_REPRESENTATION_CONTEXT(2) 
PARAMETRIC_REPRESENTATION_CONTEXT() REPRESENTATION_CONTEXT('2D SPACE',''
  ) );
#416 = PCURVE('',#209,#417);
#417 = DEFINITIONAL_REPRESENTATION('',(#418),#422);
#418 = LINE('',#419,#420);
#419 = CARTESIAN_POINT('',(0.,-0.));
#420 = VECTOR('',#421,1.);
#421 = DIRECTION('',(0.,1.));
#422 = ( GEOMETRIC_REPRESENTATION_CONTEXT(2) 
PARAMETRIC_REPRESENTATION_CONTEXT() REPRESENTATION_CONTEXT('2D SPACE',''
  ) );
#423 = ORIENTED_EDGE('',*,*,#424,.T.);
#424 = EDGE_CURVE('',#402,#402,#425,.T.);
#425 = SURFACE_CURVE('',#426,(#431,#438),.PCURVE_S1.);
#426 = CIRCLE('',#427,0.9);
#427 = AXIS2_PLACEMENT_3D('',#428,#429,#430);
#428 = CARTESIAN_POINT('',(0.,0.,-4.05));
#429 = DIRECTION('',(0.,0.,1.));
#430 = DIRECTION('',(1.,0.,-0.));
#431 = PCURVE('',#209,#432);
#432 = DEFINITIONAL_REPRESENTATION('',(#433),#437);
#433 = LINE('',#434,#435);
#434 = CARTESIAN_POINT('',(0.,0.3));
#435 = VECTOR('',#436,1.);
#436 = DIRECTION('',(1.,0.));
#437 = ( GEOMETRIC_REPRESENTATION_CONTEXT(2) 
PARAMETRIC_REPRESENTATION_CONTEXT() REPRESENTATION_CONTEXT('2D SPACE',''
  ) );
#438 = PCURVE('',#439,#444);
#439 = PLANE('',#440);
#440 = AXIS2_PLACEMENT_3D('',#441,#442,#443);
#441 = CARTESIAN_POINT('',(-6.251154891609E-16,5.358536788191E-16,-4.05)
  );
#442 = DIRECTION('',(0.,0.,1.));
#443 = DIRECTION('',(1.,0.,0.));
#444 = DEFINITIONAL_REPRESENTATION('',(#445),#449);
#445 = CIRCLE('',#446,0.9);
#446 = AXIS2_PLACEMENT_2D('',#447,#448);
#447 = CARTESIAN_POINT('',(6.251154891609E-16,-5.358536788191E-16));
#448 = DIRECTION('',(1.,0.));
#449 = ( GEOMETRIC_REPRESENTATION_CONTEXT(2) 
PARAMETRIC_REPRESENTATION_CONTEXT() REPRESENTATION_CONTEXT('2D SPACE',''
  ) );
#450 = ORIENTED_EDGE('',*,*,#401,.T.);
#451 = ADVANCED_FACE('',(#452),#240,.T.);
#452 = FACE_BOUND('',#453,.T.);
#453 = EDGE_LOOP('',(#454,#483,#504,#505));
#454 = ORIENTED_EDGE('',*,*,#455,.F.);
#455 = EDGE_CURVE('',#456,#456,#458,.T.);
#456 = VERTEX_POINT('',#457);
#457 = CARTESIAN_POINT('',(12.4,8.,-2.75));
#458 = SURFACE_CURVE('',#459,(#464,#471),.PCURVE_S1.);
#459 = CIRCLE('',#460,0.4);
#460 = AXIS2_PLACEMENT_3D('',#461,#462,#463);
#461 = CARTESIAN_POINT('',(12.,8.,-2.75));
#462 = DIRECTION('',(0.,0.,1.));
#463 = DIRECTION('',(1.,0.,0.));
#464 = PCURVE('',#240,#465);
#465 = DEFINITIONAL_REPRESENTATION('',(#466),#470);
#466 = LINE('',#467,#468);
#467 = CARTESIAN_POINT('',(0.,0.9));
#468 = VECTOR('',#469,1.);
#469 = DIRECTION('',(1.,0.));
#470 = ( GEOMETRIC_REPRESENTATION_CONTEXT(2) 
PARAMETRIC_REPRESENTATION_CONTEXT() REPRESENTATION_CONTEXT('2D SPACE',''
  ) );
#471 = PCURVE('',#472,#477);
#472 = PLANE('',#473);
#473 = AXIS2_PLACEMENT_3D('',#474,#475,#476);
#474 = CARTESIAN_POINT('',(12.,8.,-2.75));
#475 = DIRECTION('',(0.,0.,1.));
#476 = DIRECTION('',(1.,0.,0.));
#477 = DEFINITIONAL_REPRESENTATION('',(#478),#482);
#478 = CIRCLE('',#479,0.4);
#479 = AXIS2_PLACEMENT_2D('',#480,#481);
#480 = CARTESIAN_POINT('',(0.,0.));
#481 = DIRECTION('',(1.,0.));
#482 = ( GEOMETRIC_REPRESENTATION_CONTEXT(2) 
PARAMETRIC_REPRESENTATION_CONTEXT() REPRESENTATION_CONTEXT('2D SPACE',''
  ) );
#483 = ORIENTED_EDGE('',*,*,#484,.F.);
#484 = EDGE_CURVE('',#224,#456,#485,.T.);
#485 = SEAM_CURVE('',#486,(#490,#497),.PCURVE_S1.);
#486 = LINE('',#487,#488);
#487 = CARTESIAN_POINT('',(12.4,8.,-3.65));
#488 = VECTOR('',#489,1.);
#489 = DIRECTION('',(0.,0.,1.));
#490 = PCURVE('',#240,#491);
#491 = DEFINITIONAL_REPRESENTATION('',(#492),#496);
#492 = LINE('',#493,#494);
#493 = CARTESIAN_POINT('',(6.28318530718,-0.));
#494 = VECTOR('',#495,1.);
#495 = DIRECTION('',(0.,1.));
#496 = ( GEOMETRIC_REPRESENTATION_CONTEXT(2) 
PARAMETRIC_REPRESENTATION_CONTEXT() REPRESENTATION_CONTEXT('2D SPACE',''
  ) );
#497 = PCURVE('',#240,#498);
#498 = DEFINITIONAL_REPRESENTATION('',(#499),#503);
#499 = LINE('',#500,#501);
#500 = CARTESIAN_POINT('',(0.,-0.));
#501 = VECTOR('',#502,1.);
#502 = DIRECTION('',(0.,1.));
#503 = ( GEOMETRIC_REPRESENTATION_CONTEXT(2) 
PARAMETRIC_REPRESENTATION_CONTEXT() REPRESENTATION_CONTEXT('2D SPACE',''
  ) );
#504 = ORIENTED_EDGE('',*,*,#223,.T.);
#505 = ORIENTED_EDGE('',*,*,#484,.T.);
#506 = ADVANCED_FACE('',(#507),#275,.F.);
#507 = FACE_BOUND('',#508,.T.);
#508 = EDGE_LOOP('',(#509,#532,#559,#560));
#509 = ORIENTED_EDGE('',*,*,#510,.T.);
#510 = EDGE_CURVE('',#259,#511,#513,.T.);
#511 = VERTEX_POINT('',#512);
#512 = CARTESIAN_POINT('',(16.5,0.,-4.01));
#513 = SEAM_CURVE('',#514,(#518,#525),.PCURVE_S1.);
#514 = LINE('',#515,#516);
#515 = CARTESIAN_POINT('',(16.5,0.,-4.05));
#516 = VECTOR('',#517,1.);
#517 = DIRECTION('',(0.,0.,1.));
#518 = PCURVE('',#275,#519);
#519 = DEFINITIONAL_REPRESENTATION('',(#520),#524);
#520 = LINE('',#521,#522);
#521 = CARTESIAN_POINT('',(-0.,0.));
#522 = VECTOR('',#523,1.);
#523 = DIRECTION('',(-0.,-1.));
#524 = ( GEOMETRIC_REPRESENTATION_CONTEXT(2) 
PARAMETRIC_REPRESENTATION_CONTEXT() REPRESENTATION_CONTEXT('2D SPACE',''
  ) );
#525 = PCURVE('',#275,#526);
#526 = DEFINITIONAL_REPRESENTATION('',(#527),#531);
#527 = LINE('',#528,#529);
#528 = CARTESIAN_POINT('',(-6.28318530718,0.));
#529 = VECTOR('',#530,1.);
#530 = DIRECTION('',(-0.,-1.));
#531 = ( GEOMETRIC_REPRESENTATION_CONTEXT(2) 
PARAMETRIC_REPRESENTATION_CONTEXT() REPRESENTATION_CONTEXT('2D SPACE',''
  ) );
#532 = ORIENTED_EDGE('',*,*,#533,.T.);
#533 = EDGE_CURVE('',#511,#511,#534,.T.);
#534 = SURFACE_CURVE('',#535,(#540,#547),.PCURVE_S1.);
#535 = CIRCLE('',#536,16.5);
#536 = AXIS2_PLACEMENT_3D('',#537,#538,#539);
#537 = CARTESIAN_POINT('',(0.,0.,-4.01));
#538 = DIRECTION('',(0.,0.,1.));
#539 = DIRECTION('',(1.,0.,0.));
#540 = PCURVE('',#275,#541);
#541 = DEFINITIONAL_REPRESENTATION('',(#542),#546);
#542 = LINE('',#543,#544);
#543 = CARTESIAN_POINT('',(-0.,-4.E-02));
#544 = VECTOR('',#545,1.);
#545 = DIRECTION('',(-1.,0.));
#546 = ( GEOMETRIC_REPRESENTATION_CONTEXT(2) 
PARAMETRIC_REPRESENTATION_CONTEXT() REPRESENTATION_CONTEXT('2D SPACE',''
  ) );
#547 = PCURVE('',#548,#553);
#548 = PLANE('',#549);
#549 = AXIS2_PLACEMENT_3D('',#550,#551,#552);
#550 = CARTESIAN_POINT('',(-1.657503190957E-15,-1.055446314829E-17,-4.01
    ));
#551 = DIRECTION('',(0.,0.,1.));
#552 = DIRECTION('',(1.,0.,0.));
#553 = DEFINITIONAL_REPRESENTATION('',(#554),#558);
#554 = CIRCLE('',#555,16.5);
#555 = AXIS2_PLACEMENT_2D('',#556,#557);
#556 = CARTESIAN_POINT('',(1.657503190957E-15,1.055446314829E-17));
#557 = DIRECTION('',(1.,0.));
#558 = ( GEOMETRIC_REPRESENTATION_CONTEXT(2) 
PARAMETRIC_REPRESENTATION_CONTEXT() REPRESENTATION_CONTEXT('2D SPACE',''
  ) );
#559 = ORIENTED_EDGE('',*,*,#510,.F.);
#560 = ORIENTED_EDGE('',*,*,#258,.F.);
#561 = ADVANCED_FACE('',(#562),#307,.T.);
#562 = FACE_BOUND('',#563,.T.);
#563 = EDGE_LOOP('',(#564));
#564 = ORIENTED_EDGE('',*,*,#290,.T.);
#565 = ADVANCED_FACE('',(#566,#597),#385,.F.);
#566 = FACE_BOUND('',#567,.F.);
#567 = EDGE_LOOP('',(#568));
#568 = ORIENTED_EDGE('',*,*,#569,.T.);
#569 = EDGE_CURVE('',#570,#570,#572,.T.);
#570 = VERTEX_POINT('',#571);
#571 = CARTESIAN_POINT('',(-4.4,-1.126675055216E-15,-3.95));
#572 = SURFACE_CURVE('',#573,(#578,#585),.PCURVE_S1.);
#573 = CIRCLE('',#574,4.6);
#574 = AXIS2_PLACEMENT_3D('',#575,#576,#577);
#575 = CARTESIAN_POINT('',(-9.,0.,-3.95));
#576 = DIRECTION('',(0.,0.,1.));
#577 = DIRECTION('',(1.,0.,0.));
#578 = PCURVE('',#385,#579);
#579 = DEFINITIONAL_REPRESENTATION('',(#580),#584);
#580 = CIRCLE('',#581,4.6);
#581 = AXIS2_PLACEMENT_2D('',#582,#583);
#582 = CARTESIAN_POINT('',(0.,0.));
#583 = DIRECTION('',(1.,0.));
#584 = ( GEOMETRIC_REPRESENTATION_CONTEXT(2) 
PARAMETRIC_REPRESENTATION_CONTEXT() REPRESENTATION_CONTEXT('2D SPACE',''
  ) );
#585 = PCURVE('',#586,#591);
#586 = CYLINDRICAL_SURFACE('',#587,4.6);
#587 = AXIS2_PLACEMENT_3D('',#588,#589,#590);
#588 = CARTESIAN_POINT('',(-9.,0.,-4.05));
#589 = DIRECTION('',(0.,0.,1.));
#590 = DIRECTION('',(1.,0.,0.));
#591 = DEFINITIONAL_REPRESENTATION('',(#592),#596);
#592 = LINE('',#593,#594);
#593 = CARTESIAN_POINT('',(0.,0.1));
#594 = VECTOR('',#595,1.);
#595 = DIRECTION('',(1.,0.));
#596 = ( GEOMETRIC_REPRESENTATION_CONTEXT(2) 
PARAMETRIC_REPRESENTATION_CONTEXT() REPRESENTATION_CONTEXT('2D SPACE',''
  ) );
#597 = FACE_BOUND('',#598,.F.);
#598 = EDGE_LOOP('',(#599));
#599 = ORIENTED_EDGE('',*,*,#370,.F.);
#600 = ADVANCED_FACE('',(#601,#632,#746,#860,#974,#1088,#1202,#1316,
    #1342,#1456,#1459,#1573,#1687,#1801,#1915,#2029,#2143),#439,.F.);
#601 = FACE_BOUND('',#602,.F.);
#602 = EDGE_LOOP('',(#603));
#603 = ORIENTED_EDGE('',*,*,#604,.T.);
#604 = EDGE_CURVE('',#605,#605,#607,.T.);
#605 = VERTEX_POINT('',#606);
#606 = CARTESIAN_POINT('',(14.8,0.,-4.05));
#607 = SURFACE_CURVE('',#608,(#613,#620),.PCURVE_S1.);
#608 = CIRCLE('',#609,14.8);
#609 = AXIS2_PLACEMENT_3D('',#610,#611,#612);
#610 = CARTESIAN_POINT('',(0.,0.,-4.05));
#611 = DIRECTION('',(0.,0.,1.));
#612 = DIRECTION('',(1.,0.,0.));
#613 = PCURVE('',#439,#614);
#614 = DEFINITIONAL_REPRESENTATION('',(#615),#619);
#615 = CIRCLE('',#616,14.8);
#616 = AXIS2_PLACEMENT_2D('',#617,#618);
#617 = CARTESIAN_POINT('',(6.251154891609E-16,-5.358536788191E-16));
#618 = DIRECTION('',(1.,0.));
#619 = ( GEOMETRIC_REPRESENTATION_CONTEXT(2) 
PARAMETRIC_REPRESENTATION_CONTEXT() REPRESENTATION_CONTEXT('2D SPACE',''
  ) );
#620 = PCURVE('',#621,#626);
#621 = CYLINDRICAL_SURFACE('',#622,14.8);
#622 = AXIS2_PLACEMENT_3D('',#623,#624,#625);
#623 = CARTESIAN_POINT('',(0.,0.,-4.05));
#624 = DIRECTION('',(-0.,-0.,-1.));
#625 = DIRECTION('',(1.,0.,0.));
#626 = DEFINITIONAL_REPRESENTATION('',(#627),#631);
#627 = LINE('',#628,#629);
#628 = CARTESIAN_POINT('',(-0.,0.));
#629 = VECTOR('',#630,1.);
#630 = DIRECTION('',(-1.,0.));
#631 = ( GEOMETRIC_REPRESENTATION_CONTEXT(2) 
PARAMETRIC_REPRESENTATION_CONTEXT() REPRESENTATION_CONTEXT('2D SPACE',''
  ) );
#632 = FACE_BOUND('',#633,.F.);
#633 = EDGE_LOOP('',(#634,#664,#692,#720));
#634 = ORIENTED_EDGE('',*,*,#635,.T.);
#635 = EDGE_CURVE('',#636,#638,#640,.T.);
#636 = VERTEX_POINT('',#637);
#637 = CARTESIAN_POINT('',(-5.861843013959,-10.70300992617,-4.05));
#638 = VERTEX_POINT('',#639);
#639 = CARTESIAN_POINT('',(-6.861843013959,-12.43506073373,-4.05));
#640 = SURFACE_CURVE('',#641,(#645,#652),.PCURVE_S1.);
#641 = LINE('',#642,#643);
#642 = CARTESIAN_POINT('',(-5.861843013959,-10.70300992617,-4.05));
#643 = VECTOR('',#644,1.);
#644 = DIRECTION('',(-0.5,-0.866025403784,0.));
#645 = PCURVE('',#439,#646);
#646 = DEFINITIONAL_REPRESENTATION('',(#647),#651);
#647 = LINE('',#648,#649);
#648 = CARTESIAN_POINT('',(-5.861843013959,-10.70300992617));
#649 = VECTOR('',#650,1.);
#650 = DIRECTION('',(-0.5,-0.866025403784));
#651 = ( GEOMETRIC_REPRESENTATION_CONTEXT(2) 
PARAMETRIC_REPRESENTATION_CONTEXT() REPRESENTATION_CONTEXT('2D SPACE',''
  ) );
#652 = PCURVE('',#653,#658);
#653 = PLANE('',#654);
#654 = AXIS2_PLACEMENT_3D('',#655,#656,#657);
#655 = CARTESIAN_POINT('',(-5.861843013959,-10.70300992617,-4.2));
#656 = DIRECTION('',(-0.866025403784,0.5,0.));
#657 = DIRECTION('',(0.,0.,1.));
#658 = DEFINITIONAL_REPRESENTATION('',(#659),#663);
#659 = LINE('',#660,#661);
#660 = CARTESIAN_POINT('',(0.15,0.));
#661 = VECTOR('',#662,1.);
#662 = DIRECTION('',(0.,-1.));
#663 = ( GEOMETRIC_REPRESENTATION_CONTEXT(2) 
PARAMETRIC_REPRESENTATION_CONTEXT() REPRESENTATION_CONTEXT('2D SPACE',''
  ) );
#664 = ORIENTED_EDGE('',*,*,#665,.T.);
#665 = EDGE_CURVE('',#638,#666,#668,.T.);
#666 = VERTEX_POINT('',#667);
#667 = CARTESIAN_POINT('',(-7.338156986041,-12.16006073373,-4.05));
#668 = SURFACE_CURVE('',#669,(#673,#680),.PCURVE_S1.);
#669 = LINE('',#670,#671);
#670 = CARTESIAN_POINT('',(-6.861843013959,-12.43506073373,-4.05));
#671 = VECTOR('',#672,1.);
#672 = DIRECTION('',(-0.866025403784,0.5,0.));
#673 = PCURVE('',#439,#674);
#674 = DEFINITIONAL_REPRESENTATION('',(#675),#679);
#675 = LINE('',#676,#677);
#676 = CARTESIAN_POINT('',(-6.861843013959,-12.43506073373));
#677 = VECTOR('',#678,1.);
#678 = DIRECTION('',(-0.866025403784,0.5));
#679 = ( GEOMETRIC_REPRESENTATION_CONTEXT(2) 
PARAMETRIC_REPRESENTATION_CONTEXT() REPRESENTATION_CONTEXT('2D SPACE',''
  ) );
#680 = PCURVE('',#681,#686);
#681 = PLANE('',#682);
#682 = AXIS2_PLACEMENT_3D('',#683,#684,#685);
#683 = CARTESIAN_POINT('',(-6.861843013959,-12.43506073373,-4.2));
#684 = DIRECTION('',(-0.5,-0.866025403784,0.));
#685 = DIRECTION('',(0.,0.,1.));
#686 = DEFINITIONAL_REPRESENTATION('',(#687),#691);
#687 = LINE('',#688,#689);
#688 = CARTESIAN_POINT('',(0.15,0.));
#689 = VECTOR('',#690,1.);
#690 = DIRECTION('',(0.,1.));
#691 = ( GEOMETRIC_REPRESENTATION_CONTEXT(2) 
PARAMETRIC_REPRESENTATION_CONTEXT() REPRESENTATION_CONTEXT('2D SPACE',''
  ) );
#692 = ORIENTED_EDGE('',*,*,#693,.F.);
#693 = EDGE_CURVE('',#694,#666,#696,.T.);
#694 = VERTEX_POINT('',#695);
#695 = CARTESIAN_POINT('',(-6.338156986041,-10.42800992617,-4.05));
#696 = SURFACE_CURVE('',#697,(#701,#708),.PCURVE_S1.);
#697 = LINE('',#698,#699);
#698 = CARTESIAN_POINT('',(-6.338156986041,-10.42800992617,-4.05));
#699 = VECTOR('',#700,1.);
#700 = DIRECTION('',(-0.5,-0.866025403784,0.));
#701 = PCURVE('',#439,#702);
#702 = DEFINITIONAL_REPRESENTATION('',(#703),#707);
#703 = LINE('',#704,#705);
#704 = CARTESIAN_POINT('',(-6.338156986041,-10.42800992617));
#705 = VECTOR('',#706,1.);
#706 = DIRECTION('',(-0.5,-0.866025403784));
#707 = ( GEOMETRIC_REPRESENTATION_CONTEXT(2) 
PARAMETRIC_REPRESENTATION_CONTEXT() REPRESENTATION_CONTEXT('2D SPACE',''
  ) );
#708 = PCURVE('',#709,#714);
#709 = PLANE('',#710);
#710 = AXIS2_PLACEMENT_3D('',#711,#712,#713);
#711 = CARTESIAN_POINT('',(-6.338156986041,-10.42800992617,-4.2));
#712 = DIRECTION('',(-0.866025403784,0.5,0.));
#713 = DIRECTION('',(0.,0.,1.));
#714 = DEFINITIONAL_REPRESENTATION('',(#715),#719);
#715 = LINE('',#716,#717);
#716 = CARTESIAN_POINT('',(0.15,0.));
#717 = VECTOR('',#718,1.);
#718 = DIRECTION('',(0.,-1.));
#719 = ( GEOMETRIC_REPRESENTATION_CONTEXT(2) 
PARAMETRIC_REPRESENTATION_CONTEXT() REPRESENTATION_CONTEXT('2D SPACE',''
  ) );
#720 = ORIENTED_EDGE('',*,*,#721,.F.);
#721 = EDGE_CURVE('',#636,#694,#722,.T.);
#722 = SURFACE_CURVE('',#723,(#727,#734),.PCURVE_S1.);
#723 = LINE('',#724,#725);
#724 = CARTESIAN_POINT('',(-5.861843013959,-10.70300992617,-4.05));
#725 = VECTOR('',#726,1.);
#726 = DIRECTION('',(-0.866025403784,0.5,0.));
#727 = PCURVE('',#439,#728);
#728 = DEFINITIONAL_REPRESENTATION('',(#729),#733);
#729 = LINE('',#730,#731);
#730 = CARTESIAN_POINT('',(-5.861843013959,-10.70300992617));
#731 = VECTOR('',#732,1.);
#732 = DIRECTION('',(-0.866025403784,0.5));
#733 = ( GEOMETRIC_REPRESENTATION_CONTEXT(2) 
PARAMETRIC_REPRESENTATION_CONTEXT() REPRESENTATION_CONTEXT('2D SPACE',''
  ) );
#734 = PCURVE('',#735,#740);
#735 = PLANE('',#736);
#736 = AXIS2_PLACEMENT_3D('',#737,#738,#739);
#737 = CARTESIAN_POINT('',(-5.861843013959,-10.70300992617,-4.2));
#738 = DIRECTION('',(-0.5,-0.866025403784,0.));
#739 = DIRECTION('',(0.,0.,1.));
#740 = DEFINITIONAL_REPRESENTATION('',(#741),#745);
#741 = LINE('',#742,#743);
#742 = CARTESIAN_POINT('',(0.15,0.));
#743 = VECTOR('',#744,1.);
#744 = DIRECTION('',(0.,1.));
#745 = ( GEOMETRIC_REPRESENTATION_CONTEXT(2) 
PARAMETRIC_REPRESENTATION_CONTEXT() REPRESENTATION_CONTEXT('2D SPACE',''
  ) );
#746 = FACE_BOUND('',#747,.F.);
#747 = EDGE_LOOP('',(#748,#778,#806,#834));
#748 = ORIENTED_EDGE('',*,*,#749,.T.);
#749 = EDGE_CURVE('',#750,#752,#754,.T.);
#750 = VERTEX_POINT('',#751);
#751 = CARTESIAN_POINT('',(0.275,-12.2,-4.05));
#752 = VERTEX_POINT('',#753);
#753 = CARTESIAN_POINT('',(0.275,-14.2,-4.05));
#754 = SURFACE_CURVE('',#755,(#759,#766),.PCURVE_S1.);
#755 = LINE('',#756,#757);
#756 = CARTESIAN_POINT('',(0.275,-12.2,-4.05));
#757 = VECTOR('',#758,1.);
#758 = DIRECTION('',(1.224646799147E-16,-1.,0.));
#759 = PCURVE('',#439,#760);
#760 = DEFINITIONAL_REPRESENTATION('',(#761),#765);
#761 = LINE('',#762,#763);
#762 = CARTESIAN_POINT('',(0.275,-12.2));
#763 = VECTOR('',#764,1.);
#764 = DIRECTION('',(1.224646799147E-16,-1.));
#765 = ( GEOMETRIC_REPRESENTATION_CONTEXT(2) 
PARAMETRIC_REPRESENTATION_CONTEXT() REPRESENTATION_CONTEXT('2D SPACE',''
  ) );
#766 = PCURVE('',#767,#772);
#767 = PLANE('',#768);
#768 = AXIS2_PLACEMENT_3D('',#769,#770,#771);
#769 = CARTESIAN_POINT('',(0.275,-12.2,-4.2));
#770 = DIRECTION('',(-1.,-1.224646799147E-16,0.));
#771 = DIRECTION('',(0.,0.,1.));
#772 = DEFINITIONAL_REPRESENTATION('',(#773),#777);
#773 = LINE('',#774,#775);
#774 = CARTESIAN_POINT('',(0.15,0.));
#775 = VECTOR('',#776,1.);
#776 = DIRECTION('',(0.,-1.));
#777 = ( GEOMETRIC_REPRESENTATION_CONTEXT(2) 
PARAMETRIC_REPRESENTATION_CONTEXT() REPRESENTATION_CONTEXT('2D SPACE',''
  ) );
#778 = ORIENTED_EDGE('',*,*,#779,.T.);
#779 = EDGE_CURVE('',#752,#780,#782,.T.);
#780 = VERTEX_POINT('',#781);
#781 = CARTESIAN_POINT('',(-0.275,-14.2,-4.05));
#782 = SURFACE_CURVE('',#783,(#787,#794),.PCURVE_S1.);
#783 = LINE('',#784,#785);
#784 = CARTESIAN_POINT('',(0.275,-14.2,-4.05));
#785 = VECTOR('',#786,1.);
#786 = DIRECTION('',(-1.,-1.224646799147E-16,0.));
#787 = PCURVE('',#439,#788);
#788 = DEFINITIONAL_REPRESENTATION('',(#789),#793);
#789 = LINE('',#790,#791);
#790 = CARTESIAN_POINT('',(0.275,-14.2));
#791 = VECTOR('',#792,1.);
#792 = DIRECTION('',(-1.,-1.224646799147E-16));
#793 = ( GEOMETRIC_REPRESENTATION_CONTEXT(2) 
PARAMETRIC_REPRESENTATION_CONTEXT() REPRESENTATION_CONTEXT('2D SPACE',''
  ) );
#794 = PCURVE('',#795,#800);
#795 = PLANE('',#796);
#796 = AXIS2_PLACEMENT_3D('',#797,#798,#799);
#797 = CARTESIAN_POINT('',(0.275,-14.2,-4.2));
#798 = DIRECTION('',(1.224646799147E-16,-1.,0.));
#799 = DIRECTION('',(0.,0.,1.));
#800 = DEFINITIONAL_REPRESENTATION('',(#801),#805);
#801 = LINE('',#802,#803);
#802 = CARTESIAN_POINT('',(0.15,0.));
#803 = VECTOR('',#804,1.);
#804 = DIRECTION('',(0.,1.));
#805 = ( GEOMETRIC_REPRESENTATION_CONTEXT(2) 
PARAMETRIC_REPRESENTATION_CONTEXT() REPRESENTATION_CONTEXT('2D SPACE',''
  ) );
#806 = ORIENTED_EDGE('',*,*,#807,.F.);
#807 = EDGE_CURVE('',#808,#780,#810,.T.);
#808 = VERTEX_POINT('',#809);
#809 = CARTESIAN_POINT('',(-0.275,-12.2,-4.05));
#810 = SURFACE_CURVE('',#811,(#815,#822),.PCURVE_S1.);
#811 = LINE('',#812,#813);
#812 = CARTESIAN_POINT('',(-0.275,-12.2,-4.05));
#813 = VECTOR('',#814,1.);
#814 = DIRECTION('',(1.224646799147E-16,-1.,0.));
#815 = PCURVE('',#439,#816);
#816 = DEFINITIONAL_REPRESENTATION('',(#817),#821);
#817 = LINE('',#818,#819);
#818 = CARTESIAN_POINT('',(-0.275,-12.2));
#819 = VECTOR('',#820,1.);
#820 = DIRECTION('',(1.224646799147E-16,-1.));
#821 = ( GEOMETRIC_REPRESENTATION_CONTEXT(2) 
PARAMETRIC_REPRESENTATION_CONTEXT() REPRESENTATION_CONTEXT('2D SPACE',''
  ) );
#822 = PCURVE('',#823,#828);
#823 = PLANE('',#824);
#824 = AXIS2_PLACEMENT_3D('',#825,#826,#827);
#825 = CARTESIAN_POINT('',(-0.275,-12.2,-4.2));
#826 = DIRECTION('',(-1.,-1.224646799147E-16,0.));
#827 = DIRECTION('',(0.,0.,1.));
#828 = DEFINITIONAL_REPRESENTATION('',(#829),#833);
#829 = LINE('',#830,#831);
#830 = CARTESIAN_POINT('',(0.15,0.));
#831 = VECTOR('',#832,1.);
#832 = DIRECTION('',(0.,-1.));
#833 = ( GEOMETRIC_REPRESENTATION_CONTEXT(2) 
PARAMETRIC_REPRESENTATION_CONTEXT() REPRESENTATION_CONTEXT('2D SPACE',''
  ) );
#834 = ORIENTED_EDGE('',*,*,#835,.F.);
#835 = EDGE_CURVE('',#750,#808,#836,.T.);
#836 = SURFACE_CURVE('',#837,(#841,#848),.PCURVE_S1.);
#837 = LINE('',#838,#839);
#838 = CARTESIAN_POINT('',(0.275,-12.2,-4.05));
#839 = VECTOR('',#840,1.);
#840 = DIRECTION('',(-1.,-1.224646799147E-16,0.));
#841 = PCURVE('',#439,#842);
#842 = DEFINITIONAL_REPRESENTATION('',(#843),#847);
#843 = LINE('',#844,#845);
#844 = CARTESIAN_POINT('',(0.275,-12.2));
#845 = VECTOR('',#846,1.);
#846 = DIRECTION('',(-1.,-1.224646799147E-16));
#847 = ( GEOMETRIC_REPRESENTATION_CONTEXT(2) 
PARAMETRIC_REPRESENTATION_CONTEXT() REPRESENTATION_CONTEXT('2D SPACE',''
  ) );
#848 = PCURVE('',#849,#854);
#849 = PLANE('',#850);
#850 = AXIS2_PLACEMENT_3D('',#851,#852,#853);
#851 = CARTESIAN_POINT('',(0.275,-12.2,-4.2));
#852 = DIRECTION('',(1.224646799147E-16,-1.,0.));
#853 = DIRECTION('',(0.,0.,1.));
#854 = DEFINITIONAL_REPRESENTATION('',(#855),#859);
#855 = LINE('',#856,#857);
#856 = CARTESIAN_POINT('',(0.15,0.));
#857 = VECTOR('',#858,1.);
#858 = DIRECTION('',(0.,1.));
#859 = ( GEOMETRIC_REPRESENTATION_CONTEXT(2) 
PARAMETRIC_REPRESENTATION_CONTEXT() REPRESENTATION_CONTEXT('2D SPACE',''
  ) );
#860 = FACE_BOUND('',#861,.F.);
#861 = EDGE_LOOP('',(#862,#892,#920,#948));
#862 = ORIENTED_EDGE('',*,*,#863,.T.);
#863 = EDGE_CURVE('',#864,#866,#868,.T.);
#864 = VERTEX_POINT('',#865);
#865 = CARTESIAN_POINT('',(-1.8,-8.675,-4.05));
#866 = VERTEX_POINT('',#867);
#867 = CARTESIAN_POINT('',(-1.8,-8.325,-4.05));
#868 = SURFACE_CURVE('',#869,(#873,#880),.PCURVE_S1.);
#869 = LINE('',#870,#871);
#870 = CARTESIAN_POINT('',(-1.8,-8.675,-4.05));
#871 = VECTOR('',#872,1.);
#872 = DIRECTION('',(0.,1.,0.));
#873 = PCURVE('',#439,#874);
#874 = DEFINITIONAL_REPRESENTATION('',(#875),#879);
#875 = LINE('',#876,#877);
#876 = CARTESIAN_POINT('',(-1.8,-8.675));
#877 = VECTOR('',#878,1.);
#878 = DIRECTION('',(0.,1.));
#879 = ( GEOMETRIC_REPRESENTATION_CONTEXT(2) 
PARAMETRIC_REPRESENTATION_CONTEXT() REPRESENTATION_CONTEXT('2D SPACE',''
  ) );
#880 = PCURVE('',#881,#886);
#881 = PLANE('',#882);
#882 = AXIS2_PLACEMENT_3D('',#883,#884,#885);
#883 = CARTESIAN_POINT('',(-1.8,-8.675,-4.09));
#884 = DIRECTION('',(1.,0.,0.));
#885 = DIRECTION('',(0.,0.,1.));
#886 = DEFINITIONAL_REPRESENTATION('',(#887),#891);
#887 = LINE('',#888,#889);
#888 = CARTESIAN_POINT('',(4.E-02,0.));
#889 = VECTOR('',#890,1.);
#890 = DIRECTION('',(0.,-1.));
#891 = ( GEOMETRIC_REPRESENTATION_CONTEXT(2) 
PARAMETRIC_REPRESENTATION_CONTEXT() REPRESENTATION_CONTEXT('2D SPACE',''
  ) );
#892 = ORIENTED_EDGE('',*,*,#893,.T.);
#893 = EDGE_CURVE('',#866,#894,#896,.T.);
#894 = VERTEX_POINT('',#895);
#895 = CARTESIAN_POINT('',(1.8,-8.325,-4.05));
#896 = SURFACE_CURVE('',#897,(#901,#908),.PCURVE_S1.);
#897 = LINE('',#898,#899);
#898 = CARTESIAN_POINT('',(-1.8,-8.325,-4.05));
#899 = VECTOR('',#900,1.);
#900 = DIRECTION('',(1.,0.,0.));
#901 = PCURVE('',#439,#902);
#902 = DEFINITIONAL_REPRESENTATION('',(#903),#907);
#903 = LINE('',#904,#905);
#904 = CARTESIAN_POINT('',(-1.8,-8.325));
#905 = VECTOR('',#906,1.);
#906 = DIRECTION('',(1.,0.));
#907 = ( GEOMETRIC_REPRESENTATION_CONTEXT(2) 
PARAMETRIC_REPRESENTATION_CONTEXT() REPRESENTATION_CONTEXT('2D SPACE',''
  ) );
#908 = PCURVE('',#909,#914);
#909 = PLANE('',#910);
#910 = AXIS2_PLACEMENT_3D('',#911,#912,#913);
#911 = CARTESIAN_POINT('',(-1.8,-8.325,-4.09));
#912 = DIRECTION('',(0.,1.,0.));
#913 = DIRECTION('',(0.,0.,1.));
#914 = DEFINITIONAL_REPRESENTATION('',(#915),#919);
#915 = LINE('',#916,#917);
#916 = CARTESIAN_POINT('',(4.E-02,0.));
#917 = VECTOR('',#918,1.);
#918 = DIRECTION('',(0.,1.));
#919 = ( GEOMETRIC_REPRESENTATION_CONTEXT(2) 
PARAMETRIC_REPRESENTATION_CONTEXT() REPRESENTATION_CONTEXT('2D SPACE',''
  ) );
#920 = ORIENTED_EDGE('',*,*,#921,.F.);
#921 = EDGE_CURVE('',#922,#894,#924,.T.);
#922 = VERTEX_POINT('',#923);
#923 = CARTESIAN_POINT('',(1.8,-8.675,-4.05));
#924 = SURFACE_CURVE('',#925,(#929,#936),.PCURVE_S1.);
#925 = LINE('',#926,#927);
#926 = CARTESIAN_POINT('',(1.8,-8.675,-4.05));
#927 = VECTOR('',#928,1.);
#928 = DIRECTION('',(0.,1.,0.));
#929 = PCURVE('',#439,#930);
#930 = DEFINITIONAL_REPRESENTATION('',(#931),#935);
#931 = LINE('',#932,#933);
#932 = CARTESIAN_POINT('',(1.8,-8.675));
#933 = VECTOR('',#934,1.);
#934 = DIRECTION('',(0.,1.));
#935 = ( GEOMETRIC_REPRESENTATION_CONTEXT(2) 
PARAMETRIC_REPRESENTATION_CONTEXT() REPRESENTATION_CONTEXT('2D SPACE',''
  ) );
#936 = PCURVE('',#937,#942);
#937 = PLANE('',#938);
#938 = AXIS2_PLACEMENT_3D('',#939,#940,#941);
#939 = CARTESIAN_POINT('',(1.8,-8.675,-4.09));
#940 = DIRECTION('',(1.,0.,0.));
#941 = DIRECTION('',(0.,0.,1.));
#942 = DEFINITIONAL_REPRESENTATION('',(#943),#947);
#943 = LINE('',#944,#945);
#944 = CARTESIAN_POINT('',(4.E-02,0.));
#945 = VECTOR('',#946,1.);
#946 = DIRECTION('',(0.,-1.));
#947 = ( GEOMETRIC_REPRESENTATION_CONTEXT(2) 
PARAMETRIC_REPRESENTATION_CONTEXT() REPRESENTATION_CONTEXT('2D SPACE',''
  ) );
#948 = ORIENTED_EDGE('',*,*,#949,.F.);
#949 = EDGE_CURVE('',#864,#922,#950,.T.);
#950 = SURFACE_CURVE('',#951,(#955,#962),.PCURVE_S1.);
#951 = LINE('',#952,#953);
#952 = CARTESIAN_POINT('',(-1.8,-8.675,-4.05));
#953 = VECTOR('',#954,1.);
#954 = DIRECTION('',(1.,0.,0.));
#955 = PCURVE('',#439,#956);
#956 = DEFINITIONAL_REPRESENTATION('',(#957),#961);
#957 = LINE('',#958,#959);
#958 = CARTESIAN_POINT('',(-1.8,-8.675));
#959 = VECTOR('',#960,1.);
#960 = DIRECTION('',(1.,0.));
#961 = ( GEOMETRIC_REPRESENTATION_CONTEXT(2) 
PARAMETRIC_REPRESENTATION_CONTEXT() REPRESENTATION_CONTEXT('2D SPACE',''
  ) );
#962 = PCURVE('',#963,#968);
#963 = PLANE('',#964);
#964 = AXIS2_PLACEMENT_3D('',#965,#966,#967);
#965 = CARTESIAN_POINT('',(-1.8,-8.675,-4.09));
#966 = DIRECTION('',(0.,1.,0.));
#967 = DIRECTION('',(0.,0.,1.));
#968 = DEFINITIONAL_REPRESENTATION('',(#969),#973);
#969 = LINE('',#970,#971);
#970 = CARTESIAN_POINT('',(4.E-02,0.));
#971 = VECTOR('',#972,1.);
#972 = DIRECTION('',(0.,1.));
#973 = ( GEOMETRIC_REPRESENTATION_CONTEXT(2) 
PARAMETRIC_REPRESENTATION_CONTEXT() REPRESENTATION_CONTEXT('2D SPACE',''
  ) );
#974 = FACE_BOUND('',#975,.F.);
#975 = EDGE_LOOP('',(#976,#1006,#1034,#1062));
#976 = ORIENTED_EDGE('',*,*,#977,.T.);
#977 = EDGE_CURVE('',#978,#980,#982,.T.);
#978 = VERTEX_POINT('',#979);
#979 = CARTESIAN_POINT('',(-10.42800992617,-6.338156986041,-4.05));
#980 = VERTEX_POINT('',#981);
#981 = CARTESIAN_POINT('',(-12.16006073373,-7.338156986041,-4.05));
#982 = SURFACE_CURVE('',#983,(#987,#994),.PCURVE_S1.);
#983 = LINE('',#984,#985);
#984 = CARTESIAN_POINT('',(-10.42800992617,-6.338156986041,-4.05));
#985 = VECTOR('',#986,1.);
#986 = DIRECTION('',(-0.866025403784,-0.5,0.));
#987 = PCURVE('',#439,#988);
#988 = DEFINITIONAL_REPRESENTATION('',(#989),#993);
#989 = LINE('',#990,#991);
#990 = CARTESIAN_POINT('',(-10.42800992617,-6.338156986041));
#991 = VECTOR('',#992,1.);
#992 = DIRECTION('',(-0.866025403784,-0.5));
#993 = ( GEOMETRIC_REPRESENTATION_CONTEXT(2) 
PARAMETRIC_REPRESENTATION_CONTEXT() REPRESENTATION_CONTEXT('2D SPACE',''
  ) );
#994 = PCURVE('',#995,#1000);
#995 = PLANE('',#996);
#996 = AXIS2_PLACEMENT_3D('',#997,#998,#999);
#997 = CARTESIAN_POINT('',(-10.42800992617,-6.338156986041,-4.2));
#998 = DIRECTION('',(-0.5,0.866025403784,0.));
#999 = DIRECTION('',(0.,0.,1.));
#1000 = DEFINITIONAL_REPRESENTATION('',(#1001),#1005);
#1001 = LINE('',#1002,#1003);
#1002 = CARTESIAN_POINT('',(0.15,0.));
#1003 = VECTOR('',#1004,1.);
#1004 = DIRECTION('',(0.,-1.));
#1005 = ( GEOMETRIC_REPRESENTATION_CONTEXT(2) 
PARAMETRIC_REPRESENTATION_CONTEXT() REPRESENTATION_CONTEXT('2D SPACE',''
  ) );
#1006 = ORIENTED_EDGE('',*,*,#1007,.T.);
#1007 = EDGE_CURVE('',#980,#1008,#1010,.T.);
#1008 = VERTEX_POINT('',#1009);
#1009 = CARTESIAN_POINT('',(-12.43506073373,-6.861843013959,-4.05));
#1010 = SURFACE_CURVE('',#1011,(#1015,#1022),.PCURVE_S1.);
#1011 = LINE('',#1012,#1013);
#1012 = CARTESIAN_POINT('',(-12.16006073373,-7.338156986041,-4.05));
#1013 = VECTOR('',#1014,1.);
#1014 = DIRECTION('',(-0.5,0.866025403784,0.));
#1015 = PCURVE('',#439,#1016);
#1016 = DEFINITIONAL_REPRESENTATION('',(#1017),#1021);
#1017 = LINE('',#1018,#1019);
#1018 = CARTESIAN_POINT('',(-12.16006073373,-7.338156986041));
#1019 = VECTOR('',#1020,1.);
#1020 = DIRECTION('',(-0.5,0.866025403784));
#1021 = ( GEOMETRIC_REPRESENTATION_CONTEXT(2) 
PARAMETRIC_REPRESENTATION_CONTEXT() REPRESENTATION_CONTEXT('2D SPACE',''
  ) );
#1022 = PCURVE('',#1023,#1028);
#1023 = PLANE('',#1024);
#1024 = AXIS2_PLACEMENT_3D('',#1025,#1026,#1027);
#1025 = CARTESIAN_POINT('',(-12.16006073373,-7.338156986041,-4.2));
#1026 = DIRECTION('',(-0.866025403784,-0.5,0.));
#1027 = DIRECTION('',(0.,0.,1.));
#1028 = DEFINITIONAL_REPRESENTATION('',(#1029),#1033);
#1029 = LINE('',#1030,#1031);
#1030 = CARTESIAN_POINT('',(0.15,0.));
#1031 = VECTOR('',#1032,1.);
#1032 = DIRECTION('',(0.,1.));
#1033 = ( GEOMETRIC_REPRESENTATION_CONTEXT(2) 
PARAMETRIC_REPRESENTATION_CONTEXT() REPRESENTATION_CONTEXT('2D SPACE',''
  ) );
#1034 = ORIENTED_EDGE('',*,*,#1035,.F.);
#1035 = EDGE_CURVE('',#1036,#1008,#1038,.T.);
#1036 = VERTEX_POINT('',#1037);
#1037 = CARTESIAN_POINT('',(-10.70300992617,-5.861843013959,-4.05));
#1038 = SURFACE_CURVE('',#1039,(#1043,#1050),.PCURVE_S1.);
#1039 = LINE('',#1040,#1041);
#1040 = CARTESIAN_POINT('',(-10.70300992617,-5.861843013959,-4.05));
#1041 = VECTOR('',#1042,1.);
#1042 = DIRECTION('',(-0.866025403784,-0.5,0.));
#1043 = PCURVE('',#439,#1044);
#1044 = DEFINITIONAL_REPRESENTATION('',(#1045),#1049);
#1045 = LINE('',#1046,#1047);
#1046 = CARTESIAN_POINT('',(-10.70300992617,-5.861843013959));
#1047 = VECTOR('',#1048,1.);
#1048 = DIRECTION('',(-0.866025403784,-0.5));
#1049 = ( GEOMETRIC_REPRESENTATION_CONTEXT(2) 
PARAMETRIC_REPRESENTATION_CONTEXT() REPRESENTATION_CONTEXT('2D SPACE',''
  ) );
#1050 = PCURVE('',#1051,#1056);
#1051 = PLANE('',#1052);
#1052 = AXIS2_PLACEMENT_3D('',#1053,#1054,#1055);
#1053 = CARTESIAN_POINT('',(-10.70300992617,-5.861843013959,-4.2));
#1054 = DIRECTION('',(-0.5,0.866025403784,0.));
#1055 = DIRECTION('',(0.,0.,1.));
#1056 = DEFINITIONAL_REPRESENTATION('',(#1057),#1061);
#1057 = LINE('',#1058,#1059);
#1058 = CARTESIAN_POINT('',(0.15,0.));
#1059 = VECTOR('',#1060,1.);
#1060 = DIRECTION('',(0.,-1.));
#1061 = ( GEOMETRIC_REPRESENTATION_CONTEXT(2) 
PARAMETRIC_REPRESENTATION_CONTEXT() REPRESENTATION_CONTEXT('2D SPACE',''
  ) );
#1062 = ORIENTED_EDGE('',*,*,#1063,.F.);
#1063 = EDGE_CURVE('',#978,#1036,#1064,.T.);
#1064 = SURFACE_CURVE('',#1065,(#1069,#1076),.PCURVE_S1.);
#1065 = LINE('',#1066,#1067);
#1066 = CARTESIAN_POINT('',(-10.42800992617,-6.338156986041,-4.05));
#1067 = VECTOR('',#1068,1.);
#1068 = DIRECTION('',(-0.5,0.866025403784,0.));
#1069 = PCURVE('',#439,#1070);
#1070 = DEFINITIONAL_REPRESENTATION('',(#1071),#1075);
#1071 = LINE('',#1072,#1073);
#1072 = CARTESIAN_POINT('',(-10.42800992617,-6.338156986041));
#1073 = VECTOR('',#1074,1.);
#1074 = DIRECTION('',(-0.5,0.866025403784));
#1075 = ( GEOMETRIC_REPRESENTATION_CONTEXT(2) 
PARAMETRIC_REPRESENTATION_CONTEXT() REPRESENTATION_CONTEXT('2D SPACE',''
  ) );
#1076 = PCURVE('',#1077,#1082);
#1077 = PLANE('',#1078);
#1078 = AXIS2_PLACEMENT_3D('',#1079,#1080,#1081);
#1079 = CARTESIAN_POINT('',(-10.42800992617,-6.338156986041,-4.2));
#1080 = DIRECTION('',(-0.866025403784,-0.5,0.));
#1081 = DIRECTION('',(0.,0.,1.));
#1082 = DEFINITIONAL_REPRESENTATION('',(#1083),#1087);
#1083 = LINE('',#1084,#1085);
#1084 = CARTESIAN_POINT('',(0.15,0.));
#1085 = VECTOR('',#1086,1.);
#1086 = DIRECTION('',(0.,1.));
#1087 = ( GEOMETRIC_REPRESENTATION_CONTEXT(2) 
PARAMETRIC_REPRESENTATION_CONTEXT() REPRESENTATION_CONTEXT('2D SPACE',''
  ) );
#1088 = FACE_BOUND('',#1089,.F.);
#1089 = EDGE_LOOP('',(#1090,#1120,#1148,#1176));
#1090 = ORIENTED_EDGE('',*,*,#1091,.T.);
#1091 = EDGE_CURVE('',#1092,#1094,#1096,.T.);
#1092 = VERTEX_POINT('',#1093);
#1093 = CARTESIAN_POINT('',(6.338156986041,-10.42800992617,-4.05));
#1094 = VERTEX_POINT('',#1095);
#1095 = CARTESIAN_POINT('',(7.338156986041,-12.16006073373,-4.05));
#1096 = SURFACE_CURVE('',#1097,(#1101,#1108),.PCURVE_S1.);
#1097 = LINE('',#1098,#1099);
#1098 = CARTESIAN_POINT('',(6.338156986041,-10.42800992617,-4.05));
#1099 = VECTOR('',#1100,1.);
#1100 = DIRECTION('',(0.5,-0.866025403784,0.));
#1101 = PCURVE('',#439,#1102);
#1102 = DEFINITIONAL_REPRESENTATION('',(#1103),#1107);
#1103 = LINE('',#1104,#1105);
#1104 = CARTESIAN_POINT('',(6.338156986041,-10.42800992617));
#1105 = VECTOR('',#1106,1.);
#1106 = DIRECTION('',(0.5,-0.866025403784));
#1107 = ( GEOMETRIC_REPRESENTATION_CONTEXT(2) 
PARAMETRIC_REPRESENTATION_CONTEXT() REPRESENTATION_CONTEXT('2D SPACE',''
  ) );
#1108 = PCURVE('',#1109,#1114);
#1109 = PLANE('',#1110);
#1110 = AXIS2_PLACEMENT_3D('',#1111,#1112,#1113);
#1111 = CARTESIAN_POINT('',(6.338156986041,-10.42800992617,-4.2));
#1112 = DIRECTION('',(-0.866025403784,-0.5,0.));
#1113 = DIRECTION('',(0.,0.,1.));
#1114 = DEFINITIONAL_REPRESENTATION('',(#1115),#1119);
#1115 = LINE('',#1116,#1117);
#1116 = CARTESIAN_POINT('',(0.15,0.));
#1117 = VECTOR('',#1118,1.);
#1118 = DIRECTION('',(0.,-1.));
#1119 = ( GEOMETRIC_REPRESENTATION_CONTEXT(2) 
PARAMETRIC_REPRESENTATION_CONTEXT() REPRESENTATION_CONTEXT('2D SPACE',''
  ) );
#1120 = ORIENTED_EDGE('',*,*,#1121,.T.);
#1121 = EDGE_CURVE('',#1094,#1122,#1124,.T.);
#1122 = VERTEX_POINT('',#1123);
#1123 = CARTESIAN_POINT('',(6.861843013959,-12.43506073373,-4.05));
#1124 = SURFACE_CURVE('',#1125,(#1129,#1136),.PCURVE_S1.);
#1125 = LINE('',#1126,#1127);
#1126 = CARTESIAN_POINT('',(7.338156986041,-12.16006073373,-4.05));
#1127 = VECTOR('',#1128,1.);
#1128 = DIRECTION('',(-0.866025403784,-0.5,0.));
#1129 = PCURVE('',#439,#1130);
#1130 = DEFINITIONAL_REPRESENTATION('',(#1131),#1135);
#1131 = LINE('',#1132,#1133);
#1132 = CARTESIAN_POINT('',(7.338156986041,-12.16006073373));
#1133 = VECTOR('',#1134,1.);
#1134 = DIRECTION('',(-0.866025403784,-0.5));
#1135 = ( GEOMETRIC_REPRESENTATION_CONTEXT(2) 
PARAMETRIC_REPRESENTATION_CONTEXT() REPRESENTATION_CONTEXT('2D SPACE',''
  ) );
#1136 = PCURVE('',#1137,#1142);
#1137 = PLANE('',#1138);
#1138 = AXIS2_PLACEMENT_3D('',#1139,#1140,#1141);
#1139 = CARTESIAN_POINT('',(7.338156986041,-12.16006073373,-4.2));
#1140 = DIRECTION('',(0.5,-0.866025403784,0.));
#1141 = DIRECTION('',(0.,0.,1.));
#1142 = DEFINITIONAL_REPRESENTATION('',(#1143),#1147);
#1143 = LINE('',#1144,#1145);
#1144 = CARTESIAN_POINT('',(0.15,0.));
#1145 = VECTOR('',#1146,1.);
#1146 = DIRECTION('',(0.,1.));
#1147 = ( GEOMETRIC_REPRESENTATION_CONTEXT(2) 
PARAMETRIC_REPRESENTATION_CONTEXT() REPRESENTATION_CONTEXT('2D SPACE',''
  ) );
#1148 = ORIENTED_EDGE('',*,*,#1149,.F.);
#1149 = EDGE_CURVE('',#1150,#1122,#1152,.T.);
#1150 = VERTEX_POINT('',#1151);
#1151 = CARTESIAN_POINT('',(5.861843013959,-10.70300992617,-4.05));
#1152 = SURFACE_CURVE('',#1153,(#1157,#1164),.PCURVE_S1.);
#1153 = LINE('',#1154,#1155);
#1154 = CARTESIAN_POINT('',(5.861843013959,-10.70300992617,-4.05));
#1155 = VECTOR('',#1156,1.);
#1156 = DIRECTION('',(0.5,-0.866025403784,0.));
#1157 = PCURVE('',#439,#1158);
#1158 = DEFINITIONAL_REPRESENTATION('',(#1159),#1163);
#1159 = LINE('',#1160,#1161);
#1160 = CARTESIAN_POINT('',(5.861843013959,-10.70300992617));
#1161 = VECTOR('',#1162,1.);
#1162 = DIRECTION('',(0.5,-0.866025403784));
#1163 = ( GEOMETRIC_REPRESENTATION_CONTEXT(2) 
PARAMETRIC_REPRESENTATION_CONTEXT() REPRESENTATION_CONTEXT('2D SPACE',''
  ) );
#1164 = PCURVE('',#1165,#1170);
#1165 = PLANE('',#1166);
#1166 = AXIS2_PLACEMENT_3D('',#1167,#1168,#1169);
#1167 = CARTESIAN_POINT('',(5.861843013959,-10.70300992617,-4.2));
#1168 = DIRECTION('',(-0.866025403784,-0.5,0.));
#1169 = DIRECTION('',(0.,0.,1.));
#1170 = DEFINITIONAL_REPRESENTATION('',(#1171),#1175);
#1171 = LINE('',#1172,#1173);
#1172 = CARTESIAN_POINT('',(0.15,0.));
#1173 = VECTOR('',#1174,1.);
#1174 = DIRECTION('',(0.,-1.));
#1175 = ( GEOMETRIC_REPRESENTATION_CONTEXT(2) 
PARAMETRIC_REPRESENTATION_CONTEXT() REPRESENTATION_CONTEXT('2D SPACE',''
  ) );
#1176 = ORIENTED_EDGE('',*,*,#1177,.F.);
#1177 = EDGE_CURVE('',#1092,#1150,#1178,.T.);
#1178 = SURFACE_CURVE('',#1179,(#1183,#1190),.PCURVE_S1.);
#1179 = LINE('',#1180,#1181);
#1180 = CARTESIAN_POINT('',(6.338156986041,-10.42800992617,-4.05));
#1181 = VECTOR('',#1182,1.);
#1182 = DIRECTION('',(-0.866025403784,-0.5,0.));
#1183 = PCURVE('',#439,#1184);
#1184 = DEFINITIONAL_REPRESENTATION('',(#1185),#1189);
#1185 = LINE('',#1186,#1187);
#1186 = CARTESIAN_POINT('',(6.338156986041,-10.42800992617));
#1187 = VECTOR('',#1188,1.);
#1188 = DIRECTION('',(-0.866025403784,-0.5));
#1189 = ( GEOMETRIC_REPRESENTATION_CONTEXT(2) 
PARAMETRIC_REPRESENTATION_CONTEXT() REPRESENTATION_CONTEXT('2D SPACE',''
  ) );
#1190 = PCURVE('',#1191,#1196);
#1191 = PLANE('',#1192);
#1192 = AXIS2_PLACEMENT_3D('',#1193,#1194,#1195);
#1193 = CARTESIAN_POINT('',(6.338156986041,-10.42800992617,-4.2));
#1194 = DIRECTION('',(0.5,-0.866025403784,0.));
#1195 = DIRECTION('',(0.,0.,1.));
#1196 = DEFINITIONAL_REPRESENTATION('',(#1197),#1201);
#1197 = LINE('',#1198,#1199);
#1198 = CARTESIAN_POINT('',(0.15,0.));
#1199 = VECTOR('',#1200,1.);
#1200 = DIRECTION('',(0.,1.));
#1201 = ( GEOMETRIC_REPRESENTATION_CONTEXT(2) 
PARAMETRIC_REPRESENTATION_CONTEXT() REPRESENTATION_CONTEXT('2D SPACE',''
  ) );
#1202 = FACE_BOUND('',#1203,.F.);
#1203 = EDGE_LOOP('',(#1204,#1234,#1262,#1290));
#1204 = ORIENTED_EDGE('',*,*,#1205,.T.);
#1205 = EDGE_CURVE('',#1206,#1208,#1210,.T.);
#1206 = VERTEX_POINT('',#1207);
#1207 = CARTESIAN_POINT('',(10.70300992617,-5.861843013959,-4.05));
#1208 = VERTEX_POINT('',#1209);
#1209 = CARTESIAN_POINT('',(12.435060733739,-6.861843013959,-4.05));
#1210 = SURFACE_CURVE('',#1211,(#1215,#1222),.PCURVE_S1.);
#1211 = LINE('',#1212,#1213);
#1212 = CARTESIAN_POINT('',(10.70300992617,-5.861843013959,-4.05));
#1213 = VECTOR('',#1214,1.);
#1214 = DIRECTION('',(0.866025403784,-0.5,0.));
#1215 = PCURVE('',#439,#1216);
#1216 = DEFINITIONAL_REPRESENTATION('',(#1217),#1221);
#1217 = LINE('',#1218,#1219);
#1218 = CARTESIAN_POINT('',(10.70300992617,-5.861843013959));
#1219 = VECTOR('',#1220,1.);
#1220 = DIRECTION('',(0.866025403784,-0.5));
#1221 = ( GEOMETRIC_REPRESENTATION_CONTEXT(2) 
PARAMETRIC_REPRESENTATION_CONTEXT() REPRESENTATION_CONTEXT('2D SPACE',''
  ) );
#1222 = PCURVE('',#1223,#1228);
#1223 = PLANE('',#1224);
#1224 = AXIS2_PLACEMENT_3D('',#1225,#1226,#1227);
#1225 = CARTESIAN_POINT('',(10.70300992617,-5.861843013959,-4.2));
#1226 = DIRECTION('',(-0.5,-0.866025403784,0.));
#1227 = DIRECTION('',(0.,0.,1.));
#1228 = DEFINITIONAL_REPRESENTATION('',(#1229),#1233);
#1229 = LINE('',#1230,#1231);
#1230 = CARTESIAN_POINT('',(0.15,0.));
#1231 = VECTOR('',#1232,1.);
#1232 = DIRECTION('',(0.,-1.));
#1233 = ( GEOMETRIC_REPRESENTATION_CONTEXT(2) 
PARAMETRIC_REPRESENTATION_CONTEXT() REPRESENTATION_CONTEXT('2D SPACE',''
  ) );
#1234 = ORIENTED_EDGE('',*,*,#1235,.T.);
#1235 = EDGE_CURVE('',#1208,#1236,#1238,.T.);
#1236 = VERTEX_POINT('',#1237);
#1237 = CARTESIAN_POINT('',(12.160060733739,-7.338156986041,-4.05));
#1238 = SURFACE_CURVE('',#1239,(#1243,#1250),.PCURVE_S1.);
#1239 = LINE('',#1240,#1241);
#1240 = CARTESIAN_POINT('',(12.435060733739,-6.861843013959,-4.05));
#1241 = VECTOR('',#1242,1.);
#1242 = DIRECTION('',(-0.5,-0.866025403784,0.));
#1243 = PCURVE('',#439,#1244);
#1244 = DEFINITIONAL_REPRESENTATION('',(#1245),#1249);
#1245 = LINE('',#1246,#1247);
#1246 = CARTESIAN_POINT('',(12.435060733739,-6.861843013959));
#1247 = VECTOR('',#1248,1.);
#1248 = DIRECTION('',(-0.5,-0.866025403784));
#1249 = ( GEOMETRIC_REPRESENTATION_CONTEXT(2) 
PARAMETRIC_REPRESENTATION_CONTEXT() REPRESENTATION_CONTEXT('2D SPACE',''
  ) );
#1250 = PCURVE('',#1251,#1256);
#1251 = PLANE('',#1252);
#1252 = AXIS2_PLACEMENT_3D('',#1253,#1254,#1255);
#1253 = CARTESIAN_POINT('',(12.435060733739,-6.861843013959,-4.2));
#1254 = DIRECTION('',(0.866025403784,-0.5,0.));
#1255 = DIRECTION('',(0.,0.,1.));
#1256 = DEFINITIONAL_REPRESENTATION('',(#1257),#1261);
#1257 = LINE('',#1258,#1259);
#1258 = CARTESIAN_POINT('',(0.15,0.));
#1259 = VECTOR('',#1260,1.);
#1260 = DIRECTION('',(0.,1.));
#1261 = ( GEOMETRIC_REPRESENTATION_CONTEXT(2) 
PARAMETRIC_REPRESENTATION_CONTEXT() REPRESENTATION_CONTEXT('2D SPACE',''
  ) );
#1262 = ORIENTED_EDGE('',*,*,#1263,.F.);
#1263 = EDGE_CURVE('',#1264,#1236,#1266,.T.);
#1264 = VERTEX_POINT('',#1265);
#1265 = CARTESIAN_POINT('',(10.42800992617,-6.338156986041,-4.05));
#1266 = SURFACE_CURVE('',#1267,(#1271,#1278),.PCURVE_S1.);
#1267 = LINE('',#1268,#1269);
#1268 = CARTESIAN_POINT('',(10.42800992617,-6.338156986041,-4.05));
#1269 = VECTOR('',#1270,1.);
#1270 = DIRECTION('',(0.866025403784,-0.5,0.));
#1271 = PCURVE('',#439,#1272);
#1272 = DEFINITIONAL_REPRESENTATION('',(#1273),#1277);
#1273 = LINE('',#1274,#1275);
#1274 = CARTESIAN_POINT('',(10.42800992617,-6.338156986041));
#1275 = VECTOR('',#1276,1.);
#1276 = DIRECTION('',(0.866025403784,-0.5));
#1277 = ( GEOMETRIC_REPRESENTATION_CONTEXT(2) 
PARAMETRIC_REPRESENTATION_CONTEXT() REPRESENTATION_CONTEXT('2D SPACE',''
  ) );
#1278 = PCURVE('',#1279,#1284);
#1279 = PLANE('',#1280);
#1280 = AXIS2_PLACEMENT_3D('',#1281,#1282,#1283);
#1281 = CARTESIAN_POINT('',(10.42800992617,-6.338156986041,-4.2));
#1282 = DIRECTION('',(-0.5,-0.866025403784,0.));
#1283 = DIRECTION('',(0.,0.,1.));
#1284 = DEFINITIONAL_REPRESENTATION('',(#1285),#1289);
#1285 = LINE('',#1286,#1287);
#1286 = CARTESIAN_POINT('',(0.15,0.));
#1287 = VECTOR('',#1288,1.);
#1288 = DIRECTION('',(0.,-1.));
#1289 = ( GEOMETRIC_REPRESENTATION_CONTEXT(2) 
PARAMETRIC_REPRESENTATION_CONTEXT() REPRESENTATION_CONTEXT('2D SPACE',''
  ) );
#1290 = ORIENTED_EDGE('',*,*,#1291,.F.);
#1291 = EDGE_CURVE('',#1206,#1264,#1292,.T.);
#1292 = SURFACE_CURVE('',#1293,(#1297,#1304),.PCURVE_S1.);
#1293 = LINE('',#1294,#1295);
#1294 = CARTESIAN_POINT('',(10.70300992617,-5.861843013959,-4.05));
#1295 = VECTOR('',#1296,1.);
#1296 = DIRECTION('',(-0.5,-0.866025403784,0.));
#1297 = PCURVE('',#439,#1298);
#1298 = DEFINITIONAL_REPRESENTATION('',(#1299),#1303);
#1299 = LINE('',#1300,#1301);
#1300 = CARTESIAN_POINT('',(10.70300992617,-5.861843013959));
#1301 = VECTOR('',#1302,1.);
#1302 = DIRECTION('',(-0.5,-0.866025403784));
#1303 = ( GEOMETRIC_REPRESENTATION_CONTEXT(2) 
PARAMETRIC_REPRESENTATION_CONTEXT() REPRESENTATION_CONTEXT('2D SPACE',''
  ) );
#1304 = PCURVE('',#1305,#1310);
#1305 = PLANE('',#1306);
#1306 = AXIS2_PLACEMENT_3D('',#1307,#1308,#1309);
#1307 = CARTESIAN_POINT('',(10.70300992617,-5.861843013959,-4.2));
#1308 = DIRECTION('',(0.866025403784,-0.5,0.));
#1309 = DIRECTION('',(0.,0.,1.));
#1310 = DEFINITIONAL_REPRESENTATION('',(#1311),#1315);
#1311 = LINE('',#1312,#1313);
#1312 = CARTESIAN_POINT('',(0.15,0.));
#1313 = VECTOR('',#1314,1.);
#1314 = DIRECTION('',(0.,1.));
#1315 = ( GEOMETRIC_REPRESENTATION_CONTEXT(2) 
PARAMETRIC_REPRESENTATION_CONTEXT() REPRESENTATION_CONTEXT('2D SPACE',''
  ) );
#1316 = FACE_BOUND('',#1317,.F.);
#1317 = EDGE_LOOP('',(#1318));
#1318 = ORIENTED_EDGE('',*,*,#1319,.F.);
#1319 = EDGE_CURVE('',#1320,#1320,#1322,.T.);
#1320 = VERTEX_POINT('',#1321);
#1321 = CARTESIAN_POINT('',(-4.4,-1.126675055216E-15,-4.05));
#1322 = SURFACE_CURVE('',#1323,(#1328,#1335),.PCURVE_S1.);
#1323 = CIRCLE('',#1324,4.6);
#1324 = AXIS2_PLACEMENT_3D('',#1325,#1326,#1327);
#1325 = CARTESIAN_POINT('',(-9.,0.,-4.05));
#1326 = DIRECTION('',(0.,0.,1.));
#1327 = DIRECTION('',(1.,0.,0.));
#1328 = PCURVE('',#439,#1329);
#1329 = DEFINITIONAL_REPRESENTATION('',(#1330),#1334);
#1330 = CIRCLE('',#1331,4.6);
#1331 = AXIS2_PLACEMENT_2D('',#1332,#1333);
#1332 = CARTESIAN_POINT('',(-9.,-5.358536788191E-16));
#1333 = DIRECTION('',(1.,0.));
#1334 = ( GEOMETRIC_REPRESENTATION_CONTEXT(2) 
PARAMETRIC_REPRESENTATION_CONTEXT() REPRESENTATION_CONTEXT('2D SPACE',''
  ) );
#1335 = PCURVE('',#586,#1336);
#1336 = DEFINITIONAL_REPRESENTATION('',(#1337),#1341);
#1337 = LINE('',#1338,#1339);
#1338 = CARTESIAN_POINT('',(0.,0.));
#1339 = VECTOR('',#1340,1.);
#1340 = DIRECTION('',(1.,0.));
#1341 = ( GEOMETRIC_REPRESENTATION_CONTEXT(2) 
PARAMETRIC_REPRESENTATION_CONTEXT() REPRESENTATION_CONTEXT('2D SPACE',''
  ) );
#1342 = FACE_BOUND('',#1343,.F.);
#1343 = EDGE_LOOP('',(#1344,#1374,#1402,#1430));
#1344 = ORIENTED_EDGE('',*,*,#1345,.T.);
#1345 = EDGE_CURVE('',#1346,#1348,#1350,.T.);
#1346 = VERTEX_POINT('',#1347);
#1347 = CARTESIAN_POINT('',(-10.70300992617,5.861843013959,-4.05));
#1348 = VERTEX_POINT('',#1349);
#1349 = CARTESIAN_POINT('',(-12.43506073373,6.861843013959,-4.05));
#1350 = SURFACE_CURVE('',#1351,(#1355,#1362),.PCURVE_S1.);
#1351 = LINE('',#1352,#1353);
#1352 = CARTESIAN_POINT('',(-10.70300992617,5.861843013959,-4.05));
#1353 = VECTOR('',#1354,1.);
#1354 = DIRECTION('',(-0.866025403784,0.5,0.));
#1355 = PCURVE('',#439,#1356);
#1356 = DEFINITIONAL_REPRESENTATION('',(#1357),#1361);
#1357 = LINE('',#1358,#1359);
#1358 = CARTESIAN_POINT('',(-10.70300992617,5.861843013959));
#1359 = VECTOR('',#1360,1.);
#1360 = DIRECTION('',(-0.866025403784,0.5));
#1361 = ( GEOMETRIC_REPRESENTATION_CONTEXT(2) 
PARAMETRIC_REPRESENTATION_CONTEXT() REPRESENTATION_CONTEXT('2D SPACE',''
  ) );
#1362 = PCURVE('',#1363,#1368);
#1363 = PLANE('',#1364);
#1364 = AXIS2_PLACEMENT_3D('',#1365,#1366,#1367);
#1365 = CARTESIAN_POINT('',(-10.70300992617,5.861843013959,-4.2));
#1366 = DIRECTION('',(0.5,0.866025403784,0.));
#1367 = DIRECTION('',(0.,0.,1.));
#1368 = DEFINITIONAL_REPRESENTATION('',(#1369),#1373);
#1369 = LINE('',#1370,#1371);
#1370 = CARTESIAN_POINT('',(0.15,0.));
#1371 = VECTOR('',#1372,1.);
#1372 = DIRECTION('',(0.,-1.));
#1373 = ( GEOMETRIC_REPRESENTATION_CONTEXT(2) 
PARAMETRIC_REPRESENTATION_CONTEXT() REPRESENTATION_CONTEXT('2D SPACE',''
  ) );
#1374 = ORIENTED_EDGE('',*,*,#1375,.T.);
#1375 = EDGE_CURVE('',#1348,#1376,#1378,.T.);
#1376 = VERTEX_POINT('',#1377);
#1377 = CARTESIAN_POINT('',(-12.16006073373,7.338156986041,-4.05));
#1378 = SURFACE_CURVE('',#1379,(#1383,#1390),.PCURVE_S1.);
#1379 = LINE('',#1380,#1381);
#1380 = CARTESIAN_POINT('',(-12.43506073373,6.861843013959,-4.05));
#1381 = VECTOR('',#1382,1.);
#1382 = DIRECTION('',(0.5,0.866025403784,0.));
#1383 = PCURVE('',#439,#1384);
#1384 = DEFINITIONAL_REPRESENTATION('',(#1385),#1389);
#1385 = LINE('',#1386,#1387);
#1386 = CARTESIAN_POINT('',(-12.43506073373,6.861843013959));
#1387 = VECTOR('',#1388,1.);
#1388 = DIRECTION('',(0.5,0.866025403784));
#1389 = ( GEOMETRIC_REPRESENTATION_CONTEXT(2) 
PARAMETRIC_REPRESENTATION_CONTEXT() REPRESENTATION_CONTEXT('2D SPACE',''
  ) );
#1390 = PCURVE('',#1391,#1396);
#1391 = PLANE('',#1392);
#1392 = AXIS2_PLACEMENT_3D('',#1393,#1394,#1395);
#1393 = CARTESIAN_POINT('',(-12.43506073373,6.861843013959,-4.2));
#1394 = DIRECTION('',(-0.866025403784,0.5,0.));
#1395 = DIRECTION('',(0.,0.,1.));
#1396 = DEFINITIONAL_REPRESENTATION('',(#1397),#1401);
#1397 = LINE('',#1398,#1399);
#1398 = CARTESIAN_POINT('',(0.15,0.));
#1399 = VECTOR('',#1400,1.);
#1400 = DIRECTION('',(0.,1.));
#1401 = ( GEOMETRIC_REPRESENTATION_CONTEXT(2) 
PARAMETRIC_REPRESENTATION_CONTEXT() REPRESENTATION_CONTEXT('2D SPACE',''
  ) );
#1402 = ORIENTED_EDGE('',*,*,#1403,.F.);
#1403 = EDGE_CURVE('',#1404,#1376,#1406,.T.);
#1404 = VERTEX_POINT('',#1405);
#1405 = CARTESIAN_POINT('',(-10.42800992617,6.338156986041,-4.05));
#1406 = SURFACE_CURVE('',#1407,(#1411,#1418),.PCURVE_S1.);
#1407 = LINE('',#1408,#1409);
#1408 = CARTESIAN_POINT('',(-10.42800992617,6.338156986041,-4.05));
#1409 = VECTOR('',#1410,1.);
#1410 = DIRECTION('',(-0.866025403784,0.5,0.));
#1411 = PCURVE('',#439,#1412);
#1412 = DEFINITIONAL_REPRESENTATION('',(#1413),#1417);
#1413 = LINE('',#1414,#1415);
#1414 = CARTESIAN_POINT('',(-10.42800992617,6.338156986041));
#1415 = VECTOR('',#1416,1.);
#1416 = DIRECTION('',(-0.866025403784,0.5));
#1417 = ( GEOMETRIC_REPRESENTATION_CONTEXT(2) 
PARAMETRIC_REPRESENTATION_CONTEXT() REPRESENTATION_CONTEXT('2D SPACE',''
  ) );
#1418 = PCURVE('',#1419,#1424);
#1419 = PLANE('',#1420);
#1420 = AXIS2_PLACEMENT_3D('',#1421,#1422,#1423);
#1421 = CARTESIAN_POINT('',(-10.42800992617,6.338156986041,-4.2));
#1422 = DIRECTION('',(0.5,0.866025403784,0.));
#1423 = DIRECTION('',(0.,0.,1.));
#1424 = DEFINITIONAL_REPRESENTATION('',(#1425),#1429);
#1425 = LINE('',#1426,#1427);
#1426 = CARTESIAN_POINT('',(0.15,0.));
#1427 = VECTOR('',#1428,1.);
#1428 = DIRECTION('',(0.,-1.));
#1429 = ( GEOMETRIC_REPRESENTATION_CONTEXT(2) 
PARAMETRIC_REPRESENTATION_CONTEXT() REPRESENTATION_CONTEXT('2D SPACE',''
  ) );
#1430 = ORIENTED_EDGE('',*,*,#1431,.F.);
#1431 = EDGE_CURVE('',#1346,#1404,#1432,.T.);
#1432 = SURFACE_CURVE('',#1433,(#1437,#1444),.PCURVE_S1.);
#1433 = LINE('',#1434,#1435);
#1434 = CARTESIAN_POINT('',(-10.70300992617,5.861843013959,-4.05));
#1435 = VECTOR('',#1436,1.);
#1436 = DIRECTION('',(0.5,0.866025403784,0.));
#1437 = PCURVE('',#439,#1438);
#1438 = DEFINITIONAL_REPRESENTATION('',(#1439),#1443);
#1439 = LINE('',#1440,#1441);
#1440 = CARTESIAN_POINT('',(-10.70300992617,5.861843013959));
#1441 = VECTOR('',#1442,1.);
#1442 = DIRECTION('',(0.5,0.866025403784));
#1443 = ( GEOMETRIC_REPRESENTATION_CONTEXT(2) 
PARAMETRIC_REPRESENTATION_CONTEXT() REPRESENTATION_CONTEXT('2D SPACE',''
  ) );
#1444 = PCURVE('',#1445,#1450);
#1445 = PLANE('',#1446);
#1446 = AXIS2_PLACEMENT_3D('',#1447,#1448,#1449);
#1447 = CARTESIAN_POINT('',(-10.70300992617,5.861843013959,-4.2));
#1448 = DIRECTION('',(-0.866025403784,0.5,0.));
#1449 = DIRECTION('',(0.,0.,1.));
#1450 = DEFINITIONAL_REPRESENTATION('',(#1451),#1455);
#1451 = LINE('',#1452,#1453);
#1452 = CARTESIAN_POINT('',(0.15,0.));
#1453 = VECTOR('',#1454,1.);
#1454 = DIRECTION('',(0.,1.));
#1455 = ( GEOMETRIC_REPRESENTATION_CONTEXT(2) 
PARAMETRIC_REPRESENTATION_CONTEXT() REPRESENTATION_CONTEXT('2D SPACE',''
  ) );
#1456 = FACE_BOUND('',#1457,.F.);
#1457 = EDGE_LOOP('',(#1458));
#1458 = ORIENTED_EDGE('',*,*,#424,.F.);
#1459 = FACE_BOUND('',#1460,.F.);
#1460 = EDGE_LOOP('',(#1461,#1491,#1519,#1547));
#1461 = ORIENTED_EDGE('',*,*,#1462,.T.);
#1462 = EDGE_CURVE('',#1463,#1465,#1467,.T.);
#1463 = VERTEX_POINT('',#1464);
#1464 = CARTESIAN_POINT('',(-2.1,8.,-4.05));
#1465 = VERTEX_POINT('',#1466);
#1466 = CARTESIAN_POINT('',(-2.1,8.4,-4.05));
#1467 = SURFACE_CURVE('',#1468,(#1472,#1479),.PCURVE_S1.);
#1468 = LINE('',#1469,#1470);
#1469 = CARTESIAN_POINT('',(-2.1,8.,-4.05));
#1470 = VECTOR('',#1471,1.);
#1471 = DIRECTION('',(0.,1.,0.));
#1472 = PCURVE('',#439,#1473);
#1473 = DEFINITIONAL_REPRESENTATION('',(#1474),#1478);
#1474 = LINE('',#1475,#1476);
#1475 = CARTESIAN_POINT('',(-2.1,8.));
#1476 = VECTOR('',#1477,1.);
#1477 = DIRECTION('',(0.,1.));
#1478 = ( GEOMETRIC_REPRESENTATION_CONTEXT(2) 
PARAMETRIC_REPRESENTATION_CONTEXT() REPRESENTATION_CONTEXT('2D SPACE',''
  ) );
#1479 = PCURVE('',#1480,#1485);
#1480 = PLANE('',#1481);
#1481 = AXIS2_PLACEMENT_3D('',#1482,#1483,#1484);
#1482 = CARTESIAN_POINT('',(-2.1,8.,-4.09));
#1483 = DIRECTION('',(1.,0.,0.));
#1484 = DIRECTION('',(0.,0.,1.));
#1485 = DEFINITIONAL_REPRESENTATION('',(#1486),#1490);
#1486 = LINE('',#1487,#1488);
#1487 = CARTESIAN_POINT('',(4.E-02,0.));
#1488 = VECTOR('',#1489,1.);
#1489 = DIRECTION('',(0.,-1.));
#1490 = ( GEOMETRIC_REPRESENTATION_CONTEXT(2) 
PARAMETRIC_REPRESENTATION_CONTEXT() REPRESENTATION_CONTEXT('2D SPACE',''
  ) );
#1491 = ORIENTED_EDGE('',*,*,#1492,.T.);
#1492 = EDGE_CURVE('',#1465,#1493,#1495,.T.);
#1493 = VERTEX_POINT('',#1494);
#1494 = CARTESIAN_POINT('',(2.1,8.4,-4.05));
#1495 = SURFACE_CURVE('',#1496,(#1500,#1507),.PCURVE_S1.);
#1496 = LINE('',#1497,#1498);
#1497 = CARTESIAN_POINT('',(-2.1,8.4,-4.05));
#1498 = VECTOR('',#1499,1.);
#1499 = DIRECTION('',(1.,0.,0.));
#1500 = PCURVE('',#439,#1501);
#1501 = DEFINITIONAL_REPRESENTATION('',(#1502),#1506);
#1502 = LINE('',#1503,#1504);
#1503 = CARTESIAN_POINT('',(-2.1,8.4));
#1504 = VECTOR('',#1505,1.);
#1505 = DIRECTION('',(1.,0.));
#1506 = ( GEOMETRIC_REPRESENTATION_CONTEXT(2) 
PARAMETRIC_REPRESENTATION_CONTEXT() REPRESENTATION_CONTEXT('2D SPACE',''
  ) );
#1507 = PCURVE('',#1508,#1513);
#1508 = PLANE('',#1509);
#1509 = AXIS2_PLACEMENT_3D('',#1510,#1511,#1512);
#1510 = CARTESIAN_POINT('',(-2.1,8.4,-4.09));
#1511 = DIRECTION('',(0.,1.,0.));
#1512 = DIRECTION('',(0.,0.,1.));
#1513 = DEFINITIONAL_REPRESENTATION('',(#1514),#1518);
#1514 = LINE('',#1515,#1516);
#1515 = CARTESIAN_POINT('',(4.E-02,0.));
#1516 = VECTOR('',#1517,1.);
#1517 = DIRECTION('',(0.,1.));
#1518 = ( GEOMETRIC_REPRESENTATION_CONTEXT(2) 
PARAMETRIC_REPRESENTATION_CONTEXT() REPRESENTATION_CONTEXT('2D SPACE',''
  ) );
#1519 = ORIENTED_EDGE('',*,*,#1520,.F.);
#1520 = EDGE_CURVE('',#1521,#1493,#1523,.T.);
#1521 = VERTEX_POINT('',#1522);
#1522 = CARTESIAN_POINT('',(2.1,8.,-4.05));
#1523 = SURFACE_CURVE('',#1524,(#1528,#1535),.PCURVE_S1.);
#1524 = LINE('',#1525,#1526);
#1525 = CARTESIAN_POINT('',(2.1,8.,-4.05));
#1526 = VECTOR('',#1527,1.);
#1527 = DIRECTION('',(0.,1.,0.));
#1528 = PCURVE('',#439,#1529);
#1529 = DEFINITIONAL_REPRESENTATION('',(#1530),#1534);
#1530 = LINE('',#1531,#1532);
#1531 = CARTESIAN_POINT('',(2.1,8.));
#1532 = VECTOR('',#1533,1.);
#1533 = DIRECTION('',(0.,1.));
#1534 = ( GEOMETRIC_REPRESENTATION_CONTEXT(2) 
PARAMETRIC_REPRESENTATION_CONTEXT() REPRESENTATION_CONTEXT('2D SPACE',''
  ) );
#1535 = PCURVE('',#1536,#1541);
#1536 = PLANE('',#1537);
#1537 = AXIS2_PLACEMENT_3D('',#1538,#1539,#1540);
#1538 = CARTESIAN_POINT('',(2.1,8.,-4.09));
#1539 = DIRECTION('',(1.,0.,0.));
#1540 = DIRECTION('',(0.,0.,1.));
#1541 = DEFINITIONAL_REPRESENTATION('',(#1542),#1546);
#1542 = LINE('',#1543,#1544);
#1543 = CARTESIAN_POINT('',(4.E-02,0.));
#1544 = VECTOR('',#1545,1.);
#1545 = DIRECTION('',(0.,-1.));
#1546 = ( GEOMETRIC_REPRESENTATION_CONTEXT(2) 
PARAMETRIC_REPRESENTATION_CONTEXT() REPRESENTATION_CONTEXT('2D SPACE',''
  ) );
#1547 = ORIENTED_EDGE('',*,*,#1548,.F.);
#1548 = EDGE_CURVE('',#1463,#1521,#1549,.T.);
#1549 = SURFACE_CURVE('',#1550,(#1554,#1561),.PCURVE_S1.);
#1550 = LINE('',#1551,#1552);
#1551 = CARTESIAN_POINT('',(-2.1,8.,-4.05));
#1552 = VECTOR('',#1553,1.);
#1553 = DIRECTION('',(1.,0.,0.));
#1554 = PCURVE('',#439,#1555);
#1555 = DEFINITIONAL_REPRESENTATION('',(#1556),#1560);
#1556 = LINE('',#1557,#1558);
#1557 = CARTESIAN_POINT('',(-2.1,8.));
#1558 = VECTOR('',#1559,1.);
#1559 = DIRECTION('',(1.,0.));
#1560 = ( GEOMETRIC_REPRESENTATION_CONTEXT(2) 
PARAMETRIC_REPRESENTATION_CONTEXT() REPRESENTATION_CONTEXT('2D SPACE',''
  ) );
#1561 = PCURVE('',#1562,#1567);
#1562 = PLANE('',#1563);
#1563 = AXIS2_PLACEMENT_3D('',#1564,#1565,#1566);
#1564 = CARTESIAN_POINT('',(-2.1,8.,-4.09));
#1565 = DIRECTION('',(0.,1.,0.));
#1566 = DIRECTION('',(0.,0.,1.));
#1567 = DEFINITIONAL_REPRESENTATION('',(#1568),#1572);
#1568 = LINE('',#1569,#1570);
#1569 = CARTESIAN_POINT('',(4.E-02,0.));
#1570 = VECTOR('',#1571,1.);
#1571 = DIRECTION('',(0.,1.));
#1572 = ( GEOMETRIC_REPRESENTATION_CONTEXT(2) 
PARAMETRIC_REPRESENTATION_CONTEXT() REPRESENTATION_CONTEXT('2D SPACE',''
  ) );
#1573 = FACE_BOUND('',#1574,.F.);
#1574 = EDGE_LOOP('',(#1575,#1605,#1633,#1661));
#1575 = ORIENTED_EDGE('',*,*,#1576,.T.);
#1576 = EDGE_CURVE('',#1577,#1579,#1581,.T.);
#1577 = VERTEX_POINT('',#1578);
#1578 = CARTESIAN_POINT('',(-6.338156986041,10.42800992617,-4.05));
#1579 = VERTEX_POINT('',#1580);
#1580 = CARTESIAN_POINT('',(-7.338156986041,12.160060733739,-4.05));
#1581 = SURFACE_CURVE('',#1582,(#1586,#1593),.PCURVE_S1.);
#1582 = LINE('',#1583,#1584);
#1583 = CARTESIAN_POINT('',(-6.338156986041,10.42800992617,-4.05));
#1584 = VECTOR('',#1585,1.);
#1585 = DIRECTION('',(-0.5,0.866025403784,0.));
#1586 = PCURVE('',#439,#1587);
#1587 = DEFINITIONAL_REPRESENTATION('',(#1588),#1592);
#1588 = LINE('',#1589,#1590);
#1589 = CARTESIAN_POINT('',(-6.338156986041,10.42800992617));
#1590 = VECTOR('',#1591,1.);
#1591 = DIRECTION('',(-0.5,0.866025403784));
#1592 = ( GEOMETRIC_REPRESENTATION_CONTEXT(2) 
PARAMETRIC_REPRESENTATION_CONTEXT() REPRESENTATION_CONTEXT('2D SPACE',''
  ) );
#1593 = PCURVE('',#1594,#1599);
#1594 = PLANE('',#1595);
#1595 = AXIS2_PLACEMENT_3D('',#1596,#1597,#1598);
#1596 = CARTESIAN_POINT('',(-6.338156986041,10.42800992617,-4.2));
#1597 = DIRECTION('',(0.866025403784,0.5,0.));
#1598 = DIRECTION('',(0.,0.,1.));
#1599 = DEFINITIONAL_REPRESENTATION('',(#1600),#1604);
#1600 = LINE('',#1601,#1602);
#1601 = CARTESIAN_POINT('',(0.15,0.));
#1602 = VECTOR('',#1603,1.);
#1603 = DIRECTION('',(0.,-1.));
#1604 = ( GEOMETRIC_REPRESENTATION_CONTEXT(2) 
PARAMETRIC_REPRESENTATION_CONTEXT() REPRESENTATION_CONTEXT('2D SPACE',''
  ) );
#1605 = ORIENTED_EDGE('',*,*,#1606,.T.);
#1606 = EDGE_CURVE('',#1579,#1607,#1609,.T.);
#1607 = VERTEX_POINT('',#1608);
#1608 = CARTESIAN_POINT('',(-6.861843013959,12.435060733739,-4.05));
#1609 = SURFACE_CURVE('',#1610,(#1614,#1621),.PCURVE_S1.);
#1610 = LINE('',#1611,#1612);
#1611 = CARTESIAN_POINT('',(-7.338156986041,12.160060733739,-4.05));
#1612 = VECTOR('',#1613,1.);
#1613 = DIRECTION('',(0.866025403784,0.5,0.));
#1614 = PCURVE('',#439,#1615);
#1615 = DEFINITIONAL_REPRESENTATION('',(#1616),#1620);
#1616 = LINE('',#1617,#1618);
#1617 = CARTESIAN_POINT('',(-7.338156986041,12.160060733739));
#1618 = VECTOR('',#1619,1.);
#1619 = DIRECTION('',(0.866025403784,0.5));
#1620 = ( GEOMETRIC_REPRESENTATION_CONTEXT(2) 
PARAMETRIC_REPRESENTATION_CONTEXT() REPRESENTATION_CONTEXT('2D SPACE',''
  ) );
#1621 = PCURVE('',#1622,#1627);
#1622 = PLANE('',#1623);
#1623 = AXIS2_PLACEMENT_3D('',#1624,#1625,#1626);
#1624 = CARTESIAN_POINT('',(-7.338156986041,12.160060733739,-4.2));
#1625 = DIRECTION('',(-0.5,0.866025403784,0.));
#1626 = DIRECTION('',(0.,0.,1.));
#1627 = DEFINITIONAL_REPRESENTATION('',(#1628),#1632);
#1628 = LINE('',#1629,#1630);
#1629 = CARTESIAN_POINT('',(0.15,0.));
#1630 = VECTOR('',#1631,1.);
#1631 = DIRECTION('',(0.,1.));
#1632 = ( GEOMETRIC_REPRESENTATION_CONTEXT(2) 
PARAMETRIC_REPRESENTATION_CONTEXT() REPRESENTATION_CONTEXT('2D SPACE',''
  ) );
#1633 = ORIENTED_EDGE('',*,*,#1634,.F.);
#1634 = EDGE_CURVE('',#1635,#1607,#1637,.T.);
#1635 = VERTEX_POINT('',#1636);
#1636 = CARTESIAN_POINT('',(-5.861843013959,10.70300992617,-4.05));
#1637 = SURFACE_CURVE('',#1638,(#1642,#1649),.PCURVE_S1.);
#1638 = LINE('',#1639,#1640);
#1639 = CARTESIAN_POINT('',(-5.861843013959,10.70300992617,-4.05));
#1640 = VECTOR('',#1641,1.);
#1641 = DIRECTION('',(-0.5,0.866025403784,0.));
#1642 = PCURVE('',#439,#1643);
#1643 = DEFINITIONAL_REPRESENTATION('',(#1644),#1648);
#1644 = LINE('',#1645,#1646);
#1645 = CARTESIAN_POINT('',(-5.861843013959,10.70300992617));
#1646 = VECTOR('',#1647,1.);
#1647 = DIRECTION('',(-0.5,0.866025403784));
#1648 = ( GEOMETRIC_REPRESENTATION_CONTEXT(2) 
PARAMETRIC_REPRESENTATION_CONTEXT() REPRESENTATION_CONTEXT('2D SPACE',''
  ) );
#1649 = PCURVE('',#1650,#1655);
#1650 = PLANE('',#1651);
#1651 = AXIS2_PLACEMENT_3D('',#1652,#1653,#1654);
#1652 = CARTESIAN_POINT('',(-5.861843013959,10.70300992617,-4.2));
#1653 = DIRECTION('',(0.866025403784,0.5,0.));
#1654 = DIRECTION('',(0.,0.,1.));
#1655 = DEFINITIONAL_REPRESENTATION('',(#1656),#1660);
#1656 = LINE('',#1657,#1658);
#1657 = CARTESIAN_POINT('',(0.15,0.));
#1658 = VECTOR('',#1659,1.);
#1659 = DIRECTION('',(0.,-1.));
#1660 = ( GEOMETRIC_REPRESENTATION_CONTEXT(2) 
PARAMETRIC_REPRESENTATION_CONTEXT() REPRESENTATION_CONTEXT('2D SPACE',''
  ) );
#1661 = ORIENTED_EDGE('',*,*,#1662,.F.);
#1662 = EDGE_CURVE('',#1577,#1635,#1663,.T.);
#1663 = SURFACE_CURVE('',#1664,(#1668,#1675),.PCURVE_S1.);
#1664 = LINE('',#1665,#1666);
#1665 = CARTESIAN_POINT('',(-6.338156986041,10.42800992617,-4.05));
#1666 = VECTOR('',#1667,1.);
#1667 = DIRECTION('',(0.866025403784,0.5,0.));
#1668 = PCURVE('',#439,#1669);
#1669 = DEFINITIONAL_REPRESENTATION('',(#1670),#1674);
#1670 = LINE('',#1671,#1672);
#1671 = CARTESIAN_POINT('',(-6.338156986041,10.42800992617));
#1672 = VECTOR('',#1673,1.);
#1673 = DIRECTION('',(0.866025403784,0.5));
#1674 = ( GEOMETRIC_REPRESENTATION_CONTEXT(2) 
PARAMETRIC_REPRESENTATION_CONTEXT() REPRESENTATION_CONTEXT('2D SPACE',''
  ) );
#1675 = PCURVE('',#1676,#1681);
#1676 = PLANE('',#1677);
#1677 = AXIS2_PLACEMENT_3D('',#1678,#1679,#1680);
#1678 = CARTESIAN_POINT('',(-6.338156986041,10.42800992617,-4.2));
#1679 = DIRECTION('',(-0.5,0.866025403784,0.));
#1680 = DIRECTION('',(0.,0.,1.));
#1681 = DEFINITIONAL_REPRESENTATION('',(#1682),#1686);
#1682 = LINE('',#1683,#1684);
#1683 = CARTESIAN_POINT('',(0.15,0.));
#1684 = VECTOR('',#1685,1.);
#1685 = DIRECTION('',(0.,1.));
#1686 = ( GEOMETRIC_REPRESENTATION_CONTEXT(2) 
PARAMETRIC_REPRESENTATION_CONTEXT() REPRESENTATION_CONTEXT('2D SPACE',''
  ) );
#1687 = FACE_BOUND('',#1688,.F.);
#1688 = EDGE_LOOP('',(#1689,#1719,#1747,#1775));
#1689 = ORIENTED_EDGE('',*,*,#1690,.T.);
#1690 = EDGE_CURVE('',#1691,#1693,#1695,.T.);
#1691 = VERTEX_POINT('',#1692);
#1692 = CARTESIAN_POINT('',(-0.825,12.2,-4.05));
#1693 = VERTEX_POINT('',#1694);
#1694 = CARTESIAN_POINT('',(-0.825,14.2,-4.05));
#1695 = SURFACE_CURVE('',#1696,(#1700,#1707),.PCURVE_S1.);
#1696 = LINE('',#1697,#1698);
#1697 = CARTESIAN_POINT('',(-0.825,12.2,-4.05));
#1698 = VECTOR('',#1699,1.);
#1699 = DIRECTION('',(0.,1.,0.));
#1700 = PCURVE('',#439,#1701);
#1701 = DEFINITIONAL_REPRESENTATION('',(#1702),#1706);
#1702 = LINE('',#1703,#1704);
#1703 = CARTESIAN_POINT('',(-0.825,12.2));
#1704 = VECTOR('',#1705,1.);
#1705 = DIRECTION('',(0.,1.));
#1706 = ( GEOMETRIC_REPRESENTATION_CONTEXT(2) 
PARAMETRIC_REPRESENTATION_CONTEXT() REPRESENTATION_CONTEXT('2D SPACE',''
  ) );
#1707 = PCURVE('',#1708,#1713);
#1708 = PLANE('',#1709);
#1709 = AXIS2_PLACEMENT_3D('',#1710,#1711,#1712);
#1710 = CARTESIAN_POINT('',(-0.825,12.2,-4.2));
#1711 = DIRECTION('',(1.,0.,0.));
#1712 = DIRECTION('',(0.,0.,1.));
#1713 = DEFINITIONAL_REPRESENTATION('',(#1714),#1718);
#1714 = LINE('',#1715,#1716);
#1715 = CARTESIAN_POINT('',(0.15,0.));
#1716 = VECTOR('',#1717,1.);
#1717 = DIRECTION('',(0.,-1.));
#1718 = ( GEOMETRIC_REPRESENTATION_CONTEXT(2) 
PARAMETRIC_REPRESENTATION_CONTEXT() REPRESENTATION_CONTEXT('2D SPACE',''
  ) );
#1719 = ORIENTED_EDGE('',*,*,#1720,.T.);
#1720 = EDGE_CURVE('',#1693,#1721,#1723,.T.);
#1721 = VERTEX_POINT('',#1722);
#1722 = CARTESIAN_POINT('',(-0.275,14.2,-4.05));
#1723 = SURFACE_CURVE('',#1724,(#1728,#1735),.PCURVE_S1.);
#1724 = LINE('',#1725,#1726);
#1725 = CARTESIAN_POINT('',(-0.825,14.2,-4.05));
#1726 = VECTOR('',#1727,1.);
#1727 = DIRECTION('',(1.,0.,0.));
#1728 = PCURVE('',#439,#1729);
#1729 = DEFINITIONAL_REPRESENTATION('',(#1730),#1734);
#1730 = LINE('',#1731,#1732);
#1731 = CARTESIAN_POINT('',(-0.825,14.2));
#1732 = VECTOR('',#1733,1.);
#1733 = DIRECTION('',(1.,0.));
#1734 = ( GEOMETRIC_REPRESENTATION_CONTEXT(2) 
PARAMETRIC_REPRESENTATION_CONTEXT() REPRESENTATION_CONTEXT('2D SPACE',''
  ) );
#1735 = PCURVE('',#1736,#1741);
#1736 = PLANE('',#1737);
#1737 = AXIS2_PLACEMENT_3D('',#1738,#1739,#1740);
#1738 = CARTESIAN_POINT('',(-0.825,14.2,-4.2));
#1739 = DIRECTION('',(0.,1.,0.));
#1740 = DIRECTION('',(0.,0.,1.));
#1741 = DEFINITIONAL_REPRESENTATION('',(#1742),#1746);
#1742 = LINE('',#1743,#1744);
#1743 = CARTESIAN_POINT('',(0.15,0.));
#1744 = VECTOR('',#1745,1.);
#1745 = DIRECTION('',(0.,1.));
#1746 = ( GEOMETRIC_REPRESENTATION_CONTEXT(2) 
PARAMETRIC_REPRESENTATION_CONTEXT() REPRESENTATION_CONTEXT('2D SPACE',''
  ) );
#1747 = ORIENTED_EDGE('',*,*,#1748,.F.);
#1748 = EDGE_CURVE('',#1749,#1721,#1751,.T.);
#1749 = VERTEX_POINT('',#1750);
#1750 = CARTESIAN_POINT('',(-0.275,12.2,-4.05));
#1751 = SURFACE_CURVE('',#1752,(#1756,#1763),.PCURVE_S1.);
#1752 = LINE('',#1753,#1754);
#1753 = CARTESIAN_POINT('',(-0.275,12.2,-4.05));
#1754 = VECTOR('',#1755,1.);
#1755 = DIRECTION('',(0.,1.,0.));
#1756 = PCURVE('',#439,#1757);
#1757 = DEFINITIONAL_REPRESENTATION('',(#1758),#1762);
#1758 = LINE('',#1759,#1760);
#1759 = CARTESIAN_POINT('',(-0.275,12.2));
#1760 = VECTOR('',#1761,1.);
#1761 = DIRECTION('',(0.,1.));
#1762 = ( GEOMETRIC_REPRESENTATION_CONTEXT(2) 
PARAMETRIC_REPRESENTATION_CONTEXT() REPRESENTATION_CONTEXT('2D SPACE',''
  ) );
#1763 = PCURVE('',#1764,#1769);
#1764 = PLANE('',#1765);
#1765 = AXIS2_PLACEMENT_3D('',#1766,#1767,#1768);
#1766 = CARTESIAN_POINT('',(-0.275,12.2,-4.2));
#1767 = DIRECTION('',(1.,0.,0.));
#1768 = DIRECTION('',(0.,0.,1.));
#1769 = DEFINITIONAL_REPRESENTATION('',(#1770),#1774);
#1770 = LINE('',#1771,#1772);
#1771 = CARTESIAN_POINT('',(0.15,0.));
#1772 = VECTOR('',#1773,1.);
#1773 = DIRECTION('',(0.,-1.));
#1774 = ( GEOMETRIC_REPRESENTATION_CONTEXT(2) 
PARAMETRIC_REPRESENTATION_CONTEXT() REPRESENTATION_CONTEXT('2D SPACE',''
  ) );
#1775 = ORIENTED_EDGE('',*,*,#1776,.F.);
#1776 = EDGE_CURVE('',#1691,#1749,#1777,.T.);
#1777 = SURFACE_CURVE('',#1778,(#1782,#1789),.PCURVE_S1.);
#1778 = LINE('',#1779,#1780);
#1779 = CARTESIAN_POINT('',(-0.825,12.2,-4.05));
#1780 = VECTOR('',#1781,1.);
#1781 = DIRECTION('',(1.,0.,0.));
#1782 = PCURVE('',#439,#1783);
#1783 = DEFINITIONAL_REPRESENTATION('',(#1784),#1788);
#1784 = LINE('',#1785,#1786);
#1785 = CARTESIAN_POINT('',(-0.825,12.2));
#1786 = VECTOR('',#1787,1.);
#1787 = DIRECTION('',(1.,0.));
#1788 = ( GEOMETRIC_REPRESENTATION_CONTEXT(2) 
PARAMETRIC_REPRESENTATION_CONTEXT() REPRESENTATION_CONTEXT('2D SPACE',''
  ) );
#1789 = PCURVE('',#1790,#1795);
#1790 = PLANE('',#1791);
#1791 = AXIS2_PLACEMENT_3D('',#1792,#1793,#1794);
#1792 = CARTESIAN_POINT('',(-0.825,12.2,-4.2));
#1793 = DIRECTION('',(0.,1.,0.));
#1794 = DIRECTION('',(0.,0.,1.));
#1795 = DEFINITIONAL_REPRESENTATION('',(#1796),#1800);
#1796 = LINE('',#1797,#1798);
#1797 = CARTESIAN_POINT('',(0.15,0.));
#1798 = VECTOR('',#1799,1.);
#1799 = DIRECTION('',(0.,1.));
#1800 = ( GEOMETRIC_REPRESENTATION_CONTEXT(2) 
PARAMETRIC_REPRESENTATION_CONTEXT() REPRESENTATION_CONTEXT('2D SPACE',''
  ) );
#1801 = FACE_BOUND('',#1802,.F.);
#1802 = EDGE_LOOP('',(#1803,#1833,#1861,#1889));
#1803 = ORIENTED_EDGE('',*,*,#1804,.T.);
#1804 = EDGE_CURVE('',#1805,#1807,#1809,.T.);
#1805 = VERTEX_POINT('',#1806);
#1806 = CARTESIAN_POINT('',(12.2,0.275,-4.05));
#1807 = VERTEX_POINT('',#1808);
#1808 = CARTESIAN_POINT('',(14.2,0.275,-4.05));
#1809 = SURFACE_CURVE('',#1810,(#1814,#1821),.PCURVE_S1.);
#1810 = LINE('',#1811,#1812);
#1811 = CARTESIAN_POINT('',(12.2,0.275,-4.05));
#1812 = VECTOR('',#1813,1.);
#1813 = DIRECTION('',(1.,0.,0.));
#1814 = PCURVE('',#439,#1815);
#1815 = DEFINITIONAL_REPRESENTATION('',(#1816),#1820);
#1816 = LINE('',#1817,#1818);
#1817 = CARTESIAN_POINT('',(12.2,0.275));
#1818 = VECTOR('',#1819,1.);
#1819 = DIRECTION('',(1.,0.));
#1820 = ( GEOMETRIC_REPRESENTATION_CONTEXT(2) 
PARAMETRIC_REPRESENTATION_CONTEXT() REPRESENTATION_CONTEXT('2D SPACE',''
  ) );
#1821 = PCURVE('',#1822,#1827);
#1822 = PLANE('',#1823);
#1823 = AXIS2_PLACEMENT_3D('',#1824,#1825,#1826);
#1824 = CARTESIAN_POINT('',(12.2,0.275,-4.2));
#1825 = DIRECTION('',(0.,-1.,0.));
#1826 = DIRECTION('',(0.,0.,1.));
#1827 = DEFINITIONAL_REPRESENTATION('',(#1828),#1832);
#1828 = LINE('',#1829,#1830);
#1829 = CARTESIAN_POINT('',(0.15,0.));
#1830 = VECTOR('',#1831,1.);
#1831 = DIRECTION('',(0.,-1.));
#1832 = ( GEOMETRIC_REPRESENTATION_CONTEXT(2) 
PARAMETRIC_REPRESENTATION_CONTEXT() REPRESENTATION_CONTEXT('2D SPACE',''
  ) );
#1833 = ORIENTED_EDGE('',*,*,#1834,.T.);
#1834 = EDGE_CURVE('',#1807,#1835,#1837,.T.);
#1835 = VERTEX_POINT('',#1836);
#1836 = CARTESIAN_POINT('',(14.2,-0.275,-4.05));
#1837 = SURFACE_CURVE('',#1838,(#1842,#1849),.PCURVE_S1.);
#1838 = LINE('',#1839,#1840);
#1839 = CARTESIAN_POINT('',(14.2,0.275,-4.05));
#1840 = VECTOR('',#1841,1.);
#1841 = DIRECTION('',(0.,-1.,0.));
#1842 = PCURVE('',#439,#1843);
#1843 = DEFINITIONAL_REPRESENTATION('',(#1844),#1848);
#1844 = LINE('',#1845,#1846);
#1845 = CARTESIAN_POINT('',(14.2,0.275));
#1846 = VECTOR('',#1847,1.);
#1847 = DIRECTION('',(0.,-1.));
#1848 = ( GEOMETRIC_REPRESENTATION_CONTEXT(2) 
PARAMETRIC_REPRESENTATION_CONTEXT() REPRESENTATION_CONTEXT('2D SPACE',''
  ) );
#1849 = PCURVE('',#1850,#1855);
#1850 = PLANE('',#1851);
#1851 = AXIS2_PLACEMENT_3D('',#1852,#1853,#1854);
#1852 = CARTESIAN_POINT('',(14.2,0.275,-4.2));
#1853 = DIRECTION('',(1.,0.,0.));
#1854 = DIRECTION('',(0.,0.,1.));
#1855 = DEFINITIONAL_REPRESENTATION('',(#1856),#1860);
#1856 = LINE('',#1857,#1858);
#1857 = CARTESIAN_POINT('',(0.15,0.));
#1858 = VECTOR('',#1859,1.);
#1859 = DIRECTION('',(0.,1.));
#1860 = ( GEOMETRIC_REPRESENTATION_CONTEXT(2) 
PARAMETRIC_REPRESENTATION_CONTEXT() REPRESENTATION_CONTEXT('2D SPACE',''
  ) );
#1861 = ORIENTED_EDGE('',*,*,#1862,.F.);
#1862 = EDGE_CURVE('',#1863,#1835,#1865,.T.);
#1863 = VERTEX_POINT('',#1864);
#1864 = CARTESIAN_POINT('',(12.2,-0.275,-4.05));
#1865 = SURFACE_CURVE('',#1866,(#1870,#1877),.PCURVE_S1.);
#1866 = LINE('',#1867,#1868);
#1867 = CARTESIAN_POINT('',(12.2,-0.275,-4.05));
#1868 = VECTOR('',#1869,1.);
#1869 = DIRECTION('',(1.,0.,0.));
#1870 = PCURVE('',#439,#1871);
#1871 = DEFINITIONAL_REPRESENTATION('',(#1872),#1876);
#1872 = LINE('',#1873,#1874);
#1873 = CARTESIAN_POINT('',(12.2,-0.275));
#1874 = VECTOR('',#1875,1.);
#1875 = DIRECTION('',(1.,0.));
#1876 = ( GEOMETRIC_REPRESENTATION_CONTEXT(2) 
PARAMETRIC_REPRESENTATION_CONTEXT() REPRESENTATION_CONTEXT('2D SPACE',''
  ) );
#1877 = PCURVE('',#1878,#1883);
#1878 = PLANE('',#1879);
#1879 = AXIS2_PLACEMENT_3D('',#1880,#1881,#1882);
#1880 = CARTESIAN_POINT('',(12.2,-0.275,-4.2));
#1881 = DIRECTION('',(0.,-1.,0.));
#1882 = DIRECTION('',(0.,0.,1.));
#1883 = DEFINITIONAL_REPRESENTATION('',(#1884),#1888);
#1884 = LINE('',#1885,#1886);
#1885 = CARTESIAN_POINT('',(0.15,0.));
#1886 = VECTOR('',#1887,1.);
#1887 = DIRECTION('',(0.,-1.));
#1888 = ( GEOMETRIC_REPRESENTATION_CONTEXT(2) 
PARAMETRIC_REPRESENTATION_CONTEXT() REPRESENTATION_CONTEXT('2D SPACE',''
  ) );
#1889 = ORIENTED_EDGE('',*,*,#1890,.F.);
#1890 = EDGE_CURVE('',#1805,#1863,#1891,.T.);
#1891 = SURFACE_CURVE('',#1892,(#1896,#1903),.PCURVE_S1.);
#1892 = LINE('',#1893,#1894);
#1893 = CARTESIAN_POINT('',(12.2,0.275,-4.05));
#1894 = VECTOR('',#1895,1.);
#1895 = DIRECTION('',(0.,-1.,0.));
#1896 = PCURVE('',#439,#1897);
#1897 = DEFINITIONAL_REPRESENTATION('',(#1898),#1902);
#1898 = LINE('',#1899,#1900);
#1899 = CARTESIAN_POINT('',(12.2,0.275));
#1900 = VECTOR('',#1901,1.);
#1901 = DIRECTION('',(0.,-1.));
#1902 = ( GEOMETRIC_REPRESENTATION_CONTEXT(2) 
PARAMETRIC_REPRESENTATION_CONTEXT() REPRESENTATION_CONTEXT('2D SPACE',''
  ) );
#1903 = PCURVE('',#1904,#1909);
#1904 = PLANE('',#1905);
#1905 = AXIS2_PLACEMENT_3D('',#1906,#1907,#1908);
#1906 = CARTESIAN_POINT('',(12.2,0.275,-4.2));
#1907 = DIRECTION('',(1.,0.,0.));
#1908 = DIRECTION('',(0.,0.,1.));
#1909 = DEFINITIONAL_REPRESENTATION('',(#1910),#1914);
#1910 = LINE('',#1911,#1912);
#1911 = CARTESIAN_POINT('',(0.15,0.));
#1912 = VECTOR('',#1913,1.);
#1913 = DIRECTION('',(0.,1.));
#1914 = ( GEOMETRIC_REPRESENTATION_CONTEXT(2) 
PARAMETRIC_REPRESENTATION_CONTEXT() REPRESENTATION_CONTEXT('2D SPACE',''
  ) );
#1915 = FACE_BOUND('',#1916,.F.);
#1916 = EDGE_LOOP('',(#1917,#1947,#1975,#2003));
#1917 = ORIENTED_EDGE('',*,*,#1918,.T.);
#1918 = EDGE_CURVE('',#1919,#1921,#1923,.T.);
#1919 = VERTEX_POINT('',#1920);
#1920 = CARTESIAN_POINT('',(10.42800992617,6.338156986041,-4.05));
#1921 = VERTEX_POINT('',#1922);
#1922 = CARTESIAN_POINT('',(12.160060733739,7.338156986041,-4.05));
#1923 = SURFACE_CURVE('',#1924,(#1928,#1935),.PCURVE_S1.);
#1924 = LINE('',#1925,#1926);
#1925 = CARTESIAN_POINT('',(10.42800992617,6.338156986041,-4.05));
#1926 = VECTOR('',#1927,1.);
#1927 = DIRECTION('',(0.866025403784,0.5,0.));
#1928 = PCURVE('',#439,#1929);
#1929 = DEFINITIONAL_REPRESENTATION('',(#1930),#1934);
#1930 = LINE('',#1931,#1932);
#1931 = CARTESIAN_POINT('',(10.42800992617,6.338156986041));
#1932 = VECTOR('',#1933,1.);
#1933 = DIRECTION('',(0.866025403784,0.5));
#1934 = ( GEOMETRIC_REPRESENTATION_CONTEXT(2) 
PARAMETRIC_REPRESENTATION_CONTEXT() REPRESENTATION_CONTEXT('2D SPACE',''
  ) );
#1935 = PCURVE('',#1936,#1941);
#1936 = PLANE('',#1937);
#1937 = AXIS2_PLACEMENT_3D('',#1938,#1939,#1940);
#1938 = CARTESIAN_POINT('',(10.42800992617,6.338156986041,-4.2));
#1939 = DIRECTION('',(0.5,-0.866025403784,0.));
#1940 = DIRECTION('',(0.,0.,1.));
#1941 = DEFINITIONAL_REPRESENTATION('',(#1942),#1946);
#1942 = LINE('',#1943,#1944);
#1943 = CARTESIAN_POINT('',(0.15,0.));
#1944 = VECTOR('',#1945,1.);
#1945 = DIRECTION('',(0.,-1.));
#1946 = ( GEOMETRIC_REPRESENTATION_CONTEXT(2) 
PARAMETRIC_REPRESENTATION_CONTEXT() REPRESENTATION_CONTEXT('2D SPACE',''
  ) );
#1947 = ORIENTED_EDGE('',*,*,#1948,.T.);
#1948 = EDGE_CURVE('',#1921,#1949,#1951,.T.);
#1949 = VERTEX_POINT('',#1950);
#1950 = CARTESIAN_POINT('',(12.435060733739,6.861843013959,-4.05));
#1951 = SURFACE_CURVE('',#1952,(#1956,#1963),.PCURVE_S1.);
#1952 = LINE('',#1953,#1954);
#1953 = CARTESIAN_POINT('',(12.160060733739,7.338156986041,-4.05));
#1954 = VECTOR('',#1955,1.);
#1955 = DIRECTION('',(0.5,-0.866025403784,0.));
#1956 = PCURVE('',#439,#1957);
#1957 = DEFINITIONAL_REPRESENTATION('',(#1958),#1962);
#1958 = LINE('',#1959,#1960);
#1959 = CARTESIAN_POINT('',(12.160060733739,7.338156986041));
#1960 = VECTOR('',#1961,1.);
#1961 = DIRECTION('',(0.5,-0.866025403784));
#1962 = ( GEOMETRIC_REPRESENTATION_CONTEXT(2) 
PARAMETRIC_REPRESENTATION_CONTEXT() REPRESENTATION_CONTEXT('2D SPACE',''
  ) );
#1963 = PCURVE('',#1964,#1969);
#1964 = PLANE('',#1965);
#1965 = AXIS2_PLACEMENT_3D('',#1966,#1967,#1968);
#1966 = CARTESIAN_POINT('',(12.160060733739,7.338156986041,-4.2));
#1967 = DIRECTION('',(0.866025403784,0.5,0.));
#1968 = DIRECTION('',(0.,0.,1.));
#1969 = DEFINITIONAL_REPRESENTATION('',(#1970),#1974);
#1970 = LINE('',#1971,#1972);
#1971 = CARTESIAN_POINT('',(0.15,0.));
#1972 = VECTOR('',#1973,1.);
#1973 = DIRECTION('',(0.,1.));
#1974 = ( GEOMETRIC_REPRESENTATION_CONTEXT(2) 
PARAMETRIC_REPRESENTATION_CONTEXT() REPRESENTATION_CONTEXT('2D SPACE',''
  ) );
#1975 = ORIENTED_EDGE('',*,*,#1976,.F.);
#1976 = EDGE_CURVE('',#1977,#1949,#1979,.T.);
#1977 = VERTEX_POINT('',#1978);
#1978 = CARTESIAN_POINT('',(10.70300992617,5.861843013959,-4.05));
#1979 = SURFACE_CURVE('',#1980,(#1984,#1991),.PCURVE_S1.);
#1980 = LINE('',#1981,#1982);
#1981 = CARTESIAN_POINT('',(10.70300992617,5.861843013959,-4.05));
#1982 = VECTOR('',#1983,1.);
#1983 = DIRECTION('',(0.866025403784,0.5,0.));
#1984 = PCURVE('',#439,#1985);
#1985 = DEFINITIONAL_REPRESENTATION('',(#1986),#1990);
#1986 = LINE('',#1987,#1988);
#1987 = CARTESIAN_POINT('',(10.70300992617,5.861843013959));
#1988 = VECTOR('',#1989,1.);
#1989 = DIRECTION('',(0.866025403784,0.5));
#1990 = ( GEOMETRIC_REPRESENTATION_CONTEXT(2) 
PARAMETRIC_REPRESENTATION_CONTEXT() REPRESENTATION_CONTEXT('2D SPACE',''
  ) );
#1991 = PCURVE('',#1992,#1997);
#1992 = PLANE('',#1993);
#1993 = AXIS2_PLACEMENT_3D('',#1994,#1995,#1996);
#1994 = CARTESIAN_POINT('',(10.70300992617,5.861843013959,-4.2));
#1995 = DIRECTION('',(0.5,-0.866025403784,0.));
#1996 = DIRECTION('',(0.,0.,1.));
#1997 = DEFINITIONAL_REPRESENTATION('',(#1998),#2002);
#1998 = LINE('',#1999,#2000);
#1999 = CARTESIAN_POINT('',(0.15,0.));
#2000 = VECTOR('',#2001,1.);
#2001 = DIRECTION('',(0.,-1.));
#2002 = ( GEOMETRIC_REPRESENTATION_CONTEXT(2) 
PARAMETRIC_REPRESENTATION_CONTEXT() REPRESENTATION_CONTEXT('2D SPACE',''
  ) );
#2003 = ORIENTED_EDGE('',*,*,#2004,.F.);
#2004 = EDGE_CURVE('',#1919,#1977,#2005,.T.);
#2005 = SURFACE_CURVE('',#2006,(#2010,#2017),.PCURVE_S1.);
#2006 = LINE('',#2007,#2008);
#2007 = CARTESIAN_POINT('',(10.42800992617,6.338156986041,-4.05));
#2008 = VECTOR('',#2009,1.);
#2009 = DIRECTION('',(0.5,-0.866025403784,0.));
#2010 = PCURVE('',#439,#2011);
#2011 = DEFINITIONAL_REPRESENTATION('',(#2012),#2016);
#2012 = LINE('',#2013,#2014);
#2013 = CARTESIAN_POINT('',(10.42800992617,6.338156986041));
#2014 = VECTOR('',#2015,1.);
#2015 = DIRECTION('',(0.5,-0.866025403784));
#2016 = ( GEOMETRIC_REPRESENTATION_CONTEXT(2) 
PARAMETRIC_REPRESENTATION_CONTEXT() REPRESENTATION_CONTEXT('2D SPACE',''
  ) );
#2017 = PCURVE('',#2018,#2023);
#2018 = PLANE('',#2019);
#2019 = AXIS2_PLACEMENT_3D('',#2020,#2021,#2022);
#2020 = CARTESIAN_POINT('',(10.42800992617,6.338156986041,-4.2));
#2021 = DIRECTION('',(0.866025403784,0.5,0.));
#2022 = DIRECTION('',(0.,0.,1.));
#2023 = DEFINITIONAL_REPRESENTATION('',(#2024),#2028);
#2024 = LINE('',#2025,#2026);
#2025 = CARTESIAN_POINT('',(0.15,0.));
#2026 = VECTOR('',#2027,1.);
#2027 = DIRECTION('',(0.,1.));
#2028 = ( GEOMETRIC_REPRESENTATION_CONTEXT(2) 
PARAMETRIC_REPRESENTATION_CONTEXT() REPRESENTATION_CONTEXT('2D SPACE',''
  ) );
#2029 = FACE_BOUND('',#2030,.F.);
#2030 = EDGE_LOOP('',(#2031,#2061,#2089,#2117));
#2031 = ORIENTED_EDGE('',*,*,#2032,.T.);
#2032 = EDGE_CURVE('',#2033,#2035,#2037,.T.);
#2033 = VERTEX_POINT('',#2034);
#2034 = CARTESIAN_POINT('',(0.275,12.2,-4.05));
#2035 = VERTEX_POINT('',#2036);
#2036 = CARTESIAN_POINT('',(0.275,14.2,-4.05));
#2037 = SURFACE_CURVE('',#2038,(#2042,#2049),.PCURVE_S1.);
#2038 = LINE('',#2039,#2040);
#2039 = CARTESIAN_POINT('',(0.275,12.2,-4.05));
#2040 = VECTOR('',#2041,1.);
#2041 = DIRECTION('',(0.,1.,0.));
#2042 = PCURVE('',#439,#2043);
#2043 = DEFINITIONAL_REPRESENTATION('',(#2044),#2048);
#2044 = LINE('',#2045,#2046);
#2045 = CARTESIAN_POINT('',(0.275,12.2));
#2046 = VECTOR('',#2047,1.);
#2047 = DIRECTION('',(0.,1.));
#2048 = ( GEOMETRIC_REPRESENTATION_CONTEXT(2) 
PARAMETRIC_REPRESENTATION_CONTEXT() REPRESENTATION_CONTEXT('2D SPACE',''
  ) );
#2049 = PCURVE('',#2050,#2055);
#2050 = PLANE('',#2051);
#2051 = AXIS2_PLACEMENT_3D('',#2052,#2053,#2054);
#2052 = CARTESIAN_POINT('',(0.275,12.2,-4.2));
#2053 = DIRECTION('',(1.,0.,0.));
#2054 = DIRECTION('',(0.,0.,1.));
#2055 = DEFINITIONAL_REPRESENTATION('',(#2056),#2060);
#2056 = LINE('',#2057,#2058);
#2057 = CARTESIAN_POINT('',(0.15,0.));
#2058 = VECTOR('',#2059,1.);
#2059 = DIRECTION('',(0.,-1.));
#2060 = ( GEOMETRIC_REPRESENTATION_CONTEXT(2) 
PARAMETRIC_REPRESENTATION_CONTEXT() REPRESENTATION_CONTEXT('2D SPACE',''
  ) );
#2061 = ORIENTED_EDGE('',*,*,#2062,.T.);
#2062 = EDGE_CURVE('',#2035,#2063,#2065,.T.);
#2063 = VERTEX_POINT('',#2064);
#2064 = CARTESIAN_POINT('',(0.825,14.2,-4.05));
#2065 = SURFACE_CURVE('',#2066,(#2070,#2077),.PCURVE_S1.);
#2066 = LINE('',#2067,#2068);
#2067 = CARTESIAN_POINT('',(0.275,14.2,-4.05));
#2068 = VECTOR('',#2069,1.);
#2069 = DIRECTION('',(1.,0.,0.));
#2070 = PCURVE('',#439,#2071);
#2071 = DEFINITIONAL_REPRESENTATION('',(#2072),#2076);
#2072 = LINE('',#2073,#2074);
#2073 = CARTESIAN_POINT('',(0.275,14.2));
#2074 = VECTOR('',#2075,1.);
#2075 = DIRECTION('',(1.,0.));
#2076 = ( GEOMETRIC_REPRESENTATION_CONTEXT(2) 
PARAMETRIC_REPRESENTATION_CONTEXT() REPRESENTATION_CONTEXT('2D SPACE',''
  ) );
#2077 = PCURVE('',#2078,#2083);
#2078 = PLANE('',#2079);
#2079 = AXIS2_PLACEMENT_3D('',#2080,#2081,#2082);
#2080 = CARTESIAN_POINT('',(0.275,14.2,-4.2));
#2081 = DIRECTION('',(0.,1.,0.));
#2082 = DIRECTION('',(0.,0.,1.));
#2083 = DEFINITIONAL_REPRESENTATION('',(#2084),#2088);
#2084 = LINE('',#2085,#2086);
#2085 = CARTESIAN_POINT('',(0.15,0.));
#2086 = VECTOR('',#2087,1.);
#2087 = DIRECTION('',(0.,1.));
#2088 = ( GEOMETRIC_REPRESENTATION_CONTEXT(2) 
PARAMETRIC_REPRESENTATION_CONTEXT() REPRESENTATION_CONTEXT('2D SPACE',''
  ) );
#2089 = ORIENTED_EDGE('',*,*,#2090,.F.);
#2090 = EDGE_CURVE('',#2091,#2063,#2093,.T.);
#2091 = VERTEX_POINT('',#2092);
#2092 = CARTESIAN_POINT('',(0.825,12.2,-4.05));
#2093 = SURFACE_CURVE('',#2094,(#2098,#2105),.PCURVE_S1.);
#2094 = LINE('',#2095,#2096);
#2095 = CARTESIAN_POINT('',(0.825,12.2,-4.05));
#2096 = VECTOR('',#2097,1.);
#2097 = DIRECTION('',(0.,1.,0.));
#2098 = PCURVE('',#439,#2099);
#2099 = DEFINITIONAL_REPRESENTATION('',(#2100),#2104);
#2100 = LINE('',#2101,#2102);
#2101 = CARTESIAN_POINT('',(0.825,12.2));
#2102 = VECTOR('',#2103,1.);
#2103 = DIRECTION('',(0.,1.));
#2104 = ( GEOMETRIC_REPRESENTATION_CONTEXT(2) 
PARAMETRIC_REPRESENTATION_CONTEXT() REPRESENTATION_CONTEXT('2D SPACE',''
  ) );
#2105 = PCURVE('',#2106,#2111);
#2106 = PLANE('',#2107);
#2107 = AXIS2_PLACEMENT_3D('',#2108,#2109,#2110);
#2108 = CARTESIAN_POINT('',(0.825,12.2,-4.2));
#2109 = DIRECTION('',(1.,0.,0.));
#2110 = DIRECTION('',(0.,0.,1.));
#2111 = DEFINITIONAL_REPRESENTATION('',(#2112),#2116);
#2112 = LINE('',#2113,#2114);
#2113 = CARTESIAN_POINT('',(0.15,0.));
#2114 = VECTOR('',#2115,1.);
#2115 = DIRECTION('',(0.,-1.));
#2116 = ( GEOMETRIC_REPRESENTATION_CONTEXT(2) 
PARAMETRIC_REPRESENTATION_CONTEXT() REPRESENTATION_CONTEXT('2D SPACE',''
  ) );
#2117 = ORIENTED_EDGE('',*,*,#2118,.F.);
#2118 = EDGE_CURVE('',#2033,#2091,#2119,.T.);
#2119 = SURFACE_CURVE('',#2120,(#2124,#2131),.PCURVE_S1.);
#2120 = LINE('',#2121,#2122);
#2121 = CARTESIAN_POINT('',(0.275,12.2,-4.05));
#2122 = VECTOR('',#2123,1.);
#2123 = DIRECTION('',(1.,0.,0.));
#2124 = PCURVE('',#439,#2125);
#2125 = DEFINITIONAL_REPRESENTATION('',(#2126),#2130);
#2126 = LINE('',#2127,#2128);
#2127 = CARTESIAN_POINT('',(0.275,12.2));
#2128 = VECTOR('',#2129,1.);
#2129 = DIRECTION('',(1.,0.));
#2130 = ( GEOMETRIC_REPRESENTATION_CONTEXT(2) 
PARAMETRIC_REPRESENTATION_CONTEXT() REPRESENTATION_CONTEXT('2D SPACE',''
  ) );
#2131 = PCURVE('',#2132,#2137);
#2132 = PLANE('',#2133);
#2133 = AXIS2_PLACEMENT_3D('',#2134,#2135,#2136);
#2134 = CARTESIAN_POINT('',(0.275,12.2,-4.2));
#2135 = DIRECTION('',(0.,1.,0.));
#2136 = DIRECTION('',(0.,0.,1.));
#2137 = DEFINITIONAL_REPRESENTATION('',(#2138),#2142);
#2138 = LINE('',#2139,#2140);
#2139 = CARTESIAN_POINT('',(0.15,0.));
#2140 = VECTOR('',#2141,1.);
#2141 = DIRECTION('',(0.,1.));
#2142 = ( GEOMETRIC_REPRESENTATION_CONTEXT(2) 
PARAMETRIC_REPRESENTATION_CONTEXT() REPRESENTATION_CONTEXT('2D SPACE',''
  ) );
#2143 = FACE_BOUND('',#2144,.F.);
#2144 = EDGE_LOOP('',(#2145,#2175,#2203,#2231));
#2145 = ORIENTED_EDGE('',*,*,#2146,.T.);
#2146 = EDGE_CURVE('',#2147,#2149,#2151,.T.);
#2147 = VERTEX_POINT('',#2148);
#2148 = CARTESIAN_POINT('',(5.861843013959,10.70300992617,-4.05));
#2149 = VERTEX_POINT('',#2150);
#2150 = CARTESIAN_POINT('',(6.861843013959,12.435060733739,-4.05));
#2151 = SURFACE_CURVE('',#2152,(#2156,#2163),.PCURVE_S1.);
#2152 = LINE('',#2153,#2154);
#2153 = CARTESIAN_POINT('',(5.861843013959,10.70300992617,-4.05));
#2154 = VECTOR('',#2155,1.);
#2155 = DIRECTION('',(0.5,0.866025403784,0.));
#2156 = PCURVE('',#439,#2157);
#2157 = DEFINITIONAL_REPRESENTATION('',(#2158),#2162);
#2158 = LINE('',#2159,#2160);
#2159 = CARTESIAN_POINT('',(5.861843013959,10.70300992617));
#2160 = VECTOR('',#2161,1.);
#2161 = DIRECTION('',(0.5,0.866025403784));
#2162 = ( GEOMETRIC_REPRESENTATION_CONTEXT(2) 
PARAMETRIC_REPRESENTATION_CONTEXT() REPRESENTATION_CONTEXT('2D SPACE',''
  ) );
#2163 = PCURVE('',#2164,#2169);
#2164 = PLANE('',#2165);
#2165 = AXIS2_PLACEMENT_3D('',#2166,#2167,#2168);
#2166 = CARTESIAN_POINT('',(5.861843013959,10.70300992617,-4.2));
#2167 = DIRECTION('',(0.866025403784,-0.5,0.));
#2168 = DIRECTION('',(0.,0.,1.));
#2169 = DEFINITIONAL_REPRESENTATION('',(#2170),#2174);
#2170 = LINE('',#2171,#2172);
#2171 = CARTESIAN_POINT('',(0.15,0.));
#2172 = VECTOR('',#2173,1.);
#2173 = DIRECTION('',(0.,-1.));
#2174 = ( GEOMETRIC_REPRESENTATION_CONTEXT(2) 
PARAMETRIC_REPRESENTATION_CONTEXT() REPRESENTATION_CONTEXT('2D SPACE',''
  ) );
#2175 = ORIENTED_EDGE('',*,*,#2176,.T.);
#2176 = EDGE_CURVE('',#2149,#2177,#2179,.T.);
#2177 = VERTEX_POINT('',#2178);
#2178 = CARTESIAN_POINT('',(7.338156986041,12.160060733739,-4.05));
#2179 = SURFACE_CURVE('',#2180,(#2184,#2191),.PCURVE_S1.);
#2180 = LINE('',#2181,#2182);
#2181 = CARTESIAN_POINT('',(6.861843013959,12.435060733739,-4.05));
#2182 = VECTOR('',#2183,1.);
#2183 = DIRECTION('',(0.866025403784,-0.5,0.));
#2184 = PCURVE('',#439,#2185);
#2185 = DEFINITIONAL_REPRESENTATION('',(#2186),#2190);
#2186 = LINE('',#2187,#2188);
#2187 = CARTESIAN_POINT('',(6.861843013959,12.435060733739));
#2188 = VECTOR('',#2189,1.);
#2189 = DIRECTION('',(0.866025403784,-0.5));
#2190 = ( GEOMETRIC_REPRESENTATION_CONTEXT(2) 
PARAMETRIC_REPRESENTATION_CONTEXT() REPRESENTATION_CONTEXT('2D SPACE',''
  ) );
#2191 = PCURVE('',#2192,#2197);
#2192 = PLANE('',#2193);
#2193 = AXIS2_PLACEMENT_3D('',#2194,#2195,#2196);
#2194 = CARTESIAN_POINT('',(6.861843013959,12.435060733739,-4.2));
#2195 = DIRECTION('',(0.5,0.866025403784,0.));
#2196 = DIRECTION('',(0.,0.,1.));
#2197 = DEFINITIONAL_REPRESENTATION('',(#2198),#2202);
#2198 = LINE('',#2199,#2200);
#2199 = CARTESIAN_POINT('',(0.15,0.));
#2200 = VECTOR('',#2201,1.);
#2201 = DIRECTION('',(0.,1.));
#2202 = ( GEOMETRIC_REPRESENTATION_CONTEXT(2) 
PARAMETRIC_REPRESENTATION_CONTEXT() REPRESENTATION_CONTEXT('2D SPACE',''
  ) );
#2203 = ORIENTED_EDGE('',*,*,#2204,.F.);
#2204 = EDGE_CURVE('',#2205,#2177,#2207,.T.);
#2205 = VERTEX_POINT('',#2206);
#2206 = CARTESIAN_POINT('',(6.338156986041,10.42800992617,-4.05));
#2207 = SURFACE_CURVE('',#2208,(#2212,#2219),.PCURVE_S1.);
#2208 = LINE('',#2209,#2210);
#2209 = CARTESIAN_POINT('',(6.338156986041,10.42800992617,-4.05));
#2210 = VECTOR('',#2211,1.);
#2211 = DIRECTION('',(0.5,0.866025403784,0.));
#2212 = PCURVE('',#439,#2213);
#2213 = DEFINITIONAL_REPRESENTATION('',(#2214),#2218);
#2214 = LINE('',#2215,#2216);
#2215 = CARTESIAN_POINT('',(6.338156986041,10.42800992617));
#2216 = VECTOR('',#2217,1.);
#2217 = DIRECTION('',(0.5,0.866025403784));
#2218 = ( GEOMETRIC_REPRESENTATION_CONTEXT(2) 
PARAMETRIC_REPRESENTATION_CONTEXT() REPRESENTATION_CONTEXT('2D SPACE',''
  ) );
#2219 = PCURVE('',#2220,#2225);
#2220 = PLANE('',#2221);
#2221 = AXIS2_PLACEMENT_3D('',#2222,#2223,#2224);
#2222 = CARTESIAN_POINT('',(6.338156986041,10.42800992617,-4.2));
#2223 = DIRECTION('',(0.866025403784,-0.5,0.));
#2224 = DIRECTION('',(0.,0.,1.));
#2225 = DEFINITIONAL_REPRESENTATION('',(#2226),#2230);
#2226 = LINE('',#2227,#2228);
#2227 = CARTESIAN_POINT('',(0.15,0.));
#2228 = VECTOR('',#2229,1.);
#2229 = DIRECTION('',(0.,-1.));
#2230 = ( GEOMETRIC_REPRESENTATION_CONTEXT(2) 
PARAMETRIC_REPRESENTATION_CONTEXT() REPRESENTATION_CONTEXT('2D SPACE',''
  ) );
#2231 = ORIENTED_EDGE('',*,*,#2232,.F.);
#2232 = EDGE_CURVE('',#2147,#2205,#2233,.T.);
#2233 = SURFACE_CURVE('',#2234,(#2238,#2245),.PCURVE_S1.);
#2234 = LINE('',#2235,#2236);
#2235 = CARTESIAN_POINT('',(5.861843013959,10.70300992617,-4.05));
#2236 = VECTOR('',#2237,1.);
#2237 = DIRECTION('',(0.866025403784,-0.5,0.));
#2238 = PCURVE('',#439,#2239);
#2239 = DEFINITIONAL_REPRESENTATION('',(#2240),#2244);
#2240 = LINE('',#2241,#2242);
#2241 = CARTESIAN_POINT('',(5.861843013959,10.70300992617));
#2242 = VECTOR('',#2243,1.);
#2243 = DIRECTION('',(0.866025403784,-0.5));
#2244 = ( GEOMETRIC_REPRESENTATION_CONTEXT(2) 
PARAMETRIC_REPRESENTATION_CONTEXT() REPRESENTATION_CONTEXT('2D SPACE',''
  ) );
#2245 = PCURVE('',#2246,#2251);
#2246 = PLANE('',#2247);
#2247 = AXIS2_PLACEMENT_3D('',#2248,#2249,#2250);
#2248 = CARTESIAN_POINT('',(5.861843013959,10.70300992617,-4.2));
#2249 = DIRECTION('',(0.5,0.866025403784,0.));
#2250 = DIRECTION('',(0.,0.,1.));
#2251 = DEFINITIONAL_REPRESENTATION('',(#2252),#2256);
#2252 = LINE('',#2253,#2254);
#2253 = CARTESIAN_POINT('',(0.15,0.));
#2254 = VECTOR('',#2255,1.);
#2255 = DIRECTION('',(0.,1.));
#2256 = ( GEOMETRIC_REPRESENTATION_CONTEXT(2) 
PARAMETRIC_REPRESENTATION_CONTEXT() REPRESENTATION_CONTEXT('2D SPACE',''
  ) );
#2257 = ADVANCED_FACE('',(#2258),#472,.T.);
#2258 = FACE_BOUND('',#2259,.T.);
#2259 = EDGE_LOOP('',(#2260));
#2260 = ORIENTED_EDGE('',*,*,#455,.T.);
#2261 = ADVANCED_FACE('',(#2262,#2265),#548,.F.);
#2262 = FACE_BOUND('',#2263,.F.);
#2263 = EDGE_LOOP('',(#2264));
#2264 = ORIENTED_EDGE('',*,*,#533,.T.);
#2265 = FACE_BOUND('',#2266,.F.);
#2266 = EDGE_LOOP('',(#2267));
#2267 = ORIENTED_EDGE('',*,*,#2268,.F.);
#2268 = EDGE_CURVE('',#2269,#2269,#2271,.T.);
#2269 = VERTEX_POINT('',#2270);
#2270 = CARTESIAN_POINT('',(16.3,0.,-4.01));
#2271 = SURFACE_CURVE('',#2272,(#2277,#2284),.PCURVE_S1.);
#2272 = CIRCLE('',#2273,16.3);
#2273 = AXIS2_PLACEMENT_3D('',#2274,#2275,#2276);
#2274 = CARTESIAN_POINT('',(0.,0.,-4.01));
#2275 = DIRECTION('',(0.,0.,1.));
#2276 = DIRECTION('',(1.,0.,0.));
#2277 = PCURVE('',#548,#2278);
#2278 = DEFINITIONAL_REPRESENTATION('',(#2279),#2283);
#2279 = CIRCLE('',#2280,16.3);
#2280 = AXIS2_PLACEMENT_2D('',#2281,#2282);
#2281 = CARTESIAN_POINT('',(1.657503190957E-15,1.055446314829E-17));
#2282 = DIRECTION('',(1.,0.));
#2283 = ( GEOMETRIC_REPRESENTATION_CONTEXT(2) 
PARAMETRIC_REPRESENTATION_CONTEXT() REPRESENTATION_CONTEXT('2D SPACE',''
  ) );
#2284 = PCURVE('',#2285,#2290);
#2285 = CYLINDRICAL_SURFACE('',#2286,16.3);
#2286 = AXIS2_PLACEMENT_3D('',#2287,#2288,#2289);
#2287 = CARTESIAN_POINT('',(0.,0.,-4.05));
#2288 = DIRECTION('',(-0.,-0.,-1.));
#2289 = DIRECTION('',(1.,0.,0.));
#2290 = DEFINITIONAL_REPRESENTATION('',(#2291),#2295);
#2291 = LINE('',#2292,#2293);
#2292 = CARTESIAN_POINT('',(-0.,-4.E-02));
#2293 = VECTOR('',#2294,1.);
#2294 = DIRECTION('',(-1.,0.));
#2295 = ( GEOMETRIC_REPRESENTATION_CONTEXT(2) 
PARAMETRIC_REPRESENTATION_CONTEXT() REPRESENTATION_CONTEXT('2D SPACE',''
  ) );
#2296 = ADVANCED_FACE('',(#2297),#586,.F.);
#2297 = FACE_BOUND('',#2298,.F.);
#2298 = EDGE_LOOP('',(#2299,#2300,#2321,#2322));
#2299 = ORIENTED_EDGE('',*,*,#569,.F.);
#2300 = ORIENTED_EDGE('',*,*,#2301,.F.);
#2301 = EDGE_CURVE('',#1320,#570,#2302,.T.);
#2302 = SEAM_CURVE('',#2303,(#2307,#2314),.PCURVE_S1.);
#2303 = LINE('',#2304,#2305);
#2304 = CARTESIAN_POINT('',(-4.4,-1.126675055216E-15,-4.05));
#2305 = VECTOR('',#2306,1.);
#2306 = DIRECTION('',(0.,0.,1.));
#2307 = PCURVE('',#586,#2308);
#2308 = DEFINITIONAL_REPRESENTATION('',(#2309),#2313);
#2309 = LINE('',#2310,#2311);
#2310 = CARTESIAN_POINT('',(6.28318530718,-0.));
#2311 = VECTOR('',#2312,1.);
#2312 = DIRECTION('',(0.,1.));
#2313 = ( GEOMETRIC_REPRESENTATION_CONTEXT(2) 
PARAMETRIC_REPRESENTATION_CONTEXT() REPRESENTATION_CONTEXT('2D SPACE',''
  ) );
#2314 = PCURVE('',#586,#2315);
#2315 = DEFINITIONAL_REPRESENTATION('',(#2316),#2320);
#2316 = LINE('',#2317,#2318);
#2317 = CARTESIAN_POINT('',(0.,-0.));
#2318 = VECTOR('',#2319,1.);
#2319 = DIRECTION('',(0.,1.));
#2320 = ( GEOMETRIC_REPRESENTATION_CONTEXT(2) 
PARAMETRIC_REPRESENTATION_CONTEXT() REPRESENTATION_CONTEXT('2D SPACE',''
  ) );
#2321 = ORIENTED_EDGE('',*,*,#1319,.T.);
#2322 = ORIENTED_EDGE('',*,*,#2301,.T.);
#2323 = ADVANCED_FACE('',(#2324),#621,.T.);
#2324 = FACE_BOUND('',#2325,.F.);
#2325 = EDGE_LOOP('',(#2326,#2349,#2376,#2377));
#2326 = ORIENTED_EDGE('',*,*,#2327,.T.);
#2327 = EDGE_CURVE('',#605,#2328,#2330,.T.);
#2328 = VERTEX_POINT('',#2329);
#2329 = CARTESIAN_POINT('',(14.8,0.,-4.01));
#2330 = SEAM_CURVE('',#2331,(#2335,#2342),.PCURVE_S1.);
#2331 = LINE('',#2332,#2333);
#2332 = CARTESIAN_POINT('',(14.8,0.,-4.05));
#2333 = VECTOR('',#2334,1.);
#2334 = DIRECTION('',(0.,0.,1.));
#2335 = PCURVE('',#621,#2336);
#2336 = DEFINITIONAL_REPRESENTATION('',(#2337),#2341);
#2337 = LINE('',#2338,#2339);
#2338 = CARTESIAN_POINT('',(-0.,0.));
#2339 = VECTOR('',#2340,1.);
#2340 = DIRECTION('',(-0.,-1.));
#2341 = ( GEOMETRIC_REPRESENTATION_CONTEXT(2) 
PARAMETRIC_REPRESENTATION_CONTEXT() REPRESENTATION_CONTEXT('2D SPACE',''
  ) );
#2342 = PCURVE('',#621,#2343);
#2343 = DEFINITIONAL_REPRESENTATION('',(#2344),#2348);
#2344 = LINE('',#2345,#2346);
#2345 = CARTESIAN_POINT('',(-6.28318530718,0.));
#2346 = VECTOR('',#2347,1.);
#2347 = DIRECTION('',(-0.,-1.));
#2348 = ( GEOMETRIC_REPRESENTATION_CONTEXT(2) 
PARAMETRIC_REPRESENTATION_CONTEXT() REPRESENTATION_CONTEXT('2D SPACE',''
  ) );
#2349 = ORIENTED_EDGE('',*,*,#2350,.T.);
#2350 = EDGE_CURVE('',#2328,#2328,#2351,.T.);
#2351 = SURFACE_CURVE('',#2352,(#2357,#2364),.PCURVE_S1.);
#2352 = CIRCLE('',#2353,14.8);
#2353 = AXIS2_PLACEMENT_3D('',#2354,#2355,#2356);
#2354 = CARTESIAN_POINT('',(0.,0.,-4.01));
#2355 = DIRECTION('',(0.,0.,1.));
#2356 = DIRECTION('',(1.,0.,0.));
#2357 = PCURVE('',#621,#2358);
#2358 = DEFINITIONAL_REPRESENTATION('',(#2359),#2363);
#2359 = LINE('',#2360,#2361);
#2360 = CARTESIAN_POINT('',(-0.,-4.E-02));
#2361 = VECTOR('',#2362,1.);
#2362 = DIRECTION('',(-1.,0.));
#2363 = ( GEOMETRIC_REPRESENTATION_CONTEXT(2) 
PARAMETRIC_REPRESENTATION_CONTEXT() REPRESENTATION_CONTEXT('2D SPACE',''
  ) );
#2364 = PCURVE('',#2365,#2370);
#2365 = PLANE('',#2366);
#2366 = AXIS2_PLACEMENT_3D('',#2367,#2368,#2369);
#2367 = CARTESIAN_POINT('',(-7.29301404021E-16,1.169780044473E-16,-4.01)
  );
#2368 = DIRECTION('',(0.,0.,1.));
#2369 = DIRECTION('',(1.,0.,0.));
#2370 = DEFINITIONAL_REPRESENTATION('',(#2371),#2375);
#2371 = CIRCLE('',#2372,14.8);
#2372 = AXIS2_PLACEMENT_2D('',#2373,#2374);
#2373 = CARTESIAN_POINT('',(7.29301404021E-16,-1.169780044473E-16));
#2374 = DIRECTION('',(1.,0.));
#2375 = ( GEOMETRIC_REPRESENTATION_CONTEXT(2) 
PARAMETRIC_REPRESENTATION_CONTEXT() REPRESENTATION_CONTEXT('2D SPACE',''
  ) );
#2376 = ORIENTED_EDGE('',*,*,#2327,.F.);
#2377 = ORIENTED_EDGE('',*,*,#604,.F.);
#2378 = ADVANCED_FACE('',(#2379),#653,.F.);
#2379 = FACE_BOUND('',#2380,.F.);
#2380 = EDGE_LOOP('',(#2381,#2404,#2432,#2453));
#2381 = ORIENTED_EDGE('',*,*,#2382,.F.);
#2382 = EDGE_CURVE('',#2383,#636,#2385,.T.);
#2383 = VERTEX_POINT('',#2384);
#2384 = CARTESIAN_POINT('',(-5.861843013959,-10.70300992617,-4.2));
#2385 = SURFACE_CURVE('',#2386,(#2390,#2397),.PCURVE_S1.);
#2386 = LINE('',#2387,#2388);
#2387 = CARTESIAN_POINT('',(-5.861843013959,-10.70300992617,-4.2));
#2388 = VECTOR('',#2389,1.);
#2389 = DIRECTION('',(0.,0.,1.));
#2390 = PCURVE('',#653,#2391);
#2391 = DEFINITIONAL_REPRESENTATION('',(#2392),#2396);
#2392 = LINE('',#2393,#2394);
#2393 = CARTESIAN_POINT('',(0.,0.));
#2394 = VECTOR('',#2395,1.);
#2395 = DIRECTION('',(1.,0.));
#2396 = ( GEOMETRIC_REPRESENTATION_CONTEXT(2) 
PARAMETRIC_REPRESENTATION_CONTEXT() REPRESENTATION_CONTEXT('2D SPACE',''
  ) );
#2397 = PCURVE('',#735,#2398);
#2398 = DEFINITIONAL_REPRESENTATION('',(#2399),#2403);
#2399 = LINE('',#2400,#2401);
#2400 = CARTESIAN_POINT('',(0.,0.));
#2401 = VECTOR('',#2402,1.);
#2402 = DIRECTION('',(1.,0.));
#2403 = ( GEOMETRIC_REPRESENTATION_CONTEXT(2) 
PARAMETRIC_REPRESENTATION_CONTEXT() REPRESENTATION_CONTEXT('2D SPACE',''
  ) );
#2404 = ORIENTED_EDGE('',*,*,#2405,.T.);
#2405 = EDGE_CURVE('',#2383,#2406,#2408,.T.);
#2406 = VERTEX_POINT('',#2407);
#2407 = CARTESIAN_POINT('',(-6.861843013959,-12.43506073373,-4.2));
#2408 = SURFACE_CURVE('',#2409,(#2413,#2420),.PCURVE_S1.);
#2409 = LINE('',#2410,#2411);
#2410 = CARTESIAN_POINT('',(-5.861843013959,-10.70300992617,-4.2));
#2411 = VECTOR('',#2412,1.);
#2412 = DIRECTION('',(-0.5,-0.866025403784,0.));
#2413 = PCURVE('',#653,#2414);
#2414 = DEFINITIONAL_REPRESENTATION('',(#2415),#2419);
#2415 = LINE('',#2416,#2417);
#2416 = CARTESIAN_POINT('',(0.,0.));
#2417 = VECTOR('',#2418,1.);
#2418 = DIRECTION('',(0.,-1.));
#2419 = ( GEOMETRIC_REPRESENTATION_CONTEXT(2) 
PARAMETRIC_REPRESENTATION_CONTEXT() REPRESENTATION_CONTEXT('2D SPACE',''
  ) );
#2420 = PCURVE('',#2421,#2426);
#2421 = PLANE('',#2422);
#2422 = AXIS2_PLACEMENT_3D('',#2423,#2424,#2425);
#2423 = CARTESIAN_POINT('',(-5.861843013959,-10.70300992617,-4.2));
#2424 = DIRECTION('',(0.,0.,1.));
#2425 = DIRECTION('',(-0.866025403784,0.5,0.));
#2426 = DEFINITIONAL_REPRESENTATION('',(#2427),#2431);
#2427 = LINE('',#2428,#2429);
#2428 = CARTESIAN_POINT('',(0.,0.));
#2429 = VECTOR('',#2430,1.);
#2430 = DIRECTION('',(0.,1.));
#2431 = ( GEOMETRIC_REPRESENTATION_CONTEXT(2) 
PARAMETRIC_REPRESENTATION_CONTEXT() REPRESENTATION_CONTEXT('2D SPACE',''
  ) );
#2432 = ORIENTED_EDGE('',*,*,#2433,.T.);
#2433 = EDGE_CURVE('',#2406,#638,#2434,.T.);
#2434 = SURFACE_CURVE('',#2435,(#2439,#2446),.PCURVE_S1.);
#2435 = LINE('',#2436,#2437);
#2436 = CARTESIAN_POINT('',(-6.861843013959,-12.43506073373,-4.2));
#2437 = VECTOR('',#2438,1.);
#2438 = DIRECTION('',(0.,0.,1.));
#2439 = PCURVE('',#653,#2440);
#2440 = DEFINITIONAL_REPRESENTATION('',(#2441),#2445);
#2441 = LINE('',#2442,#2443);
#2442 = CARTESIAN_POINT('',(0.,-2.));
#2443 = VECTOR('',#2444,1.);
#2444 = DIRECTION('',(1.,0.));
#2445 = ( GEOMETRIC_REPRESENTATION_CONTEXT(2) 
PARAMETRIC_REPRESENTATION_CONTEXT() REPRESENTATION_CONTEXT('2D SPACE',''
  ) );
#2446 = PCURVE('',#681,#2447);
#2447 = DEFINITIONAL_REPRESENTATION('',(#2448),#2452);
#2448 = LINE('',#2449,#2450);
#2449 = CARTESIAN_POINT('',(0.,0.));
#2450 = VECTOR('',#2451,1.);
#2451 = DIRECTION('',(1.,0.));
#2452 = ( GEOMETRIC_REPRESENTATION_CONTEXT(2) 
PARAMETRIC_REPRESENTATION_CONTEXT() REPRESENTATION_CONTEXT('2D SPACE',''
  ) );
#2453 = ORIENTED_EDGE('',*,*,#635,.F.);
#2454 = ADVANCED_FACE('',(#2455),#681,.T.);
#2455 = FACE_BOUND('',#2456,.T.);
#2456 = EDGE_LOOP('',(#2457,#2480,#2481,#2482));
#2457 = ORIENTED_EDGE('',*,*,#2458,.F.);
#2458 = EDGE_CURVE('',#2406,#2459,#2461,.T.);
#2459 = VERTEX_POINT('',#2460);
#2460 = CARTESIAN_POINT('',(-7.338156986041,-12.16006073373,-4.2));
#2461 = SURFACE_CURVE('',#2462,(#2466,#2473),.PCURVE_S1.);
#2462 = LINE('',#2463,#2464);
#2463 = CARTESIAN_POINT('',(-6.861843013959,-12.43506073373,-4.2));
#2464 = VECTOR('',#2465,1.);
#2465 = DIRECTION('',(-0.866025403784,0.5,0.));
#2466 = PCURVE('',#681,#2467);
#2467 = DEFINITIONAL_REPRESENTATION('',(#2468),#2472);
#2468 = LINE('',#2469,#2470);
#2469 = CARTESIAN_POINT('',(0.,0.));
#2470 = VECTOR('',#2471,1.);
#2471 = DIRECTION('',(0.,1.));
#2472 = ( GEOMETRIC_REPRESENTATION_CONTEXT(2) 
PARAMETRIC_REPRESENTATION_CONTEXT() REPRESENTATION_CONTEXT('2D SPACE',''
  ) );
#2473 = PCURVE('',#2421,#2474);
#2474 = DEFINITIONAL_REPRESENTATION('',(#2475),#2479);
#2475 = LINE('',#2476,#2477);
#2476 = CARTESIAN_POINT('',(0.,2.));
#2477 = VECTOR('',#2478,1.);
#2478 = DIRECTION('',(1.,0.));
#2479 = ( GEOMETRIC_REPRESENTATION_CONTEXT(2) 
PARAMETRIC_REPRESENTATION_CONTEXT() REPRESENTATION_CONTEXT('2D SPACE',''
  ) );
#2480 = ORIENTED_EDGE('',*,*,#2433,.T.);
#2481 = ORIENTED_EDGE('',*,*,#665,.T.);
#2482 = ORIENTED_EDGE('',*,*,#2483,.F.);
#2483 = EDGE_CURVE('',#2459,#666,#2484,.T.);
#2484 = SURFACE_CURVE('',#2485,(#2489,#2496),.PCURVE_S1.);
#2485 = LINE('',#2486,#2487);
#2486 = CARTESIAN_POINT('',(-7.338156986041,-12.16006073373,-4.2));
#2487 = VECTOR('',#2488,1.);
#2488 = DIRECTION('',(0.,0.,1.));
#2489 = PCURVE('',#681,#2490);
#2490 = DEFINITIONAL_REPRESENTATION('',(#2491),#2495);
#2491 = LINE('',#2492,#2493);
#2492 = CARTESIAN_POINT('',(0.,0.55));
#2493 = VECTOR('',#2494,1.);
#2494 = DIRECTION('',(1.,0.));
#2495 = ( GEOMETRIC_REPRESENTATION_CONTEXT(2) 
PARAMETRIC_REPRESENTATION_CONTEXT() REPRESENTATION_CONTEXT('2D SPACE',''
  ) );
#2496 = PCURVE('',#709,#2497);
#2497 = DEFINITIONAL_REPRESENTATION('',(#2498),#2502);
#2498 = LINE('',#2499,#2500);
#2499 = CARTESIAN_POINT('',(0.,-2.));
#2500 = VECTOR('',#2501,1.);
#2501 = DIRECTION('',(1.,0.));
#2502 = ( GEOMETRIC_REPRESENTATION_CONTEXT(2) 
PARAMETRIC_REPRESENTATION_CONTEXT() REPRESENTATION_CONTEXT('2D SPACE',''
  ) );
#2503 = ADVANCED_FACE('',(#2504),#735,.F.);
#2504 = FACE_BOUND('',#2505,.F.);
#2505 = EDGE_LOOP('',(#2506,#2529,#2530,#2531));
#2506 = ORIENTED_EDGE('',*,*,#2507,.F.);
#2507 = EDGE_CURVE('',#2383,#2508,#2510,.T.);
#2508 = VERTEX_POINT('',#2509);
#2509 = CARTESIAN_POINT('',(-6.338156986041,-10.42800992617,-4.2));
#2510 = SURFACE_CURVE('',#2511,(#2515,#2522),.PCURVE_S1.);
#2511 = LINE('',#2512,#2513);
#2512 = CARTESIAN_POINT('',(-5.861843013959,-10.70300992617,-4.2));
#2513 = VECTOR('',#2514,1.);
#2514 = DIRECTION('',(-0.866025403784,0.5,0.));
#2515 = PCURVE('',#735,#2516);
#2516 = DEFINITIONAL_REPRESENTATION('',(#2517),#2521);
#2517 = LINE('',#2518,#2519);
#2518 = CARTESIAN_POINT('',(0.,0.));
#2519 = VECTOR('',#2520,1.);
#2520 = DIRECTION('',(0.,1.));
#2521 = ( GEOMETRIC_REPRESENTATION_CONTEXT(2) 
PARAMETRIC_REPRESENTATION_CONTEXT() REPRESENTATION_CONTEXT('2D SPACE',''
  ) );
#2522 = PCURVE('',#2421,#2523);
#2523 = DEFINITIONAL_REPRESENTATION('',(#2524),#2528);
#2524 = LINE('',#2525,#2526);
#2525 = CARTESIAN_POINT('',(0.,0.));
#2526 = VECTOR('',#2527,1.);
#2527 = DIRECTION('',(1.,0.));
#2528 = ( GEOMETRIC_REPRESENTATION_CONTEXT(2) 
PARAMETRIC_REPRESENTATION_CONTEXT() REPRESENTATION_CONTEXT('2D SPACE',''
  ) );
#2529 = ORIENTED_EDGE('',*,*,#2382,.T.);
#2530 = ORIENTED_EDGE('',*,*,#721,.T.);
#2531 = ORIENTED_EDGE('',*,*,#2532,.F.);
#2532 = EDGE_CURVE('',#2508,#694,#2533,.T.);
#2533 = SURFACE_CURVE('',#2534,(#2538,#2545),.PCURVE_S1.);
#2534 = LINE('',#2535,#2536);
#2535 = CARTESIAN_POINT('',(-6.338156986041,-10.42800992617,-4.2));
#2536 = VECTOR('',#2537,1.);
#2537 = DIRECTION('',(0.,0.,1.));
#2538 = PCURVE('',#735,#2539);
#2539 = DEFINITIONAL_REPRESENTATION('',(#2540),#2544);
#2540 = LINE('',#2541,#2542);
#2541 = CARTESIAN_POINT('',(0.,0.55));
#2542 = VECTOR('',#2543,1.);
#2543 = DIRECTION('',(1.,0.));
#2544 = ( GEOMETRIC_REPRESENTATION_CONTEXT(2) 
PARAMETRIC_REPRESENTATION_CONTEXT() REPRESENTATION_CONTEXT('2D SPACE',''
  ) );
#2545 = PCURVE('',#709,#2546);
#2546 = DEFINITIONAL_REPRESENTATION('',(#2547),#2551);
#2547 = LINE('',#2548,#2549);
#2548 = CARTESIAN_POINT('',(0.,0.));
#2549 = VECTOR('',#2550,1.);
#2550 = DIRECTION('',(1.,0.));
#2551 = ( GEOMETRIC_REPRESENTATION_CONTEXT(2) 
PARAMETRIC_REPRESENTATION_CONTEXT() REPRESENTATION_CONTEXT('2D SPACE',''
  ) );
#2552 = ADVANCED_FACE('',(#2553),#709,.T.);
#2553 = FACE_BOUND('',#2554,.T.);
#2554 = EDGE_LOOP('',(#2555,#2556,#2577,#2578));
#2555 = ORIENTED_EDGE('',*,*,#2532,.F.);
#2556 = ORIENTED_EDGE('',*,*,#2557,.T.);
#2557 = EDGE_CURVE('',#2508,#2459,#2558,.T.);
#2558 = SURFACE_CURVE('',#2559,(#2563,#2570),.PCURVE_S1.);
#2559 = LINE('',#2560,#2561);
#2560 = CARTESIAN_POINT('',(-6.338156986041,-10.42800992617,-4.2));
#2561 = VECTOR('',#2562,1.);
#2562 = DIRECTION('',(-0.5,-0.866025403784,0.));
#2563 = PCURVE('',#709,#2564);
#2564 = DEFINITIONAL_REPRESENTATION('',(#2565),#2569);
#2565 = LINE('',#2566,#2567);
#2566 = CARTESIAN_POINT('',(0.,0.));
#2567 = VECTOR('',#2568,1.);
#2568 = DIRECTION('',(0.,-1.));
#2569 = ( GEOMETRIC_REPRESENTATION_CONTEXT(2) 
PARAMETRIC_REPRESENTATION_CONTEXT() REPRESENTATION_CONTEXT('2D SPACE',''
  ) );
#2570 = PCURVE('',#2421,#2571);
#2571 = DEFINITIONAL_REPRESENTATION('',(#2572),#2576);
#2572 = LINE('',#2573,#2574);
#2573 = CARTESIAN_POINT('',(0.55,0.));
#2574 = VECTOR('',#2575,1.);
#2575 = DIRECTION('',(0.,1.));
#2576 = ( GEOMETRIC_REPRESENTATION_CONTEXT(2) 
PARAMETRIC_REPRESENTATION_CONTEXT() REPRESENTATION_CONTEXT('2D SPACE',''
  ) );
#2577 = ORIENTED_EDGE('',*,*,#2483,.T.);
#2578 = ORIENTED_EDGE('',*,*,#693,.F.);
#2579 = ADVANCED_FACE('',(#2580),#767,.F.);
#2580 = FACE_BOUND('',#2581,.F.);
#2581 = EDGE_LOOP('',(#2582,#2605,#2633,#2654));
#2582 = ORIENTED_EDGE('',*,*,#2583,.F.);
#2583 = EDGE_CURVE('',#2584,#750,#2586,.T.);
#2584 = VERTEX_POINT('',#2585);
#2585 = CARTESIAN_POINT('',(0.275,-12.2,-4.2));
#2586 = SURFACE_CURVE('',#2587,(#2591,#2598),.PCURVE_S1.);
#2587 = LINE('',#2588,#2589);
#2588 = CARTESIAN_POINT('',(0.275,-12.2,-4.2));
#2589 = VECTOR('',#2590,1.);
#2590 = DIRECTION('',(0.,0.,1.));
#2591 = PCURVE('',#767,#2592);
#2592 = DEFINITIONAL_REPRESENTATION('',(#2593),#2597);
#2593 = LINE('',#2594,#2595);
#2594 = CARTESIAN_POINT('',(0.,0.));
#2595 = VECTOR('',#2596,1.);
#2596 = DIRECTION('',(1.,0.));
#2597 = ( GEOMETRIC_REPRESENTATION_CONTEXT(2) 
PARAMETRIC_REPRESENTATION_CONTEXT() REPRESENTATION_CONTEXT('2D SPACE',''
  ) );
#2598 = PCURVE('',#849,#2599);
#2599 = DEFINITIONAL_REPRESENTATION('',(#2600),#2604);
#2600 = LINE('',#2601,#2602);
#2601 = CARTESIAN_POINT('',(0.,0.));
#2602 = VECTOR('',#2603,1.);
#2603 = DIRECTION('',(1.,0.));
#2604 = ( GEOMETRIC_REPRESENTATION_CONTEXT(2) 
PARAMETRIC_REPRESENTATION_CONTEXT() REPRESENTATION_CONTEXT('2D SPACE',''
  ) );
#2605 = ORIENTED_EDGE('',*,*,#2606,.T.);
#2606 = EDGE_CURVE('',#2584,#2607,#2609,.T.);
#2607 = VERTEX_POINT('',#2608);
#2608 = CARTESIAN_POINT('',(0.275,-14.2,-4.2));
#2609 = SURFACE_CURVE('',#2610,(#2614,#2621),.PCURVE_S1.);
#2610 = LINE('',#2611,#2612);
#2611 = CARTESIAN_POINT('',(0.275,-12.2,-4.2));
#2612 = VECTOR('',#2613,1.);
#2613 = DIRECTION('',(1.224646799147E-16,-1.,0.));
#2614 = PCURVE('',#767,#2615);
#2615 = DEFINITIONAL_REPRESENTATION('',(#2616),#2620);
#2616 = LINE('',#2617,#2618);
#2617 = CARTESIAN_POINT('',(0.,0.));
#2618 = VECTOR('',#2619,1.);
#2619 = DIRECTION('',(0.,-1.));
#2620 = ( GEOMETRIC_REPRESENTATION_CONTEXT(2) 
PARAMETRIC_REPRESENTATION_CONTEXT() REPRESENTATION_CONTEXT('2D SPACE',''
  ) );
#2621 = PCURVE('',#2622,#2627);
#2622 = PLANE('',#2623);
#2623 = AXIS2_PLACEMENT_3D('',#2624,#2625,#2626);
#2624 = CARTESIAN_POINT('',(0.275,-12.2,-4.2));
#2625 = DIRECTION('',(0.,0.,1.));
#2626 = DIRECTION('',(-1.,-1.224646799147E-16,0.));
#2627 = DEFINITIONAL_REPRESENTATION('',(#2628),#2632);
#2628 = LINE('',#2629,#2630);
#2629 = CARTESIAN_POINT('',(0.,0.));
#2630 = VECTOR('',#2631,1.);
#2631 = DIRECTION('',(0.,1.));
#2632 = ( GEOMETRIC_REPRESENTATION_CONTEXT(2) 
PARAMETRIC_REPRESENTATION_CONTEXT() REPRESENTATION_CONTEXT('2D SPACE',''
  ) );
#2633 = ORIENTED_EDGE('',*,*,#2634,.T.);
#2634 = EDGE_CURVE('',#2607,#752,#2635,.T.);
#2635 = SURFACE_CURVE('',#2636,(#2640,#2647),.PCURVE_S1.);
#2636 = LINE('',#2637,#2638);
#2637 = CARTESIAN_POINT('',(0.275,-14.2,-4.2));
#2638 = VECTOR('',#2639,1.);
#2639 = DIRECTION('',(0.,0.,1.));
#2640 = PCURVE('',#767,#2641);
#2641 = DEFINITIONAL_REPRESENTATION('',(#2642),#2646);
#2642 = LINE('',#2643,#2644);
#2643 = CARTESIAN_POINT('',(0.,-2.));
#2644 = VECTOR('',#2645,1.);
#2645 = DIRECTION('',(1.,0.));
#2646 = ( GEOMETRIC_REPRESENTATION_CONTEXT(2) 
PARAMETRIC_REPRESENTATION_CONTEXT() REPRESENTATION_CONTEXT('2D SPACE',''
  ) );
#2647 = PCURVE('',#795,#2648);
#2648 = DEFINITIONAL_REPRESENTATION('',(#2649),#2653);
#2649 = LINE('',#2650,#2651);
#2650 = CARTESIAN_POINT('',(0.,0.));
#2651 = VECTOR('',#2652,1.);
#2652 = DIRECTION('',(1.,0.));
#2653 = ( GEOMETRIC_REPRESENTATION_CONTEXT(2) 
PARAMETRIC_REPRESENTATION_CONTEXT() REPRESENTATION_CONTEXT('2D SPACE',''
  ) );
#2654 = ORIENTED_EDGE('',*,*,#749,.F.);
#2655 = ADVANCED_FACE('',(#2656),#795,.T.);
#2656 = FACE_BOUND('',#2657,.T.);
#2657 = EDGE_LOOP('',(#2658,#2681,#2682,#2683));
#2658 = ORIENTED_EDGE('',*,*,#2659,.F.);
#2659 = EDGE_CURVE('',#2607,#2660,#2662,.T.);
#2660 = VERTEX_POINT('',#2661);
#2661 = CARTESIAN_POINT('',(-0.275,-14.2,-4.2));
#2662 = SURFACE_CURVE('',#2663,(#2667,#2674),.PCURVE_S1.);
#2663 = LINE('',#2664,#2665);
#2664 = CARTESIAN_POINT('',(0.275,-14.2,-4.2));
#2665 = VECTOR('',#2666,1.);
#2666 = DIRECTION('',(-1.,-1.224646799147E-16,0.));
#2667 = PCURVE('',#795,#2668);
#2668 = DEFINITIONAL_REPRESENTATION('',(#2669),#2673);
#2669 = LINE('',#2670,#2671);
#2670 = CARTESIAN_POINT('',(0.,0.));
#2671 = VECTOR('',#2672,1.);
#2672 = DIRECTION('',(0.,1.));
#2673 = ( GEOMETRIC_REPRESENTATION_CONTEXT(2) 
PARAMETRIC_REPRESENTATION_CONTEXT() REPRESENTATION_CONTEXT('2D SPACE',''
  ) );
#2674 = PCURVE('',#2622,#2675);
#2675 = DEFINITIONAL_REPRESENTATION('',(#2676),#2680);
#2676 = LINE('',#2677,#2678);
#2677 = CARTESIAN_POINT('',(0.,2.));
#2678 = VECTOR('',#2679,1.);
#2679 = DIRECTION('',(1.,0.));
#2680 = ( GEOMETRIC_REPRESENTATION_CONTEXT(2) 
PARAMETRIC_REPRESENTATION_CONTEXT() REPRESENTATION_CONTEXT('2D SPACE',''
  ) );
#2681 = ORIENTED_EDGE('',*,*,#2634,.T.);
#2682 = ORIENTED_EDGE('',*,*,#779,.T.);
#2683 = ORIENTED_EDGE('',*,*,#2684,.F.);
#2684 = EDGE_CURVE('',#2660,#780,#2685,.T.);
#2685 = SURFACE_CURVE('',#2686,(#2690,#2697),.PCURVE_S1.);
#2686 = LINE('',#2687,#2688);
#2687 = CARTESIAN_POINT('',(-0.275,-14.2,-4.2));
#2688 = VECTOR('',#2689,1.);
#2689 = DIRECTION('',(0.,0.,1.));
#2690 = PCURVE('',#795,#2691);
#2691 = DEFINITIONAL_REPRESENTATION('',(#2692),#2696);
#2692 = LINE('',#2693,#2694);
#2693 = CARTESIAN_POINT('',(0.,0.55));
#2694 = VECTOR('',#2695,1.);
#2695 = DIRECTION('',(1.,0.));
#2696 = ( GEOMETRIC_REPRESENTATION_CONTEXT(2) 
PARAMETRIC_REPRESENTATION_CONTEXT() REPRESENTATION_CONTEXT('2D SPACE',''
  ) );
#2697 = PCURVE('',#823,#2698);
#2698 = DEFINITIONAL_REPRESENTATION('',(#2699),#2703);
#2699 = LINE('',#2700,#2701);
#2700 = CARTESIAN_POINT('',(0.,-2.));
#2701 = VECTOR('',#2702,1.);
#2702 = DIRECTION('',(1.,0.));
#2703 = ( GEOMETRIC_REPRESENTATION_CONTEXT(2) 
PARAMETRIC_REPRESENTATION_CONTEXT() REPRESENTATION_CONTEXT('2D SPACE',''
  ) );
#2704 = ADVANCED_FACE('',(#2705),#849,.F.);
#2705 = FACE_BOUND('',#2706,.F.);
#2706 = EDGE_LOOP('',(#2707,#2730,#2731,#2732));
#2707 = ORIENTED_EDGE('',*,*,#2708,.F.);
#2708 = EDGE_CURVE('',#2584,#2709,#2711,.T.);
#2709 = VERTEX_POINT('',#2710);
#2710 = CARTESIAN_POINT('',(-0.275,-12.2,-4.2));
#2711 = SURFACE_CURVE('',#2712,(#2716,#2723),.PCURVE_S1.);
#2712 = LINE('',#2713,#2714);
#2713 = CARTESIAN_POINT('',(0.275,-12.2,-4.2));
#2714 = VECTOR('',#2715,1.);
#2715 = DIRECTION('',(-1.,-1.224646799147E-16,0.));
#2716 = PCURVE('',#849,#2717);
#2717 = DEFINITIONAL_REPRESENTATION('',(#2718),#2722);
#2718 = LINE('',#2719,#2720);
#2719 = CARTESIAN_POINT('',(0.,0.));
#2720 = VECTOR('',#2721,1.);
#2721 = DIRECTION('',(0.,1.));
#2722 = ( GEOMETRIC_REPRESENTATION_CONTEXT(2) 
PARAMETRIC_REPRESENTATION_CONTEXT() REPRESENTATION_CONTEXT('2D SPACE',''
  ) );
#2723 = PCURVE('',#2622,#2724);
#2724 = DEFINITIONAL_REPRESENTATION('',(#2725),#2729);
#2725 = LINE('',#2726,#2727);
#2726 = CARTESIAN_POINT('',(0.,0.));
#2727 = VECTOR('',#2728,1.);
#2728 = DIRECTION('',(1.,0.));
#2729 = ( GEOMETRIC_REPRESENTATION_CONTEXT(2) 
PARAMETRIC_REPRESENTATION_CONTEXT() REPRESENTATION_CONTEXT('2D SPACE',''
  ) );
#2730 = ORIENTED_EDGE('',*,*,#2583,.T.);
#2731 = ORIENTED_EDGE('',*,*,#835,.T.);
#2732 = ORIENTED_EDGE('',*,*,#2733,.F.);
#2733 = EDGE_CURVE('',#2709,#808,#2734,.T.);
#2734 = SURFACE_CURVE('',#2735,(#2739,#2746),.PCURVE_S1.);
#2735 = LINE('',#2736,#2737);
#2736 = CARTESIAN_POINT('',(-0.275,-12.2,-4.2));
#2737 = VECTOR('',#2738,1.);
#2738 = DIRECTION('',(0.,0.,1.));
#2739 = PCURVE('',#849,#2740);
#2740 = DEFINITIONAL_REPRESENTATION('',(#2741),#2745);
#2741 = LINE('',#2742,#2743);
#2742 = CARTESIAN_POINT('',(0.,0.55));
#2743 = VECTOR('',#2744,1.);
#2744 = DIRECTION('',(1.,0.));
#2745 = ( GEOMETRIC_REPRESENTATION_CONTEXT(2) 
PARAMETRIC_REPRESENTATION_CONTEXT() REPRESENTATION_CONTEXT('2D SPACE',''
  ) );
#2746 = PCURVE('',#823,#2747);
#2747 = DEFINITIONAL_REPRESENTATION('',(#2748),#2752);
#2748 = LINE('',#2749,#2750);
#2749 = CARTESIAN_POINT('',(0.,0.));
#2750 = VECTOR('',#2751,1.);
#2751 = DIRECTION('',(1.,0.));
#2752 = ( GEOMETRIC_REPRESENTATION_CONTEXT(2) 
PARAMETRIC_REPRESENTATION_CONTEXT() REPRESENTATION_CONTEXT('2D SPACE',''
  ) );
#2753 = ADVANCED_FACE('',(#2754),#823,.T.);
#2754 = FACE_BOUND('',#2755,.T.);
#2755 = EDGE_LOOP('',(#2756,#2757,#2778,#2779));
#2756 = ORIENTED_EDGE('',*,*,#2733,.F.);
#2757 = ORIENTED_EDGE('',*,*,#2758,.T.);
#2758 = EDGE_CURVE('',#2709,#2660,#2759,.T.);
#2759 = SURFACE_CURVE('',#2760,(#2764,#2771),.PCURVE_S1.);
#2760 = LINE('',#2761,#2762);
#2761 = CARTESIAN_POINT('',(-0.275,-12.2,-4.2));
#2762 = VECTOR('',#2763,1.);
#2763 = DIRECTION('',(1.224646799147E-16,-1.,0.));
#2764 = PCURVE('',#823,#2765);
#2765 = DEFINITIONAL_REPRESENTATION('',(#2766),#2770);
#2766 = LINE('',#2767,#2768);
#2767 = CARTESIAN_POINT('',(0.,0.));
#2768 = VECTOR('',#2769,1.);
#2769 = DIRECTION('',(0.,-1.));
#2770 = ( GEOMETRIC_REPRESENTATION_CONTEXT(2) 
PARAMETRIC_REPRESENTATION_CONTEXT() REPRESENTATION_CONTEXT('2D SPACE',''
  ) );
#2771 = PCURVE('',#2622,#2772);
#2772 = DEFINITIONAL_REPRESENTATION('',(#2773),#2777);
#2773 = LINE('',#2774,#2775);
#2774 = CARTESIAN_POINT('',(0.55,0.));
#2775 = VECTOR('',#2776,1.);
#2776 = DIRECTION('',(0.,1.));
#2777 = ( GEOMETRIC_REPRESENTATION_CONTEXT(2) 
PARAMETRIC_REPRESENTATION_CONTEXT() REPRESENTATION_CONTEXT('2D SPACE',''
  ) );
#2778 = ORIENTED_EDGE('',*,*,#2684,.T.);
#2779 = ORIENTED_EDGE('',*,*,#807,.F.);
#2780 = ADVANCED_FACE('',(#2781),#881,.F.);
#2781 = FACE_BOUND('',#2782,.F.);
#2782 = EDGE_LOOP('',(#2783,#2806,#2834,#2855));
#2783 = ORIENTED_EDGE('',*,*,#2784,.F.);
#2784 = EDGE_CURVE('',#2785,#864,#2787,.T.);
#2785 = VERTEX_POINT('',#2786);
#2786 = CARTESIAN_POINT('',(-1.8,-8.675,-4.09));
#2787 = SURFACE_CURVE('',#2788,(#2792,#2799),.PCURVE_S1.);
#2788 = LINE('',#2789,#2790);
#2789 = CARTESIAN_POINT('',(-1.8,-8.675,-4.09));
#2790 = VECTOR('',#2791,1.);
#2791 = DIRECTION('',(0.,0.,1.));
#2792 = PCURVE('',#881,#2793);
#2793 = DEFINITIONAL_REPRESENTATION('',(#2794),#2798);
#2794 = LINE('',#2795,#2796);
#2795 = CARTESIAN_POINT('',(0.,0.));
#2796 = VECTOR('',#2797,1.);
#2797 = DIRECTION('',(1.,0.));
#2798 = ( GEOMETRIC_REPRESENTATION_CONTEXT(2) 
PARAMETRIC_REPRESENTATION_CONTEXT() REPRESENTATION_CONTEXT('2D SPACE',''
  ) );
#2799 = PCURVE('',#963,#2800);
#2800 = DEFINITIONAL_REPRESENTATION('',(#2801),#2805);
#2801 = LINE('',#2802,#2803);
#2802 = CARTESIAN_POINT('',(0.,0.));
#2803 = VECTOR('',#2804,1.);
#2804 = DIRECTION('',(1.,0.));
#2805 = ( GEOMETRIC_REPRESENTATION_CONTEXT(2) 
PARAMETRIC_REPRESENTATION_CONTEXT() REPRESENTATION_CONTEXT('2D SPACE',''
  ) );
#2806 = ORIENTED_EDGE('',*,*,#2807,.T.);
#2807 = EDGE_CURVE('',#2785,#2808,#2810,.T.);
#2808 = VERTEX_POINT('',#2809);
#2809 = CARTESIAN_POINT('',(-1.8,-8.325,-4.09));
#2810 = SURFACE_CURVE('',#2811,(#2815,#2822),.PCURVE_S1.);
#2811 = LINE('',#2812,#2813);
#2812 = CARTESIAN_POINT('',(-1.8,-8.675,-4.09));
#2813 = VECTOR('',#2814,1.);
#2814 = DIRECTION('',(0.,1.,0.));
#2815 = PCURVE('',#881,#2816);
#2816 = DEFINITIONAL_REPRESENTATION('',(#2817),#2821);
#2817 = LINE('',#2818,#2819);
#2818 = CARTESIAN_POINT('',(0.,0.));
#2819 = VECTOR('',#2820,1.);
#2820 = DIRECTION('',(0.,-1.));
#2821 = ( GEOMETRIC_REPRESENTATION_CONTEXT(2) 
PARAMETRIC_REPRESENTATION_CONTEXT() REPRESENTATION_CONTEXT('2D SPACE',''
  ) );
#2822 = PCURVE('',#2823,#2828);
#2823 = PLANE('',#2824);
#2824 = AXIS2_PLACEMENT_3D('',#2825,#2826,#2827);
#2825 = CARTESIAN_POINT('',(-1.8,-8.675,-4.09));
#2826 = DIRECTION('',(0.,0.,1.));
#2827 = DIRECTION('',(1.,0.,0.));
#2828 = DEFINITIONAL_REPRESENTATION('',(#2829),#2833);
#2829 = LINE('',#2830,#2831);
#2830 = CARTESIAN_POINT('',(0.,0.));
#2831 = VECTOR('',#2832,1.);
#2832 = DIRECTION('',(0.,1.));
#2833 = ( GEOMETRIC_REPRESENTATION_CONTEXT(2) 
PARAMETRIC_REPRESENTATION_CONTEXT() REPRESENTATION_CONTEXT('2D SPACE',''
  ) );
#2834 = ORIENTED_EDGE('',*,*,#2835,.T.);
#2835 = EDGE_CURVE('',#2808,#866,#2836,.T.);
#2836 = SURFACE_CURVE('',#2837,(#2841,#2848),.PCURVE_S1.);
#2837 = LINE('',#2838,#2839);
#2838 = CARTESIAN_POINT('',(-1.8,-8.325,-4.09));
#2839 = VECTOR('',#2840,1.);
#2840 = DIRECTION('',(0.,0.,1.));
#2841 = PCURVE('',#881,#2842);
#2842 = DEFINITIONAL_REPRESENTATION('',(#2843),#2847);
#2843 = LINE('',#2844,#2845);
#2844 = CARTESIAN_POINT('',(0.,-0.35));
#2845 = VECTOR('',#2846,1.);
#2846 = DIRECTION('',(1.,0.));
#2847 = ( GEOMETRIC_REPRESENTATION_CONTEXT(2) 
PARAMETRIC_REPRESENTATION_CONTEXT() REPRESENTATION_CONTEXT('2D SPACE',''
  ) );
#2848 = PCURVE('',#909,#2849);
#2849 = DEFINITIONAL_REPRESENTATION('',(#2850),#2854);
#2850 = LINE('',#2851,#2852);
#2851 = CARTESIAN_POINT('',(0.,0.));
#2852 = VECTOR('',#2853,1.);
#2853 = DIRECTION('',(1.,0.));
#2854 = ( GEOMETRIC_REPRESENTATION_CONTEXT(2) 
PARAMETRIC_REPRESENTATION_CONTEXT() REPRESENTATION_CONTEXT('2D SPACE',''
  ) );
#2855 = ORIENTED_EDGE('',*,*,#863,.F.);
#2856 = ADVANCED_FACE('',(#2857),#963,.F.);
#2857 = FACE_BOUND('',#2858,.F.);
#2858 = EDGE_LOOP('',(#2859,#2882,#2883,#2884));
#2859 = ORIENTED_EDGE('',*,*,#2860,.F.);
#2860 = EDGE_CURVE('',#2785,#2861,#2863,.T.);
#2861 = VERTEX_POINT('',#2862);
#2862 = CARTESIAN_POINT('',(1.8,-8.675,-4.09));
#2863 = SURFACE_CURVE('',#2864,(#2868,#2875),.PCURVE_S1.);
#2864 = LINE('',#2865,#2866);
#2865 = CARTESIAN_POINT('',(-1.8,-8.675,-4.09));
#2866 = VECTOR('',#2867,1.);
#2867 = DIRECTION('',(1.,0.,0.));
#2868 = PCURVE('',#963,#2869);
#2869 = DEFINITIONAL_REPRESENTATION('',(#2870),#2874);
#2870 = LINE('',#2871,#2872);
#2871 = CARTESIAN_POINT('',(0.,0.));
#2872 = VECTOR('',#2873,1.);
#2873 = DIRECTION('',(0.,1.));
#2874 = ( GEOMETRIC_REPRESENTATION_CONTEXT(2) 
PARAMETRIC_REPRESENTATION_CONTEXT() REPRESENTATION_CONTEXT('2D SPACE',''
  ) );
#2875 = PCURVE('',#2823,#2876);
#2876 = DEFINITIONAL_REPRESENTATION('',(#2877),#2881);
#2877 = LINE('',#2878,#2879);
#2878 = CARTESIAN_POINT('',(0.,0.));
#2879 = VECTOR('',#2880,1.);
#2880 = DIRECTION('',(1.,0.));
#2881 = ( GEOMETRIC_REPRESENTATION_CONTEXT(2) 
PARAMETRIC_REPRESENTATION_CONTEXT() REPRESENTATION_CONTEXT('2D SPACE',''
  ) );
#2882 = ORIENTED_EDGE('',*,*,#2784,.T.);
#2883 = ORIENTED_EDGE('',*,*,#949,.T.);
#2884 = ORIENTED_EDGE('',*,*,#2885,.F.);
#2885 = EDGE_CURVE('',#2861,#922,#2886,.T.);
#2886 = SURFACE_CURVE('',#2887,(#2891,#2898),.PCURVE_S1.);
#2887 = LINE('',#2888,#2889);
#2888 = CARTESIAN_POINT('',(1.8,-8.675,-4.09));
#2889 = VECTOR('',#2890,1.);
#2890 = DIRECTION('',(0.,0.,1.));
#2891 = PCURVE('',#963,#2892);
#2892 = DEFINITIONAL_REPRESENTATION('',(#2893),#2897);
#2893 = LINE('',#2894,#2895);
#2894 = CARTESIAN_POINT('',(0.,3.6));
#2895 = VECTOR('',#2896,1.);
#2896 = DIRECTION('',(1.,0.));
#2897 = ( GEOMETRIC_REPRESENTATION_CONTEXT(2) 
PARAMETRIC_REPRESENTATION_CONTEXT() REPRESENTATION_CONTEXT('2D SPACE',''
  ) );
#2898 = PCURVE('',#937,#2899);
#2899 = DEFINITIONAL_REPRESENTATION('',(#2900),#2904);
#2900 = LINE('',#2901,#2902);
#2901 = CARTESIAN_POINT('',(0.,0.));
#2902 = VECTOR('',#2903,1.);
#2903 = DIRECTION('',(1.,0.));
#2904 = ( GEOMETRIC_REPRESENTATION_CONTEXT(2) 
PARAMETRIC_REPRESENTATION_CONTEXT() REPRESENTATION_CONTEXT('2D SPACE',''
  ) );
#2905 = ADVANCED_FACE('',(#2906),#937,.T.);
#2906 = FACE_BOUND('',#2907,.T.);
#2907 = EDGE_LOOP('',(#2908,#2909,#2932,#2953));
#2908 = ORIENTED_EDGE('',*,*,#2885,.F.);
#2909 = ORIENTED_EDGE('',*,*,#2910,.T.);
#2910 = EDGE_CURVE('',#2861,#2911,#2913,.T.);
#2911 = VERTEX_POINT('',#2912);
#2912 = CARTESIAN_POINT('',(1.8,-8.325,-4.09));
#2913 = SURFACE_CURVE('',#2914,(#2918,#2925),.PCURVE_S1.);
#2914 = LINE('',#2915,#2916);
#2915 = CARTESIAN_POINT('',(1.8,-8.675,-4.09));
#2916 = VECTOR('',#2917,1.);
#2917 = DIRECTION('',(0.,1.,0.));
#2918 = PCURVE('',#937,#2919);
#2919 = DEFINITIONAL_REPRESENTATION('',(#2920),#2924);
#2920 = LINE('',#2921,#2922);
#2921 = CARTESIAN_POINT('',(0.,0.));
#2922 = VECTOR('',#2923,1.);
#2923 = DIRECTION('',(0.,-1.));
#2924 = ( GEOMETRIC_REPRESENTATION_CONTEXT(2) 
PARAMETRIC_REPRESENTATION_CONTEXT() REPRESENTATION_CONTEXT('2D SPACE',''
  ) );
#2925 = PCURVE('',#2823,#2926);
#2926 = DEFINITIONAL_REPRESENTATION('',(#2927),#2931);
#2927 = LINE('',#2928,#2929);
#2928 = CARTESIAN_POINT('',(3.6,0.));
#2929 = VECTOR('',#2930,1.);
#2930 = DIRECTION('',(0.,1.));
#2931 = ( GEOMETRIC_REPRESENTATION_CONTEXT(2) 
PARAMETRIC_REPRESENTATION_CONTEXT() REPRESENTATION_CONTEXT('2D SPACE',''
  ) );
#2932 = ORIENTED_EDGE('',*,*,#2933,.T.);
#2933 = EDGE_CURVE('',#2911,#894,#2934,.T.);
#2934 = SURFACE_CURVE('',#2935,(#2939,#2946),.PCURVE_S1.);
#2935 = LINE('',#2936,#2937);
#2936 = CARTESIAN_POINT('',(1.8,-8.325,-4.09));
#2937 = VECTOR('',#2938,1.);
#2938 = DIRECTION('',(0.,0.,1.));
#2939 = PCURVE('',#937,#2940);
#2940 = DEFINITIONAL_REPRESENTATION('',(#2941),#2945);
#2941 = LINE('',#2942,#2943);
#2942 = CARTESIAN_POINT('',(0.,-0.35));
#2943 = VECTOR('',#2944,1.);
#2944 = DIRECTION('',(1.,0.));
#2945 = ( GEOMETRIC_REPRESENTATION_CONTEXT(2) 
PARAMETRIC_REPRESENTATION_CONTEXT() REPRESENTATION_CONTEXT('2D SPACE',''
  ) );
#2946 = PCURVE('',#909,#2947);
#2947 = DEFINITIONAL_REPRESENTATION('',(#2948),#2952);
#2948 = LINE('',#2949,#2950);
#2949 = CARTESIAN_POINT('',(0.,3.6));
#2950 = VECTOR('',#2951,1.);
#2951 = DIRECTION('',(1.,0.));
#2952 = ( GEOMETRIC_REPRESENTATION_CONTEXT(2) 
PARAMETRIC_REPRESENTATION_CONTEXT() REPRESENTATION_CONTEXT('2D SPACE',''
  ) );
#2953 = ORIENTED_EDGE('',*,*,#921,.F.);
#2954 = ADVANCED_FACE('',(#2955),#909,.T.);
#2955 = FACE_BOUND('',#2956,.T.);
#2956 = EDGE_LOOP('',(#2957,#2978,#2979,#2980));
#2957 = ORIENTED_EDGE('',*,*,#2958,.F.);
#2958 = EDGE_CURVE('',#2808,#2911,#2959,.T.);
#2959 = SURFACE_CURVE('',#2960,(#2964,#2971),.PCURVE_S1.);
#2960 = LINE('',#2961,#2962);
#2961 = CARTESIAN_POINT('',(-1.8,-8.325,-4.09));
#2962 = VECTOR('',#2963,1.);
#2963 = DIRECTION('',(1.,0.,0.));
#2964 = PCURVE('',#909,#2965);
#2965 = DEFINITIONAL_REPRESENTATION('',(#2966),#2970);
#2966 = LINE('',#2967,#2968);
#2967 = CARTESIAN_POINT('',(0.,0.));
#2968 = VECTOR('',#2969,1.);
#2969 = DIRECTION('',(0.,1.));
#2970 = ( GEOMETRIC_REPRESENTATION_CONTEXT(2) 
PARAMETRIC_REPRESENTATION_CONTEXT() REPRESENTATION_CONTEXT('2D SPACE',''
  ) );
#2971 = PCURVE('',#2823,#2972);
#2972 = DEFINITIONAL_REPRESENTATION('',(#2973),#2977);
#2973 = LINE('',#2974,#2975);
#2974 = CARTESIAN_POINT('',(0.,0.35));
#2975 = VECTOR('',#2976,1.);
#2976 = DIRECTION('',(1.,0.));
#2977 = ( GEOMETRIC_REPRESENTATION_CONTEXT(2) 
PARAMETRIC_REPRESENTATION_CONTEXT() REPRESENTATION_CONTEXT('2D SPACE',''
  ) );
#2978 = ORIENTED_EDGE('',*,*,#2835,.T.);
#2979 = ORIENTED_EDGE('',*,*,#893,.T.);
#2980 = ORIENTED_EDGE('',*,*,#2933,.F.);
#2981 = ADVANCED_FACE('',(#2982),#995,.F.);
#2982 = FACE_BOUND('',#2983,.F.);
#2983 = EDGE_LOOP('',(#2984,#3007,#3035,#3056));
#2984 = ORIENTED_EDGE('',*,*,#2985,.F.);
#2985 = EDGE_CURVE('',#2986,#978,#2988,.T.);
#2986 = VERTEX_POINT('',#2987);
#2987 = CARTESIAN_POINT('',(-10.42800992617,-6.338156986041,-4.2));
#2988 = SURFACE_CURVE('',#2989,(#2993,#3000),.PCURVE_S1.);
#2989 = LINE('',#2990,#2991);
#2990 = CARTESIAN_POINT('',(-10.42800992617,-6.338156986041,-4.2));
#2991 = VECTOR('',#2992,1.);
#2992 = DIRECTION('',(0.,0.,1.));
#2993 = PCURVE('',#995,#2994);
#2994 = DEFINITIONAL_REPRESENTATION('',(#2995),#2999);
#2995 = LINE('',#2996,#2997);
#2996 = CARTESIAN_POINT('',(0.,0.));
#2997 = VECTOR('',#2998,1.);
#2998 = DIRECTION('',(1.,0.));
#2999 = ( GEOMETRIC_REPRESENTATION_CONTEXT(2) 
PARAMETRIC_REPRESENTATION_CONTEXT() REPRESENTATION_CONTEXT('2D SPACE',''
  ) );
#3000 = PCURVE('',#1077,#3001);
#3001 = DEFINITIONAL_REPRESENTATION('',(#3002),#3006);
#3002 = LINE('',#3003,#3004);
#3003 = CARTESIAN_POINT('',(0.,0.));
#3004 = VECTOR('',#3005,1.);
#3005 = DIRECTION('',(1.,0.));
#3006 = ( GEOMETRIC_REPRESENTATION_CONTEXT(2) 
PARAMETRIC_REPRESENTATION_CONTEXT() REPRESENTATION_CONTEXT('2D SPACE',''
  ) );
#3007 = ORIENTED_EDGE('',*,*,#3008,.T.);
#3008 = EDGE_CURVE('',#2986,#3009,#3011,.T.);
#3009 = VERTEX_POINT('',#3010);
#3010 = CARTESIAN_POINT('',(-12.16006073373,-7.338156986041,-4.2));
#3011 = SURFACE_CURVE('',#3012,(#3016,#3023),.PCURVE_S1.);
#3012 = LINE('',#3013,#3014);
#3013 = CARTESIAN_POINT('',(-10.42800992617,-6.338156986041,-4.2));
#3014 = VECTOR('',#3015,1.);
#3015 = DIRECTION('',(-0.866025403784,-0.5,0.));
#3016 = PCURVE('',#995,#3017);
#3017 = DEFINITIONAL_REPRESENTATION('',(#3018),#3022);
#3018 = LINE('',#3019,#3020);
#3019 = CARTESIAN_POINT('',(0.,0.));
#3020 = VECTOR('',#3021,1.);
#3021 = DIRECTION('',(0.,-1.));
#3022 = ( GEOMETRIC_REPRESENTATION_CONTEXT(2) 
PARAMETRIC_REPRESENTATION_CONTEXT() REPRESENTATION_CONTEXT('2D SPACE',''
  ) );
#3023 = PCURVE('',#3024,#3029);
#3024 = PLANE('',#3025);
#3025 = AXIS2_PLACEMENT_3D('',#3026,#3027,#3028);
#3026 = CARTESIAN_POINT('',(-10.42800992617,-6.338156986041,-4.2));
#3027 = DIRECTION('',(0.,0.,1.));
#3028 = DIRECTION('',(-0.5,0.866025403784,0.));
#3029 = DEFINITIONAL_REPRESENTATION('',(#3030),#3034);
#3030 = LINE('',#3031,#3032);
#3031 = CARTESIAN_POINT('',(0.,0.));
#3032 = VECTOR('',#3033,1.);
#3033 = DIRECTION('',(0.,1.));
#3034 = ( GEOMETRIC_REPRESENTATION_CONTEXT(2) 
PARAMETRIC_REPRESENTATION_CONTEXT() REPRESENTATION_CONTEXT('2D SPACE',''
  ) );
#3035 = ORIENTED_EDGE('',*,*,#3036,.T.);
#3036 = EDGE_CURVE('',#3009,#980,#3037,.T.);
#3037 = SURFACE_CURVE('',#3038,(#3042,#3049),.PCURVE_S1.);
#3038 = LINE('',#3039,#3040);
#3039 = CARTESIAN_POINT('',(-12.16006073373,-7.338156986041,-4.2));
#3040 = VECTOR('',#3041,1.);
#3041 = DIRECTION('',(0.,0.,1.));
#3042 = PCURVE('',#995,#3043);
#3043 = DEFINITIONAL_REPRESENTATION('',(#3044),#3048);
#3044 = LINE('',#3045,#3046);
#3045 = CARTESIAN_POINT('',(0.,-2.));
#3046 = VECTOR('',#3047,1.);
#3047 = DIRECTION('',(1.,0.));
#3048 = ( GEOMETRIC_REPRESENTATION_CONTEXT(2) 
PARAMETRIC_REPRESENTATION_CONTEXT() REPRESENTATION_CONTEXT('2D SPACE',''
  ) );
#3049 = PCURVE('',#1023,#3050);
#3050 = DEFINITIONAL_REPRESENTATION('',(#3051),#3055);
#3051 = LINE('',#3052,#3053);
#3052 = CARTESIAN_POINT('',(0.,0.));
#3053 = VECTOR('',#3054,1.);
#3054 = DIRECTION('',(1.,0.));
#3055 = ( GEOMETRIC_REPRESENTATION_CONTEXT(2) 
PARAMETRIC_REPRESENTATION_CONTEXT() REPRESENTATION_CONTEXT('2D SPACE',''
  ) );
#3056 = ORIENTED_EDGE('',*,*,#977,.F.);
#3057 = ADVANCED_FACE('',(#3058),#1023,.T.);
#3058 = FACE_BOUND('',#3059,.T.);
#3059 = EDGE_LOOP('',(#3060,#3083,#3084,#3085));
#3060 = ORIENTED_EDGE('',*,*,#3061,.F.);
#3061 = EDGE_CURVE('',#3009,#3062,#3064,.T.);
#3062 = VERTEX_POINT('',#3063);
#3063 = CARTESIAN_POINT('',(-12.43506073373,-6.861843013959,-4.2));
#3064 = SURFACE_CURVE('',#3065,(#3069,#3076),.PCURVE_S1.);
#3065 = LINE('',#3066,#3067);
#3066 = CARTESIAN_POINT('',(-12.16006073373,-7.338156986041,-4.2));
#3067 = VECTOR('',#3068,1.);
#3068 = DIRECTION('',(-0.5,0.866025403784,0.));
#3069 = PCURVE('',#1023,#3070);
#3070 = DEFINITIONAL_REPRESENTATION('',(#3071),#3075);
#3071 = LINE('',#3072,#3073);
#3072 = CARTESIAN_POINT('',(0.,0.));
#3073 = VECTOR('',#3074,1.);
#3074 = DIRECTION('',(0.,1.));
#3075 = ( GEOMETRIC_REPRESENTATION_CONTEXT(2) 
PARAMETRIC_REPRESENTATION_CONTEXT() REPRESENTATION_CONTEXT('2D SPACE',''
  ) );
#3076 = PCURVE('',#3024,#3077);
#3077 = DEFINITIONAL_REPRESENTATION('',(#3078),#3082);
#3078 = LINE('',#3079,#3080);
#3079 = CARTESIAN_POINT('',(0.,2.));
#3080 = VECTOR('',#3081,1.);
#3081 = DIRECTION('',(1.,0.));
#3082 = ( GEOMETRIC_REPRESENTATION_CONTEXT(2) 
PARAMETRIC_REPRESENTATION_CONTEXT() REPRESENTATION_CONTEXT('2D SPACE',''
  ) );
#3083 = ORIENTED_EDGE('',*,*,#3036,.T.);
#3084 = ORIENTED_EDGE('',*,*,#1007,.T.);
#3085 = ORIENTED_EDGE('',*,*,#3086,.F.);
#3086 = EDGE_CURVE('',#3062,#1008,#3087,.T.);
#3087 = SURFACE_CURVE('',#3088,(#3092,#3099),.PCURVE_S1.);
#3088 = LINE('',#3089,#3090);
#3089 = CARTESIAN_POINT('',(-12.43506073373,-6.861843013959,-4.2));
#3090 = VECTOR('',#3091,1.);
#3091 = DIRECTION('',(0.,0.,1.));
#3092 = PCURVE('',#1023,#3093);
#3093 = DEFINITIONAL_REPRESENTATION('',(#3094),#3098);
#3094 = LINE('',#3095,#3096);
#3095 = CARTESIAN_POINT('',(0.,0.55));
#3096 = VECTOR('',#3097,1.);
#3097 = DIRECTION('',(1.,0.));
#3098 = ( GEOMETRIC_REPRESENTATION_CONTEXT(2) 
PARAMETRIC_REPRESENTATION_CONTEXT() REPRESENTATION_CONTEXT('2D SPACE',''
  ) );
#3099 = PCURVE('',#1051,#3100);
#3100 = DEFINITIONAL_REPRESENTATION('',(#3101),#3105);
#3101 = LINE('',#3102,#3103);
#3102 = CARTESIAN_POINT('',(0.,-2.));
#3103 = VECTOR('',#3104,1.);
#3104 = DIRECTION('',(1.,0.));
#3105 = ( GEOMETRIC_REPRESENTATION_CONTEXT(2) 
PARAMETRIC_REPRESENTATION_CONTEXT() REPRESENTATION_CONTEXT('2D SPACE',''
  ) );
#3106 = ADVANCED_FACE('',(#3107),#1077,.F.);
#3107 = FACE_BOUND('',#3108,.F.);
#3108 = EDGE_LOOP('',(#3109,#3132,#3133,#3134));
#3109 = ORIENTED_EDGE('',*,*,#3110,.F.);
#3110 = EDGE_CURVE('',#2986,#3111,#3113,.T.);
#3111 = VERTEX_POINT('',#3112);
#3112 = CARTESIAN_POINT('',(-10.70300992617,-5.861843013959,-4.2));
#3113 = SURFACE_CURVE('',#3114,(#3118,#3125),.PCURVE_S1.);
#3114 = LINE('',#3115,#3116);
#3115 = CARTESIAN_POINT('',(-10.42800992617,-6.338156986041,-4.2));
#3116 = VECTOR('',#3117,1.);
#3117 = DIRECTION('',(-0.5,0.866025403784,0.));
#3118 = PCURVE('',#1077,#3119);
#3119 = DEFINITIONAL_REPRESENTATION('',(#3120),#3124);
#3120 = LINE('',#3121,#3122);
#3121 = CARTESIAN_POINT('',(0.,0.));
#3122 = VECTOR('',#3123,1.);
#3123 = DIRECTION('',(0.,1.));
#3124 = ( GEOMETRIC_REPRESENTATION_CONTEXT(2) 
PARAMETRIC_REPRESENTATION_CONTEXT() REPRESENTATION_CONTEXT('2D SPACE',''
  ) );
#3125 = PCURVE('',#3024,#3126);
#3126 = DEFINITIONAL_REPRESENTATION('',(#3127),#3131);
#3127 = LINE('',#3128,#3129);
#3128 = CARTESIAN_POINT('',(0.,0.));
#3129 = VECTOR('',#3130,1.);
#3130 = DIRECTION('',(1.,0.));
#3131 = ( GEOMETRIC_REPRESENTATION_CONTEXT(2) 
PARAMETRIC_REPRESENTATION_CONTEXT() REPRESENTATION_CONTEXT('2D SPACE',''
  ) );
#3132 = ORIENTED_EDGE('',*,*,#2985,.T.);
#3133 = ORIENTED_EDGE('',*,*,#1063,.T.);
#3134 = ORIENTED_EDGE('',*,*,#3135,.F.);
#3135 = EDGE_CURVE('',#3111,#1036,#3136,.T.);
#3136 = SURFACE_CURVE('',#3137,(#3141,#3148),.PCURVE_S1.);
#3137 = LINE('',#3138,#3139);
#3138 = CARTESIAN_POINT('',(-10.70300992617,-5.861843013959,-4.2));
#3139 = VECTOR('',#3140,1.);
#3140 = DIRECTION('',(0.,0.,1.));
#3141 = PCURVE('',#1077,#3142);
#3142 = DEFINITIONAL_REPRESENTATION('',(#3143),#3147);
#3143 = LINE('',#3144,#3145);
#3144 = CARTESIAN_POINT('',(0.,0.55));
#3145 = VECTOR('',#3146,1.);
#3146 = DIRECTION('',(1.,0.));
#3147 = ( GEOMETRIC_REPRESENTATION_CONTEXT(2) 
PARAMETRIC_REPRESENTATION_CONTEXT() REPRESENTATION_CONTEXT('2D SPACE',''
  ) );
#3148 = PCURVE('',#1051,#3149);
#3149 = DEFINITIONAL_REPRESENTATION('',(#3150),#3154);
#3150 = LINE('',#3151,#3152);
#3151 = CARTESIAN_POINT('',(0.,0.));
#3152 = VECTOR('',#3153,1.);
#3153 = DIRECTION('',(1.,0.));
#3154 = ( GEOMETRIC_REPRESENTATION_CONTEXT(2) 
PARAMETRIC_REPRESENTATION_CONTEXT() REPRESENTATION_CONTEXT('2D SPACE',''
  ) );
#3155 = ADVANCED_FACE('',(#3156),#1051,.T.);
#3156 = FACE_BOUND('',#3157,.T.);
#3157 = EDGE_LOOP('',(#3158,#3159,#3180,#3181));
#3158 = ORIENTED_EDGE('',*,*,#3135,.F.);
#3159 = ORIENTED_EDGE('',*,*,#3160,.T.);
#3160 = EDGE_CURVE('',#3111,#3062,#3161,.T.);
#3161 = SURFACE_CURVE('',#3162,(#3166,#3173),.PCURVE_S1.);
#3162 = LINE('',#3163,#3164);
#3163 = CARTESIAN_POINT('',(-10.70300992617,-5.861843013959,-4.2));
#3164 = VECTOR('',#3165,1.);
#3165 = DIRECTION('',(-0.866025403784,-0.5,0.));
#3166 = PCURVE('',#1051,#3167);
#3167 = DEFINITIONAL_REPRESENTATION('',(#3168),#3172);
#3168 = LINE('',#3169,#3170);
#3169 = CARTESIAN_POINT('',(0.,0.));
#3170 = VECTOR('',#3171,1.);
#3171 = DIRECTION('',(0.,-1.));
#3172 = ( GEOMETRIC_REPRESENTATION_CONTEXT(2) 
PARAMETRIC_REPRESENTATION_CONTEXT() REPRESENTATION_CONTEXT('2D SPACE',''
  ) );
#3173 = PCURVE('',#3024,#3174);
#3174 = DEFINITIONAL_REPRESENTATION('',(#3175),#3179);
#3175 = LINE('',#3176,#3177);
#3176 = CARTESIAN_POINT('',(0.55,0.));
#3177 = VECTOR('',#3178,1.);
#3178 = DIRECTION('',(0.,1.));
#3179 = ( GEOMETRIC_REPRESENTATION_CONTEXT(2) 
PARAMETRIC_REPRESENTATION_CONTEXT() REPRESENTATION_CONTEXT('2D SPACE',''
  ) );
#3180 = ORIENTED_EDGE('',*,*,#3086,.T.);
#3181 = ORIENTED_EDGE('',*,*,#1035,.F.);
#3182 = ADVANCED_FACE('',(#3183),#1109,.F.);
#3183 = FACE_BOUND('',#3184,.F.);
#3184 = EDGE_LOOP('',(#3185,#3208,#3236,#3257));
#3185 = ORIENTED_EDGE('',*,*,#3186,.F.);
#3186 = EDGE_CURVE('',#3187,#1092,#3189,.T.);
#3187 = VERTEX_POINT('',#3188);
#3188 = CARTESIAN_POINT('',(6.338156986041,-10.42800992617,-4.2));
#3189 = SURFACE_CURVE('',#3190,(#3194,#3201),.PCURVE_S1.);
#3190 = LINE('',#3191,#3192);
#3191 = CARTESIAN_POINT('',(6.338156986041,-10.42800992617,-4.2));
#3192 = VECTOR('',#3193,1.);
#3193 = DIRECTION('',(0.,0.,1.));
#3194 = PCURVE('',#1109,#3195);
#3195 = DEFINITIONAL_REPRESENTATION('',(#3196),#3200);
#3196 = LINE('',#3197,#3198);
#3197 = CARTESIAN_POINT('',(0.,0.));
#3198 = VECTOR('',#3199,1.);
#3199 = DIRECTION('',(1.,0.));
#3200 = ( GEOMETRIC_REPRESENTATION_CONTEXT(2) 
PARAMETRIC_REPRESENTATION_CONTEXT() REPRESENTATION_CONTEXT('2D SPACE',''
  ) );
#3201 = PCURVE('',#1191,#3202);
#3202 = DEFINITIONAL_REPRESENTATION('',(#3203),#3207);
#3203 = LINE('',#3204,#3205);
#3204 = CARTESIAN_POINT('',(0.,0.));
#3205 = VECTOR('',#3206,1.);
#3206 = DIRECTION('',(1.,0.));
#3207 = ( GEOMETRIC_REPRESENTATION_CONTEXT(2) 
PARAMETRIC_REPRESENTATION_CONTEXT() REPRESENTATION_CONTEXT('2D SPACE',''
  ) );
#3208 = ORIENTED_EDGE('',*,*,#3209,.T.);
#3209 = EDGE_CURVE('',#3187,#3210,#3212,.T.);
#3210 = VERTEX_POINT('',#3211);
#3211 = CARTESIAN_POINT('',(7.338156986041,-12.16006073373,-4.2));
#3212 = SURFACE_CURVE('',#3213,(#3217,#3224),.PCURVE_S1.);
#3213 = LINE('',#3214,#3215);
#3214 = CARTESIAN_POINT('',(6.338156986041,-10.42800992617,-4.2));
#3215 = VECTOR('',#3216,1.);
#3216 = DIRECTION('',(0.5,-0.866025403784,0.));
#3217 = PCURVE('',#1109,#3218);
#3218 = DEFINITIONAL_REPRESENTATION('',(#3219),#3223);
#3219 = LINE('',#3220,#3221);
#3220 = CARTESIAN_POINT('',(0.,0.));
#3221 = VECTOR('',#3222,1.);
#3222 = DIRECTION('',(0.,-1.));
#3223 = ( GEOMETRIC_REPRESENTATION_CONTEXT(2) 
PARAMETRIC_REPRESENTATION_CONTEXT() REPRESENTATION_CONTEXT('2D SPACE',''
  ) );
#3224 = PCURVE('',#3225,#3230);
#3225 = PLANE('',#3226);
#3226 = AXIS2_PLACEMENT_3D('',#3227,#3228,#3229);
#3227 = CARTESIAN_POINT('',(6.338156986041,-10.42800992617,-4.2));
#3228 = DIRECTION('',(0.,0.,1.));
#3229 = DIRECTION('',(-0.866025403784,-0.5,0.));
#3230 = DEFINITIONAL_REPRESENTATION('',(#3231),#3235);
#3231 = LINE('',#3232,#3233);
#3232 = CARTESIAN_POINT('',(0.,0.));
#3233 = VECTOR('',#3234,1.);
#3234 = DIRECTION('',(0.,1.));
#3235 = ( GEOMETRIC_REPRESENTATION_CONTEXT(2) 
PARAMETRIC_REPRESENTATION_CONTEXT() REPRESENTATION_CONTEXT('2D SPACE',''
  ) );
#3236 = ORIENTED_EDGE('',*,*,#3237,.T.);
#3237 = EDGE_CURVE('',#3210,#1094,#3238,.T.);
#3238 = SURFACE_CURVE('',#3239,(#3243,#3250),.PCURVE_S1.);
#3239 = LINE('',#3240,#3241);
#3240 = CARTESIAN_POINT('',(7.338156986041,-12.16006073373,-4.2));
#3241 = VECTOR('',#3242,1.);
#3242 = DIRECTION('',(0.,0.,1.));
#3243 = PCURVE('',#1109,#3244);
#3244 = DEFINITIONAL_REPRESENTATION('',(#3245),#3249);
#3245 = LINE('',#3246,#3247);
#3246 = CARTESIAN_POINT('',(0.,-2.));
#3247 = VECTOR('',#3248,1.);
#3248 = DIRECTION('',(1.,0.));
#3249 = ( GEOMETRIC_REPRESENTATION_CONTEXT(2) 
PARAMETRIC_REPRESENTATION_CONTEXT() REPRESENTATION_CONTEXT('2D SPACE',''
  ) );
#3250 = PCURVE('',#1137,#3251);
#3251 = DEFINITIONAL_REPRESENTATION('',(#3252),#3256);
#3252 = LINE('',#3253,#3254);
#3253 = CARTESIAN_POINT('',(0.,0.));
#3254 = VECTOR('',#3255,1.);
#3255 = DIRECTION('',(1.,0.));
#3256 = ( GEOMETRIC_REPRESENTATION_CONTEXT(2) 
PARAMETRIC_REPRESENTATION_CONTEXT() REPRESENTATION_CONTEXT('2D SPACE',''
  ) );
#3257 = ORIENTED_EDGE('',*,*,#1091,.F.);
#3258 = ADVANCED_FACE('',(#3259),#1137,.T.);
#3259 = FACE_BOUND('',#3260,.T.);
#3260 = EDGE_LOOP('',(#3261,#3284,#3285,#3286));
#3261 = ORIENTED_EDGE('',*,*,#3262,.F.);
#3262 = EDGE_CURVE('',#3210,#3263,#3265,.T.);
#3263 = VERTEX_POINT('',#3264);
#3264 = CARTESIAN_POINT('',(6.861843013959,-12.43506073373,-4.2));
#3265 = SURFACE_CURVE('',#3266,(#3270,#3277),.PCURVE_S1.);
#3266 = LINE('',#3267,#3268);
#3267 = CARTESIAN_POINT('',(7.338156986041,-12.16006073373,-4.2));
#3268 = VECTOR('',#3269,1.);
#3269 = DIRECTION('',(-0.866025403784,-0.5,0.));
#3270 = PCURVE('',#1137,#3271);
#3271 = DEFINITIONAL_REPRESENTATION('',(#3272),#3276);
#3272 = LINE('',#3273,#3274);
#3273 = CARTESIAN_POINT('',(0.,0.));
#3274 = VECTOR('',#3275,1.);
#3275 = DIRECTION('',(0.,1.));
#3276 = ( GEOMETRIC_REPRESENTATION_CONTEXT(2) 
PARAMETRIC_REPRESENTATION_CONTEXT() REPRESENTATION_CONTEXT('2D SPACE',''
  ) );
#3277 = PCURVE('',#3225,#3278);
#3278 = DEFINITIONAL_REPRESENTATION('',(#3279),#3283);
#3279 = LINE('',#3280,#3281);
#3280 = CARTESIAN_POINT('',(0.,2.));
#3281 = VECTOR('',#3282,1.);
#3282 = DIRECTION('',(1.,0.));
#3283 = ( GEOMETRIC_REPRESENTATION_CONTEXT(2) 
PARAMETRIC_REPRESENTATION_CONTEXT() REPRESENTATION_CONTEXT('2D SPACE',''
  ) );
#3284 = ORIENTED_EDGE('',*,*,#3237,.T.);
#3285 = ORIENTED_EDGE('',*,*,#1121,.T.);
#3286 = ORIENTED_EDGE('',*,*,#3287,.F.);
#3287 = EDGE_CURVE('',#3263,#1122,#3288,.T.);
#3288 = SURFACE_CURVE('',#3289,(#3293,#3300),.PCURVE_S1.);
#3289 = LINE('',#3290,#3291);
#3290 = CARTESIAN_POINT('',(6.861843013959,-12.43506073373,-4.2));
#3291 = VECTOR('',#3292,1.);
#3292 = DIRECTION('',(0.,0.,1.));
#3293 = PCURVE('',#1137,#3294);
#3294 = DEFINITIONAL_REPRESENTATION('',(#3295),#3299);
#3295 = LINE('',#3296,#3297);
#3296 = CARTESIAN_POINT('',(0.,0.55));
#3297 = VECTOR('',#3298,1.);
#3298 = DIRECTION('',(1.,0.));
#3299 = ( GEOMETRIC_REPRESENTATION_CONTEXT(2) 
PARAMETRIC_REPRESENTATION_CONTEXT() REPRESENTATION_CONTEXT('2D SPACE',''
  ) );
#3300 = PCURVE('',#1165,#3301);
#3301 = DEFINITIONAL_REPRESENTATION('',(#3302),#3306);
#3302 = LINE('',#3303,#3304);
#3303 = CARTESIAN_POINT('',(0.,-2.));
#3304 = VECTOR('',#3305,1.);
#3305 = DIRECTION('',(1.,0.));
#3306 = ( GEOMETRIC_REPRESENTATION_CONTEXT(2) 
PARAMETRIC_REPRESENTATION_CONTEXT() REPRESENTATION_CONTEXT('2D SPACE',''
  ) );
#3307 = ADVANCED_FACE('',(#3308),#1191,.F.);
#3308 = FACE_BOUND('',#3309,.F.);
#3309 = EDGE_LOOP('',(#3310,#3333,#3334,#3335));
#3310 = ORIENTED_EDGE('',*,*,#3311,.F.);
#3311 = EDGE_CURVE('',#3187,#3312,#3314,.T.);
#3312 = VERTEX_POINT('',#3313);
#3313 = CARTESIAN_POINT('',(5.861843013959,-10.70300992617,-4.2));
#3314 = SURFACE_CURVE('',#3315,(#3319,#3326),.PCURVE_S1.);
#3315 = LINE('',#3316,#3317);
#3316 = CARTESIAN_POINT('',(6.338156986041,-10.42800992617,-4.2));
#3317 = VECTOR('',#3318,1.);
#3318 = DIRECTION('',(-0.866025403784,-0.5,0.));
#3319 = PCURVE('',#1191,#3320);
#3320 = DEFINITIONAL_REPRESENTATION('',(#3321),#3325);
#3321 = LINE('',#3322,#3323);
#3322 = CARTESIAN_POINT('',(0.,0.));
#3323 = VECTOR('',#3324,1.);
#3324 = DIRECTION('',(0.,1.));
#3325 = ( GEOMETRIC_REPRESENTATION_CONTEXT(2) 
PARAMETRIC_REPRESENTATION_CONTEXT() REPRESENTATION_CONTEXT('2D SPACE',''
  ) );
#3326 = PCURVE('',#3225,#3327);
#3327 = DEFINITIONAL_REPRESENTATION('',(#3328),#3332);
#3328 = LINE('',#3329,#3330);
#3329 = CARTESIAN_POINT('',(0.,0.));
#3330 = VECTOR('',#3331,1.);
#3331 = DIRECTION('',(1.,0.));
#3332 = ( GEOMETRIC_REPRESENTATION_CONTEXT(2) 
PARAMETRIC_REPRESENTATION_CONTEXT() REPRESENTATION_CONTEXT('2D SPACE',''
  ) );
#3333 = ORIENTED_EDGE('',*,*,#3186,.T.);
#3334 = ORIENTED_EDGE('',*,*,#1177,.T.);
#3335 = ORIENTED_EDGE('',*,*,#3336,.F.);
#3336 = EDGE_CURVE('',#3312,#1150,#3337,.T.);
#3337 = SURFACE_CURVE('',#3338,(#3342,#3349),.PCURVE_S1.);
#3338 = LINE('',#3339,#3340);
#3339 = CARTESIAN_POINT('',(5.861843013959,-10.70300992617,-4.2));
#3340 = VECTOR('',#3341,1.);
#3341 = DIRECTION('',(0.,0.,1.));
#3342 = PCURVE('',#1191,#3343);
#3343 = DEFINITIONAL_REPRESENTATION('',(#3344),#3348);
#3344 = LINE('',#3345,#3346);
#3345 = CARTESIAN_POINT('',(0.,0.55));
#3346 = VECTOR('',#3347,1.);
#3347 = DIRECTION('',(1.,0.));
#3348 = ( GEOMETRIC_REPRESENTATION_CONTEXT(2) 
PARAMETRIC_REPRESENTATION_CONTEXT() REPRESENTATION_CONTEXT('2D SPACE',''
  ) );
#3349 = PCURVE('',#1165,#3350);
#3350 = DEFINITIONAL_REPRESENTATION('',(#3351),#3355);
#3351 = LINE('',#3352,#3353);
#3352 = CARTESIAN_POINT('',(0.,0.));
#3353 = VECTOR('',#3354,1.);
#3354 = DIRECTION('',(1.,0.));
#3355 = ( GEOMETRIC_REPRESENTATION_CONTEXT(2) 
PARAMETRIC_REPRESENTATION_CONTEXT() REPRESENTATION_CONTEXT('2D SPACE',''
  ) );
#3356 = ADVANCED_FACE('',(#3357),#1165,.T.);
#3357 = FACE_BOUND('',#3358,.T.);
#3358 = EDGE_LOOP('',(#3359,#3360,#3381,#3382));
#3359 = ORIENTED_EDGE('',*,*,#3336,.F.);
#3360 = ORIENTED_EDGE('',*,*,#3361,.T.);
#3361 = EDGE_CURVE('',#3312,#3263,#3362,.T.);
#3362 = SURFACE_CURVE('',#3363,(#3367,#3374),.PCURVE_S1.);
#3363 = LINE('',#3364,#3365);
#3364 = CARTESIAN_POINT('',(5.861843013959,-10.70300992617,-4.2));
#3365 = VECTOR('',#3366,1.);
#3366 = DIRECTION('',(0.5,-0.866025403784,0.));
#3367 = PCURVE('',#1165,#3368);
#3368 = DEFINITIONAL_REPRESENTATION('',(#3369),#3373);
#3369 = LINE('',#3370,#3371);
#3370 = CARTESIAN_POINT('',(0.,0.));
#3371 = VECTOR('',#3372,1.);
#3372 = DIRECTION('',(0.,-1.));
#3373 = ( GEOMETRIC_REPRESENTATION_CONTEXT(2) 
PARAMETRIC_REPRESENTATION_CONTEXT() REPRESENTATION_CONTEXT('2D SPACE',''
  ) );
#3374 = PCURVE('',#3225,#3375);
#3375 = DEFINITIONAL_REPRESENTATION('',(#3376),#3380);
#3376 = LINE('',#3377,#3378);
#3377 = CARTESIAN_POINT('',(0.55,0.));
#3378 = VECTOR('',#3379,1.);
#3379 = DIRECTION('',(0.,1.));
#3380 = ( GEOMETRIC_REPRESENTATION_CONTEXT(2) 
PARAMETRIC_REPRESENTATION_CONTEXT() REPRESENTATION_CONTEXT('2D SPACE',''
  ) );
#3381 = ORIENTED_EDGE('',*,*,#3287,.T.);
#3382 = ORIENTED_EDGE('',*,*,#1149,.F.);
#3383 = ADVANCED_FACE('',(#3384),#1223,.F.);
#3384 = FACE_BOUND('',#3385,.F.);
#3385 = EDGE_LOOP('',(#3386,#3409,#3437,#3458));
#3386 = ORIENTED_EDGE('',*,*,#3387,.F.);
#3387 = EDGE_CURVE('',#3388,#1206,#3390,.T.);
#3388 = VERTEX_POINT('',#3389);
#3389 = CARTESIAN_POINT('',(10.70300992617,-5.861843013959,-4.2));
#3390 = SURFACE_CURVE('',#3391,(#3395,#3402),.PCURVE_S1.);
#3391 = LINE('',#3392,#3393);
#3392 = CARTESIAN_POINT('',(10.70300992617,-5.861843013959,-4.2));
#3393 = VECTOR('',#3394,1.);
#3394 = DIRECTION('',(0.,0.,1.));
#3395 = PCURVE('',#1223,#3396);
#3396 = DEFINITIONAL_REPRESENTATION('',(#3397),#3401);
#3397 = LINE('',#3398,#3399);
#3398 = CARTESIAN_POINT('',(0.,0.));
#3399 = VECTOR('',#3400,1.);
#3400 = DIRECTION('',(1.,0.));
#3401 = ( GEOMETRIC_REPRESENTATION_CONTEXT(2) 
PARAMETRIC_REPRESENTATION_CONTEXT() REPRESENTATION_CONTEXT('2D SPACE',''
  ) );
#3402 = PCURVE('',#1305,#3403);
#3403 = DEFINITIONAL_REPRESENTATION('',(#3404),#3408);
#3404 = LINE('',#3405,#3406);
#3405 = CARTESIAN_POINT('',(0.,0.));
#3406 = VECTOR('',#3407,1.);
#3407 = DIRECTION('',(1.,0.));
#3408 = ( GEOMETRIC_REPRESENTATION_CONTEXT(2) 
PARAMETRIC_REPRESENTATION_CONTEXT() REPRESENTATION_CONTEXT('2D SPACE',''
  ) );
#3409 = ORIENTED_EDGE('',*,*,#3410,.T.);
#3410 = EDGE_CURVE('',#3388,#3411,#3413,.T.);
#3411 = VERTEX_POINT('',#3412);
#3412 = CARTESIAN_POINT('',(12.435060733739,-6.861843013959,-4.2));
#3413 = SURFACE_CURVE('',#3414,(#3418,#3425),.PCURVE_S1.);
#3414 = LINE('',#3415,#3416);
#3415 = CARTESIAN_POINT('',(10.70300992617,-5.861843013959,-4.2));
#3416 = VECTOR('',#3417,1.);
#3417 = DIRECTION('',(0.866025403784,-0.5,0.));
#3418 = PCURVE('',#1223,#3419);
#3419 = DEFINITIONAL_REPRESENTATION('',(#3420),#3424);
#3420 = LINE('',#3421,#3422);
#3421 = CARTESIAN_POINT('',(0.,0.));
#3422 = VECTOR('',#3423,1.);
#3423 = DIRECTION('',(0.,-1.));
#3424 = ( GEOMETRIC_REPRESENTATION_CONTEXT(2) 
PARAMETRIC_REPRESENTATION_CONTEXT() REPRESENTATION_CONTEXT('2D SPACE',''
  ) );
#3425 = PCURVE('',#3426,#3431);
#3426 = PLANE('',#3427);
#3427 = AXIS2_PLACEMENT_3D('',#3428,#3429,#3430);
#3428 = CARTESIAN_POINT('',(10.70300992617,-5.861843013959,-4.2));
#3429 = DIRECTION('',(0.,0.,1.));
#3430 = DIRECTION('',(-0.5,-0.866025403784,0.));
#3431 = DEFINITIONAL_REPRESENTATION('',(#3432),#3436);
#3432 = LINE('',#3433,#3434);
#3433 = CARTESIAN_POINT('',(0.,0.));
#3434 = VECTOR('',#3435,1.);
#3435 = DIRECTION('',(0.,1.));
#3436 = ( GEOMETRIC_REPRESENTATION_CONTEXT(2) 
PARAMETRIC_REPRESENTATION_CONTEXT() REPRESENTATION_CONTEXT('2D SPACE',''
  ) );
#3437 = ORIENTED_EDGE('',*,*,#3438,.T.);
#3438 = EDGE_CURVE('',#3411,#1208,#3439,.T.);
#3439 = SURFACE_CURVE('',#3440,(#3444,#3451),.PCURVE_S1.);
#3440 = LINE('',#3441,#3442);
#3441 = CARTESIAN_POINT('',(12.435060733739,-6.861843013959,-4.2));
#3442 = VECTOR('',#3443,1.);
#3443 = DIRECTION('',(0.,0.,1.));
#3444 = PCURVE('',#1223,#3445);
#3445 = DEFINITIONAL_REPRESENTATION('',(#3446),#3450);
#3446 = LINE('',#3447,#3448);
#3447 = CARTESIAN_POINT('',(0.,-2.));
#3448 = VECTOR('',#3449,1.);
#3449 = DIRECTION('',(1.,0.));
#3450 = ( GEOMETRIC_REPRESENTATION_CONTEXT(2) 
PARAMETRIC_REPRESENTATION_CONTEXT() REPRESENTATION_CONTEXT('2D SPACE',''
  ) );
#3451 = PCURVE('',#1251,#3452);
#3452 = DEFINITIONAL_REPRESENTATION('',(#3453),#3457);
#3453 = LINE('',#3454,#3455);
#3454 = CARTESIAN_POINT('',(0.,0.));
#3455 = VECTOR('',#3456,1.);
#3456 = DIRECTION('',(1.,0.));
#3457 = ( GEOMETRIC_REPRESENTATION_CONTEXT(2) 
PARAMETRIC_REPRESENTATION_CONTEXT() REPRESENTATION_CONTEXT('2D SPACE',''
  ) );
#3458 = ORIENTED_EDGE('',*,*,#1205,.F.);
#3459 = ADVANCED_FACE('',(#3460),#1251,.T.);
#3460 = FACE_BOUND('',#3461,.T.);
#3461 = EDGE_LOOP('',(#3462,#3485,#3486,#3487));
#3462 = ORIENTED_EDGE('',*,*,#3463,.F.);
#3463 = EDGE_CURVE('',#3411,#3464,#3466,.T.);
#3464 = VERTEX_POINT('',#3465);
#3465 = CARTESIAN_POINT('',(12.160060733739,-7.338156986041,-4.2));
#3466 = SURFACE_CURVE('',#3467,(#3471,#3478),.PCURVE_S1.);
#3467 = LINE('',#3468,#3469);
#3468 = CARTESIAN_POINT('',(12.435060733739,-6.861843013959,-4.2));
#3469 = VECTOR('',#3470,1.);
#3470 = DIRECTION('',(-0.5,-0.866025403784,0.));
#3471 = PCURVE('',#1251,#3472);
#3472 = DEFINITIONAL_REPRESENTATION('',(#3473),#3477);
#3473 = LINE('',#3474,#3475);
#3474 = CARTESIAN_POINT('',(0.,0.));
#3475 = VECTOR('',#3476,1.);
#3476 = DIRECTION('',(0.,1.));
#3477 = ( GEOMETRIC_REPRESENTATION_CONTEXT(2) 
PARAMETRIC_REPRESENTATION_CONTEXT() REPRESENTATION_CONTEXT('2D SPACE',''
  ) );
#3478 = PCURVE('',#3426,#3479);
#3479 = DEFINITIONAL_REPRESENTATION('',(#3480),#3484);
#3480 = LINE('',#3481,#3482);
#3481 = CARTESIAN_POINT('',(0.,2.));
#3482 = VECTOR('',#3483,1.);
#3483 = DIRECTION('',(1.,0.));
#3484 = ( GEOMETRIC_REPRESENTATION_CONTEXT(2) 
PARAMETRIC_REPRESENTATION_CONTEXT() REPRESENTATION_CONTEXT('2D SPACE',''
  ) );
#3485 = ORIENTED_EDGE('',*,*,#3438,.T.);
#3486 = ORIENTED_EDGE('',*,*,#1235,.T.);
#3487 = ORIENTED_EDGE('',*,*,#3488,.F.);
#3488 = EDGE_CURVE('',#3464,#1236,#3489,.T.);
#3489 = SURFACE_CURVE('',#3490,(#3494,#3501),.PCURVE_S1.);
#3490 = LINE('',#3491,#3492);
#3491 = CARTESIAN_POINT('',(12.160060733739,-7.338156986041,-4.2));
#3492 = VECTOR('',#3493,1.);
#3493 = DIRECTION('',(0.,0.,1.));
#3494 = PCURVE('',#1251,#3495);
#3495 = DEFINITIONAL_REPRESENTATION('',(#3496),#3500);
#3496 = LINE('',#3497,#3498);
#3497 = CARTESIAN_POINT('',(0.,0.55));
#3498 = VECTOR('',#3499,1.);
#3499 = DIRECTION('',(1.,0.));
#3500 = ( GEOMETRIC_REPRESENTATION_CONTEXT(2) 
PARAMETRIC_REPRESENTATION_CONTEXT() REPRESENTATION_CONTEXT('2D SPACE',''
  ) );
#3501 = PCURVE('',#1279,#3502);
#3502 = DEFINITIONAL_REPRESENTATION('',(#3503),#3507);
#3503 = LINE('',#3504,#3505);
#3504 = CARTESIAN_POINT('',(0.,-2.));
#3505 = VECTOR('',#3506,1.);
#3506 = DIRECTION('',(1.,0.));
#3507 = ( GEOMETRIC_REPRESENTATION_CONTEXT(2) 
PARAMETRIC_REPRESENTATION_CONTEXT() REPRESENTATION_CONTEXT('2D SPACE',''
  ) );
#3508 = ADVANCED_FACE('',(#3509),#1305,.F.);
#3509 = FACE_BOUND('',#3510,.F.);
#3510 = EDGE_LOOP('',(#3511,#3534,#3535,#3536));
#3511 = ORIENTED_EDGE('',*,*,#3512,.F.);
#3512 = EDGE_CURVE('',#3388,#3513,#3515,.T.);
#3513 = VERTEX_POINT('',#3514);
#3514 = CARTESIAN_POINT('',(10.42800992617,-6.338156986041,-4.2));
#3515 = SURFACE_CURVE('',#3516,(#3520,#3527),.PCURVE_S1.);
#3516 = LINE('',#3517,#3518);
#3517 = CARTESIAN_POINT('',(10.70300992617,-5.861843013959,-4.2));
#3518 = VECTOR('',#3519,1.);
#3519 = DIRECTION('',(-0.5,-0.866025403784,0.));
#3520 = PCURVE('',#1305,#3521);
#3521 = DEFINITIONAL_REPRESENTATION('',(#3522),#3526);
#3522 = LINE('',#3523,#3524);
#3523 = CARTESIAN_POINT('',(0.,0.));
#3524 = VECTOR('',#3525,1.);
#3525 = DIRECTION('',(0.,1.));
#3526 = ( GEOMETRIC_REPRESENTATION_CONTEXT(2) 
PARAMETRIC_REPRESENTATION_CONTEXT() REPRESENTATION_CONTEXT('2D SPACE',''
  ) );
#3527 = PCURVE('',#3426,#3528);
#3528 = DEFINITIONAL_REPRESENTATION('',(#3529),#3533);
#3529 = LINE('',#3530,#3531);
#3530 = CARTESIAN_POINT('',(0.,0.));
#3531 = VECTOR('',#3532,1.);
#3532 = DIRECTION('',(1.,0.));
#3533 = ( GEOMETRIC_REPRESENTATION_CONTEXT(2) 
PARAMETRIC_REPRESENTATION_CONTEXT() REPRESENTATION_CONTEXT('2D SPACE',''
  ) );
#3534 = ORIENTED_EDGE('',*,*,#3387,.T.);
#3535 = ORIENTED_EDGE('',*,*,#1291,.T.);
#3536 = ORIENTED_EDGE('',*,*,#3537,.F.);
#3537 = EDGE_CURVE('',#3513,#1264,#3538,.T.);
#3538 = SURFACE_CURVE('',#3539,(#3543,#3550),.PCURVE_S1.);
#3539 = LINE('',#3540,#3541);
#3540 = CARTESIAN_POINT('',(10.42800992617,-6.338156986041,-4.2));
#3541 = VECTOR('',#3542,1.);
#3542 = DIRECTION('',(0.,0.,1.));
#3543 = PCURVE('',#1305,#3544);
#3544 = DEFINITIONAL_REPRESENTATION('',(#3545),#3549);
#3545 = LINE('',#3546,#3547);
#3546 = CARTESIAN_POINT('',(0.,0.55));
#3547 = VECTOR('',#3548,1.);
#3548 = DIRECTION('',(1.,0.));
#3549 = ( GEOMETRIC_REPRESENTATION_CONTEXT(2) 
PARAMETRIC_REPRESENTATION_CONTEXT() REPRESENTATION_CONTEXT('2D SPACE',''
  ) );
#3550 = PCURVE('',#1279,#3551);
#3551 = DEFINITIONAL_REPRESENTATION('',(#3552),#3556);
#3552 = LINE('',#3553,#3554);
#3553 = CARTESIAN_POINT('',(0.,0.));
#3554 = VECTOR('',#3555,1.);
#3555 = DIRECTION('',(1.,0.));
#3556 = ( GEOMETRIC_REPRESENTATION_CONTEXT(2) 
PARAMETRIC_REPRESENTATION_CONTEXT() REPRESENTATION_CONTEXT('2D SPACE',''
  ) );
#3557 = ADVANCED_FACE('',(#3558),#1279,.T.);
#3558 = FACE_BOUND('',#3559,.T.);
#3559 = EDGE_LOOP('',(#3560,#3561,#3582,#3583));
#3560 = ORIENTED_EDGE('',*,*,#3537,.F.);
#3561 = ORIENTED_EDGE('',*,*,#3562,.T.);
#3562 = EDGE_CURVE('',#3513,#3464,#3563,.T.);
#3563 = SURFACE_CURVE('',#3564,(#3568,#3575),.PCURVE_S1.);
#3564 = LINE('',#3565,#3566);
#3565 = CARTESIAN_POINT('',(10.42800992617,-6.338156986041,-4.2));
#3566 = VECTOR('',#3567,1.);
#3567 = DIRECTION('',(0.866025403784,-0.5,0.));
#3568 = PCURVE('',#1279,#3569);
#3569 = DEFINITIONAL_REPRESENTATION('',(#3570),#3574);
#3570 = LINE('',#3571,#3572);
#3571 = CARTESIAN_POINT('',(0.,0.));
#3572 = VECTOR('',#3573,1.);
#3573 = DIRECTION('',(0.,-1.));
#3574 = ( GEOMETRIC_REPRESENTATION_CONTEXT(2) 
PARAMETRIC_REPRESENTATION_CONTEXT() REPRESENTATION_CONTEXT('2D SPACE',''
  ) );
#3575 = PCURVE('',#3426,#3576);
#3576 = DEFINITIONAL_REPRESENTATION('',(#3577),#3581);
#3577 = LINE('',#3578,#3579);
#3578 = CARTESIAN_POINT('',(0.55,0.));
#3579 = VECTOR('',#3580,1.);
#3580 = DIRECTION('',(0.,1.));
#3581 = ( GEOMETRIC_REPRESENTATION_CONTEXT(2) 
PARAMETRIC_REPRESENTATION_CONTEXT() REPRESENTATION_CONTEXT('2D SPACE',''
  ) );
#3582 = ORIENTED_EDGE('',*,*,#3488,.T.);
#3583 = ORIENTED_EDGE('',*,*,#1263,.F.);
#3584 = ADVANCED_FACE('',(#3585),#1363,.F.);
#3585 = FACE_BOUND('',#3586,.F.);
#3586 = EDGE_LOOP('',(#3587,#3610,#3638,#3659));
#3587 = ORIENTED_EDGE('',*,*,#3588,.F.);
#3588 = EDGE_CURVE('',#3589,#1346,#3591,.T.);
#3589 = VERTEX_POINT('',#3590);
#3590 = CARTESIAN_POINT('',(-10.70300992617,5.861843013959,-4.2));
#3591 = SURFACE_CURVE('',#3592,(#3596,#3603),.PCURVE_S1.);
#3592 = LINE('',#3593,#3594);
#3593 = CARTESIAN_POINT('',(-10.70300992617,5.861843013959,-4.2));
#3594 = VECTOR('',#3595,1.);
#3595 = DIRECTION('',(0.,0.,1.));
#3596 = PCURVE('',#1363,#3597);
#3597 = DEFINITIONAL_REPRESENTATION('',(#3598),#3602);
#3598 = LINE('',#3599,#3600);
#3599 = CARTESIAN_POINT('',(0.,0.));
#3600 = VECTOR('',#3601,1.);
#3601 = DIRECTION('',(1.,0.));
#3602 = ( GEOMETRIC_REPRESENTATION_CONTEXT(2) 
PARAMETRIC_REPRESENTATION_CONTEXT() REPRESENTATION_CONTEXT('2D SPACE',''
  ) );
#3603 = PCURVE('',#1445,#3604);
#3604 = DEFINITIONAL_REPRESENTATION('',(#3605),#3609);
#3605 = LINE('',#3606,#3607);
#3606 = CARTESIAN_POINT('',(0.,0.));
#3607 = VECTOR('',#3608,1.);
#3608 = DIRECTION('',(1.,0.));
#3609 = ( GEOMETRIC_REPRESENTATION_CONTEXT(2) 
PARAMETRIC_REPRESENTATION_CONTEXT() REPRESENTATION_CONTEXT('2D SPACE',''
  ) );
#3610 = ORIENTED_EDGE('',*,*,#3611,.T.);
#3611 = EDGE_CURVE('',#3589,#3612,#3614,.T.);
#3612 = VERTEX_POINT('',#3613);
#3613 = CARTESIAN_POINT('',(-12.43506073373,6.861843013959,-4.2));
#3614 = SURFACE_CURVE('',#3615,(#3619,#3626),.PCURVE_S1.);
#3615 = LINE('',#3616,#3617);
#3616 = CARTESIAN_POINT('',(-10.70300992617,5.861843013959,-4.2));
#3617 = VECTOR('',#3618,1.);
#3618 = DIRECTION('',(-0.866025403784,0.5,0.));
#3619 = PCURVE('',#1363,#3620);
#3620 = DEFINITIONAL_REPRESENTATION('',(#3621),#3625);
#3621 = LINE('',#3622,#3623);
#3622 = CARTESIAN_POINT('',(0.,0.));
#3623 = VECTOR('',#3624,1.);
#3624 = DIRECTION('',(0.,-1.));
#3625 = ( GEOMETRIC_REPRESENTATION_CONTEXT(2) 
PARAMETRIC_REPRESENTATION_CONTEXT() REPRESENTATION_CONTEXT('2D SPACE',''
  ) );
#3626 = PCURVE('',#3627,#3632);
#3627 = PLANE('',#3628);
#3628 = AXIS2_PLACEMENT_3D('',#3629,#3630,#3631);
#3629 = CARTESIAN_POINT('',(-10.70300992617,5.861843013959,-4.2));
#3630 = DIRECTION('',(0.,0.,1.));
#3631 = DIRECTION('',(0.5,0.866025403784,0.));
#3632 = DEFINITIONAL_REPRESENTATION('',(#3633),#3637);
#3633 = LINE('',#3634,#3635);
#3634 = CARTESIAN_POINT('',(0.,0.));
#3635 = VECTOR('',#3636,1.);
#3636 = DIRECTION('',(0.,1.));
#3637 = ( GEOMETRIC_REPRESENTATION_CONTEXT(2) 
PARAMETRIC_REPRESENTATION_CONTEXT() REPRESENTATION_CONTEXT('2D SPACE',''
  ) );
#3638 = ORIENTED_EDGE('',*,*,#3639,.T.);
#3639 = EDGE_CURVE('',#3612,#1348,#3640,.T.);
#3640 = SURFACE_CURVE('',#3641,(#3645,#3652),.PCURVE_S1.);
#3641 = LINE('',#3642,#3643);
#3642 = CARTESIAN_POINT('',(-12.43506073373,6.861843013959,-4.2));
#3643 = VECTOR('',#3644,1.);
#3644 = DIRECTION('',(0.,0.,1.));
#3645 = PCURVE('',#1363,#3646);
#3646 = DEFINITIONAL_REPRESENTATION('',(#3647),#3651);
#3647 = LINE('',#3648,#3649);
#3648 = CARTESIAN_POINT('',(0.,-2.));
#3649 = VECTOR('',#3650,1.);
#3650 = DIRECTION('',(1.,0.));
#3651 = ( GEOMETRIC_REPRESENTATION_CONTEXT(2) 
PARAMETRIC_REPRESENTATION_CONTEXT() REPRESENTATION_CONTEXT('2D SPACE',''
  ) );
#3652 = PCURVE('',#1391,#3653);
#3653 = DEFINITIONAL_REPRESENTATION('',(#3654),#3658);
#3654 = LINE('',#3655,#3656);
#3655 = CARTESIAN_POINT('',(0.,0.));
#3656 = VECTOR('',#3657,1.);
#3657 = DIRECTION('',(1.,0.));
#3658 = ( GEOMETRIC_REPRESENTATION_CONTEXT(2) 
PARAMETRIC_REPRESENTATION_CONTEXT() REPRESENTATION_CONTEXT('2D SPACE',''
  ) );
#3659 = ORIENTED_EDGE('',*,*,#1345,.F.);
#3660 = ADVANCED_FACE('',(#3661),#1391,.T.);
#3661 = FACE_BOUND('',#3662,.T.);
#3662 = EDGE_LOOP('',(#3663,#3686,#3687,#3688));
#3663 = ORIENTED_EDGE('',*,*,#3664,.F.);
#3664 = EDGE_CURVE('',#3612,#3665,#3667,.T.);
#3665 = VERTEX_POINT('',#3666);
#3666 = CARTESIAN_POINT('',(-12.16006073373,7.338156986041,-4.2));
#3667 = SURFACE_CURVE('',#3668,(#3672,#3679),.PCURVE_S1.);
#3668 = LINE('',#3669,#3670);
#3669 = CARTESIAN_POINT('',(-12.43506073373,6.861843013959,-4.2));
#3670 = VECTOR('',#3671,1.);
#3671 = DIRECTION('',(0.5,0.866025403784,0.));
#3672 = PCURVE('',#1391,#3673);
#3673 = DEFINITIONAL_REPRESENTATION('',(#3674),#3678);
#3674 = LINE('',#3675,#3676);
#3675 = CARTESIAN_POINT('',(0.,0.));
#3676 = VECTOR('',#3677,1.);
#3677 = DIRECTION('',(0.,1.));
#3678 = ( GEOMETRIC_REPRESENTATION_CONTEXT(2) 
PARAMETRIC_REPRESENTATION_CONTEXT() REPRESENTATION_CONTEXT('2D SPACE',''
  ) );
#3679 = PCURVE('',#3627,#3680);
#3680 = DEFINITIONAL_REPRESENTATION('',(#3681),#3685);
#3681 = LINE('',#3682,#3683);
#3682 = CARTESIAN_POINT('',(0.,2.));
#3683 = VECTOR('',#3684,1.);
#3684 = DIRECTION('',(1.,0.));
#3685 = ( GEOMETRIC_REPRESENTATION_CONTEXT(2) 
PARAMETRIC_REPRESENTATION_CONTEXT() REPRESENTATION_CONTEXT('2D SPACE',''
  ) );
#3686 = ORIENTED_EDGE('',*,*,#3639,.T.);
#3687 = ORIENTED_EDGE('',*,*,#1375,.T.);
#3688 = ORIENTED_EDGE('',*,*,#3689,.F.);
#3689 = EDGE_CURVE('',#3665,#1376,#3690,.T.);
#3690 = SURFACE_CURVE('',#3691,(#3695,#3702),.PCURVE_S1.);
#3691 = LINE('',#3692,#3693);
#3692 = CARTESIAN_POINT('',(-12.16006073373,7.338156986041,-4.2));
#3693 = VECTOR('',#3694,1.);
#3694 = DIRECTION('',(0.,0.,1.));
#3695 = PCURVE('',#1391,#3696);
#3696 = DEFINITIONAL_REPRESENTATION('',(#3697),#3701);
#3697 = LINE('',#3698,#3699);
#3698 = CARTESIAN_POINT('',(0.,0.55));
#3699 = VECTOR('',#3700,1.);
#3700 = DIRECTION('',(1.,0.));
#3701 = ( GEOMETRIC_REPRESENTATION_CONTEXT(2) 
PARAMETRIC_REPRESENTATION_CONTEXT() REPRESENTATION_CONTEXT('2D SPACE',''
  ) );
#3702 = PCURVE('',#1419,#3703);
#3703 = DEFINITIONAL_REPRESENTATION('',(#3704),#3708);
#3704 = LINE('',#3705,#3706);
#3705 = CARTESIAN_POINT('',(0.,-2.));
#3706 = VECTOR('',#3707,1.);
#3707 = DIRECTION('',(1.,0.));
#3708 = ( GEOMETRIC_REPRESENTATION_CONTEXT(2) 
PARAMETRIC_REPRESENTATION_CONTEXT() REPRESENTATION_CONTEXT('2D SPACE',''
  ) );
#3709 = ADVANCED_FACE('',(#3710),#1445,.F.);
#3710 = FACE_BOUND('',#3711,.F.);
#3711 = EDGE_LOOP('',(#3712,#3735,#3736,#3737));
#3712 = ORIENTED_EDGE('',*,*,#3713,.F.);
#3713 = EDGE_CURVE('',#3589,#3714,#3716,.T.);
#3714 = VERTEX_POINT('',#3715);
#3715 = CARTESIAN_POINT('',(-10.42800992617,6.338156986041,-4.2));
#3716 = SURFACE_CURVE('',#3717,(#3721,#3728),.PCURVE_S1.);
#3717 = LINE('',#3718,#3719);
#3718 = CARTESIAN_POINT('',(-10.70300992617,5.861843013959,-4.2));
#3719 = VECTOR('',#3720,1.);
#3720 = DIRECTION('',(0.5,0.866025403784,0.));
#3721 = PCURVE('',#1445,#3722);
#3722 = DEFINITIONAL_REPRESENTATION('',(#3723),#3727);
#3723 = LINE('',#3724,#3725);
#3724 = CARTESIAN_POINT('',(0.,0.));
#3725 = VECTOR('',#3726,1.);
#3726 = DIRECTION('',(0.,1.));
#3727 = ( GEOMETRIC_REPRESENTATION_CONTEXT(2) 
PARAMETRIC_REPRESENTATION_CONTEXT() REPRESENTATION_CONTEXT('2D SPACE',''
  ) );
#3728 = PCURVE('',#3627,#3729);
#3729 = DEFINITIONAL_REPRESENTATION('',(#3730),#3734);
#3730 = LINE('',#3731,#3732);
#3731 = CARTESIAN_POINT('',(0.,0.));
#3732 = VECTOR('',#3733,1.);
#3733 = DIRECTION('',(1.,0.));
#3734 = ( GEOMETRIC_REPRESENTATION_CONTEXT(2) 
PARAMETRIC_REPRESENTATION_CONTEXT() REPRESENTATION_CONTEXT('2D SPACE',''
  ) );
#3735 = ORIENTED_EDGE('',*,*,#3588,.T.);
#3736 = ORIENTED_EDGE('',*,*,#1431,.T.);
#3737 = ORIENTED_EDGE('',*,*,#3738,.F.);
#3738 = EDGE_CURVE('',#3714,#1404,#3739,.T.);
#3739 = SURFACE_CURVE('',#3740,(#3744,#3751),.PCURVE_S1.);
#3740 = LINE('',#3741,#3742);
#3741 = CARTESIAN_POINT('',(-10.42800992617,6.338156986041,-4.2));
#3742 = VECTOR('',#3743,1.);
#3743 = DIRECTION('',(0.,0.,1.));
#3744 = PCURVE('',#1445,#3745);
#3745 = DEFINITIONAL_REPRESENTATION('',(#3746),#3750);
#3746 = LINE('',#3747,#3748);
#3747 = CARTESIAN_POINT('',(0.,0.55));
#3748 = VECTOR('',#3749,1.);
#3749 = DIRECTION('',(1.,0.));
#3750 = ( GEOMETRIC_REPRESENTATION_CONTEXT(2) 
PARAMETRIC_REPRESENTATION_CONTEXT() REPRESENTATION_CONTEXT('2D SPACE',''
  ) );
#3751 = PCURVE('',#1419,#3752);
#3752 = DEFINITIONAL_REPRESENTATION('',(#3753),#3757);
#3753 = LINE('',#3754,#3755);
#3754 = CARTESIAN_POINT('',(0.,0.));
#3755 = VECTOR('',#3756,1.);
#3756 = DIRECTION('',(1.,0.));
#3757 = ( GEOMETRIC_REPRESENTATION_CONTEXT(2) 
PARAMETRIC_REPRESENTATION_CONTEXT() REPRESENTATION_CONTEXT('2D SPACE',''
  ) );
#3758 = ADVANCED_FACE('',(#3759),#1419,.T.);
#3759 = FACE_BOUND('',#3760,.T.);
#3760 = EDGE_LOOP('',(#3761,#3762,#3783,#3784));
#3761 = ORIENTED_EDGE('',*,*,#3738,.F.);
#3762 = ORIENTED_EDGE('',*,*,#3763,.T.);
#3763 = EDGE_CURVE('',#3714,#3665,#3764,.T.);
#3764 = SURFACE_CURVE('',#3765,(#3769,#3776),.PCURVE_S1.);
#3765 = LINE('',#3766,#3767);
#3766 = CARTESIAN_POINT('',(-10.42800992617,6.338156986041,-4.2));
#3767 = VECTOR('',#3768,1.);
#3768 = DIRECTION('',(-0.866025403784,0.5,0.));
#3769 = PCURVE('',#1419,#3770);
#3770 = DEFINITIONAL_REPRESENTATION('',(#3771),#3775);
#3771 = LINE('',#3772,#3773);
#3772 = CARTESIAN_POINT('',(0.,0.));
#3773 = VECTOR('',#3774,1.);
#3774 = DIRECTION('',(0.,-1.));
#3775 = ( GEOMETRIC_REPRESENTATION_CONTEXT(2) 
PARAMETRIC_REPRESENTATION_CONTEXT() REPRESENTATION_CONTEXT('2D SPACE',''
  ) );
#3776 = PCURVE('',#3627,#3777);
#3777 = DEFINITIONAL_REPRESENTATION('',(#3778),#3782);
#3778 = LINE('',#3779,#3780);
#3779 = CARTESIAN_POINT('',(0.55,0.));
#3780 = VECTOR('',#3781,1.);
#3781 = DIRECTION('',(0.,1.));
#3782 = ( GEOMETRIC_REPRESENTATION_CONTEXT(2) 
PARAMETRIC_REPRESENTATION_CONTEXT() REPRESENTATION_CONTEXT('2D SPACE',''
  ) );
#3783 = ORIENTED_EDGE('',*,*,#3689,.T.);
#3784 = ORIENTED_EDGE('',*,*,#1403,.F.);
#3785 = ADVANCED_FACE('',(#3786),#1480,.F.);
#3786 = FACE_BOUND('',#3787,.F.);
#3787 = EDGE_LOOP('',(#3788,#3811,#3839,#3860));
#3788 = ORIENTED_EDGE('',*,*,#3789,.F.);
#3789 = EDGE_CURVE('',#3790,#1463,#3792,.T.);
#3790 = VERTEX_POINT('',#3791);
#3791 = CARTESIAN_POINT('',(-2.1,8.,-4.09));
#3792 = SURFACE_CURVE('',#3793,(#3797,#3804),.PCURVE_S1.);
#3793 = LINE('',#3794,#3795);
#3794 = CARTESIAN_POINT('',(-2.1,8.,-4.09));
#3795 = VECTOR('',#3796,1.);
#3796 = DIRECTION('',(0.,0.,1.));
#3797 = PCURVE('',#1480,#3798);
#3798 = DEFINITIONAL_REPRESENTATION('',(#3799),#3803);
#3799 = LINE('',#3800,#3801);
#3800 = CARTESIAN_POINT('',(0.,0.));
#3801 = VECTOR('',#3802,1.);
#3802 = DIRECTION('',(1.,0.));
#3803 = ( GEOMETRIC_REPRESENTATION_CONTEXT(2) 
PARAMETRIC_REPRESENTATION_CONTEXT() REPRESENTATION_CONTEXT('2D SPACE',''
  ) );
#3804 = PCURVE('',#1562,#3805);
#3805 = DEFINITIONAL_REPRESENTATION('',(#3806),#3810);
#3806 = LINE('',#3807,#3808);
#3807 = CARTESIAN_POINT('',(0.,0.));
#3808 = VECTOR('',#3809,1.);
#3809 = DIRECTION('',(1.,0.));
#3810 = ( GEOMETRIC_REPRESENTATION_CONTEXT(2) 
PARAMETRIC_REPRESENTATION_CONTEXT() REPRESENTATION_CONTEXT('2D SPACE',''
  ) );
#3811 = ORIENTED_EDGE('',*,*,#3812,.T.);
#3812 = EDGE_CURVE('',#3790,#3813,#3815,.T.);
#3813 = VERTEX_POINT('',#3814);
#3814 = CARTESIAN_POINT('',(-2.1,8.4,-4.09));
#3815 = SURFACE_CURVE('',#3816,(#3820,#3827),.PCURVE_S1.);
#3816 = LINE('',#3817,#3818);
#3817 = CARTESIAN_POINT('',(-2.1,8.,-4.09));
#3818 = VECTOR('',#3819,1.);
#3819 = DIRECTION('',(0.,1.,0.));
#3820 = PCURVE('',#1480,#3821);
#3821 = DEFINITIONAL_REPRESENTATION('',(#3822),#3826);
#3822 = LINE('',#3823,#3824);
#3823 = CARTESIAN_POINT('',(0.,0.));
#3824 = VECTOR('',#3825,1.);
#3825 = DIRECTION('',(0.,-1.));
#3826 = ( GEOMETRIC_REPRESENTATION_CONTEXT(2) 
PARAMETRIC_REPRESENTATION_CONTEXT() REPRESENTATION_CONTEXT('2D SPACE',''
  ) );
#3827 = PCURVE('',#3828,#3833);
#3828 = PLANE('',#3829);
#3829 = AXIS2_PLACEMENT_3D('',#3830,#3831,#3832);
#3830 = CARTESIAN_POINT('',(-2.1,8.,-4.09));
#3831 = DIRECTION('',(0.,0.,1.));
#3832 = DIRECTION('',(1.,0.,0.));
#3833 = DEFINITIONAL_REPRESENTATION('',(#3834),#3838);
#3834 = LINE('',#3835,#3836);
#3835 = CARTESIAN_POINT('',(0.,0.));
#3836 = VECTOR('',#3837,1.);
#3837 = DIRECTION('',(0.,1.));
#3838 = ( GEOMETRIC_REPRESENTATION_CONTEXT(2) 
PARAMETRIC_REPRESENTATION_CONTEXT() REPRESENTATION_CONTEXT('2D SPACE',''
  ) );
#3839 = ORIENTED_EDGE('',*,*,#3840,.T.);
#3840 = EDGE_CURVE('',#3813,#1465,#3841,.T.);
#3841 = SURFACE_CURVE('',#3842,(#3846,#3853),.PCURVE_S1.);
#3842 = LINE('',#3843,#3844);
#3843 = CARTESIAN_POINT('',(-2.1,8.4,-4.09));
#3844 = VECTOR('',#3845,1.);
#3845 = DIRECTION('',(0.,0.,1.));
#3846 = PCURVE('',#1480,#3847);
#3847 = DEFINITIONAL_REPRESENTATION('',(#3848),#3852);
#3848 = LINE('',#3849,#3850);
#3849 = CARTESIAN_POINT('',(0.,-0.4));
#3850 = VECTOR('',#3851,1.);
#3851 = DIRECTION('',(1.,0.));
#3852 = ( GEOMETRIC_REPRESENTATION_CONTEXT(2) 
PARAMETRIC_REPRESENTATION_CONTEXT() REPRESENTATION_CONTEXT('2D SPACE',''
  ) );
#3853 = PCURVE('',#1508,#3854);
#3854 = DEFINITIONAL_REPRESENTATION('',(#3855),#3859);
#3855 = LINE('',#3856,#3857);
#3856 = CARTESIAN_POINT('',(0.,0.));
#3857 = VECTOR('',#3858,1.);
#3858 = DIRECTION('',(1.,0.));
#3859 = ( GEOMETRIC_REPRESENTATION_CONTEXT(2) 
PARAMETRIC_REPRESENTATION_CONTEXT() REPRESENTATION_CONTEXT('2D SPACE',''
  ) );
#3860 = ORIENTED_EDGE('',*,*,#1462,.F.);
#3861 = ADVANCED_FACE('',(#3862),#1508,.T.);
#3862 = FACE_BOUND('',#3863,.T.);
#3863 = EDGE_LOOP('',(#3864,#3887,#3888,#3889));
#3864 = ORIENTED_EDGE('',*,*,#3865,.F.);
#3865 = EDGE_CURVE('',#3813,#3866,#3868,.T.);
#3866 = VERTEX_POINT('',#3867);
#3867 = CARTESIAN_POINT('',(2.1,8.4,-4.09));
#3868 = SURFACE_CURVE('',#3869,(#3873,#3880),.PCURVE_S1.);
#3869 = LINE('',#3870,#3871);
#3870 = CARTESIAN_POINT('',(-2.1,8.4,-4.09));
#3871 = VECTOR('',#3872,1.);
#3872 = DIRECTION('',(1.,0.,0.));
#3873 = PCURVE('',#1508,#3874);
#3874 = DEFINITIONAL_REPRESENTATION('',(#3875),#3879);
#3875 = LINE('',#3876,#3877);
#3876 = CARTESIAN_POINT('',(0.,0.));
#3877 = VECTOR('',#3878,1.);
#3878 = DIRECTION('',(0.,1.));
#3879 = ( GEOMETRIC_REPRESENTATION_CONTEXT(2) 
PARAMETRIC_REPRESENTATION_CONTEXT() REPRESENTATION_CONTEXT('2D SPACE',''
  ) );
#3880 = PCURVE('',#3828,#3881);
#3881 = DEFINITIONAL_REPRESENTATION('',(#3882),#3886);
#3882 = LINE('',#3883,#3884);
#3883 = CARTESIAN_POINT('',(0.,0.4));
#3884 = VECTOR('',#3885,1.);
#3885 = DIRECTION('',(1.,0.));
#3886 = ( GEOMETRIC_REPRESENTATION_CONTEXT(2) 
PARAMETRIC_REPRESENTATION_CONTEXT() REPRESENTATION_CONTEXT('2D SPACE',''
  ) );
#3887 = ORIENTED_EDGE('',*,*,#3840,.T.);
#3888 = ORIENTED_EDGE('',*,*,#1492,.T.);
#3889 = ORIENTED_EDGE('',*,*,#3890,.F.);
#3890 = EDGE_CURVE('',#3866,#1493,#3891,.T.);
#3891 = SURFACE_CURVE('',#3892,(#3896,#3903),.PCURVE_S1.);
#3892 = LINE('',#3893,#3894);
#3893 = CARTESIAN_POINT('',(2.1,8.4,-4.09));
#3894 = VECTOR('',#3895,1.);
#3895 = DIRECTION('',(0.,0.,1.));
#3896 = PCURVE('',#1508,#3897);
#3897 = DEFINITIONAL_REPRESENTATION('',(#3898),#3902);
#3898 = LINE('',#3899,#3900);
#3899 = CARTESIAN_POINT('',(0.,4.2));
#3900 = VECTOR('',#3901,1.);
#3901 = DIRECTION('',(1.,0.));
#3902 = ( GEOMETRIC_REPRESENTATION_CONTEXT(2) 
PARAMETRIC_REPRESENTATION_CONTEXT() REPRESENTATION_CONTEXT('2D SPACE',''
  ) );
#3903 = PCURVE('',#1536,#3904);
#3904 = DEFINITIONAL_REPRESENTATION('',(#3905),#3909);
#3905 = LINE('',#3906,#3907);
#3906 = CARTESIAN_POINT('',(0.,-0.4));
#3907 = VECTOR('',#3908,1.);
#3908 = DIRECTION('',(1.,0.));
#3909 = ( GEOMETRIC_REPRESENTATION_CONTEXT(2) 
PARAMETRIC_REPRESENTATION_CONTEXT() REPRESENTATION_CONTEXT('2D SPACE',''
  ) );
#3910 = ADVANCED_FACE('',(#3911),#1562,.F.);
#3911 = FACE_BOUND('',#3912,.F.);
#3912 = EDGE_LOOP('',(#3913,#3936,#3937,#3938));
#3913 = ORIENTED_EDGE('',*,*,#3914,.F.);
#3914 = EDGE_CURVE('',#3790,#3915,#3917,.T.);
#3915 = VERTEX_POINT('',#3916);
#3916 = CARTESIAN_POINT('',(2.1,8.,-4.09));
#3917 = SURFACE_CURVE('',#3918,(#3922,#3929),.PCURVE_S1.);
#3918 = LINE('',#3919,#3920);
#3919 = CARTESIAN_POINT('',(-2.1,8.,-4.09));
#3920 = VECTOR('',#3921,1.);
#3921 = DIRECTION('',(1.,0.,0.));
#3922 = PCURVE('',#1562,#3923);
#3923 = DEFINITIONAL_REPRESENTATION('',(#3924),#3928);
#3924 = LINE('',#3925,#3926);
#3925 = CARTESIAN_POINT('',(0.,0.));
#3926 = VECTOR('',#3927,1.);
#3927 = DIRECTION('',(0.,1.));
#3928 = ( GEOMETRIC_REPRESENTATION_CONTEXT(2) 
PARAMETRIC_REPRESENTATION_CONTEXT() REPRESENTATION_CONTEXT('2D SPACE',''
  ) );
#3929 = PCURVE('',#3828,#3930);
#3930 = DEFINITIONAL_REPRESENTATION('',(#3931),#3935);
#3931 = LINE('',#3932,#3933);
#3932 = CARTESIAN_POINT('',(0.,0.));
#3933 = VECTOR('',#3934,1.);
#3934 = DIRECTION('',(1.,0.));
#3935 = ( GEOMETRIC_REPRESENTATION_CONTEXT(2) 
PARAMETRIC_REPRESENTATION_CONTEXT() REPRESENTATION_CONTEXT('2D SPACE',''
  ) );
#3936 = ORIENTED_EDGE('',*,*,#3789,.T.);
#3937 = ORIENTED_EDGE('',*,*,#1548,.T.);
#3938 = ORIENTED_EDGE('',*,*,#3939,.F.);
#3939 = EDGE_CURVE('',#3915,#1521,#3940,.T.);
#3940 = SURFACE_CURVE('',#3941,(#3945,#3952),.PCURVE_S1.);
#3941 = LINE('',#3942,#3943);
#3942 = CARTESIAN_POINT('',(2.1,8.,-4.09));
#3943 = VECTOR('',#3944,1.);
#3944 = DIRECTION('',(0.,0.,1.));
#3945 = PCURVE('',#1562,#3946);
#3946 = DEFINITIONAL_REPRESENTATION('',(#3947),#3951);
#3947 = LINE('',#3948,#3949);
#3948 = CARTESIAN_POINT('',(0.,4.2));
#3949 = VECTOR('',#3950,1.);
#3950 = DIRECTION('',(1.,0.));
#3951 = ( GEOMETRIC_REPRESENTATION_CONTEXT(2) 
PARAMETRIC_REPRESENTATION_CONTEXT() REPRESENTATION_CONTEXT('2D SPACE',''
  ) );
#3952 = PCURVE('',#1536,#3953);
#3953 = DEFINITIONAL_REPRESENTATION('',(#3954),#3958);
#3954 = LINE('',#3955,#3956);
#3955 = CARTESIAN_POINT('',(0.,0.));
#3956 = VECTOR('',#3957,1.);
#3957 = DIRECTION('',(1.,0.));
#3958 = ( GEOMETRIC_REPRESENTATION_CONTEXT(2) 
PARAMETRIC_REPRESENTATION_CONTEXT() REPRESENTATION_CONTEXT('2D SPACE',''
  ) );
#3959 = ADVANCED_FACE('',(#3960),#1536,.T.);
#3960 = FACE_BOUND('',#3961,.T.);
#3961 = EDGE_LOOP('',(#3962,#3963,#3984,#3985));
#3962 = ORIENTED_EDGE('',*,*,#3939,.F.);
#3963 = ORIENTED_EDGE('',*,*,#3964,.T.);
#3964 = EDGE_CURVE('',#3915,#3866,#3965,.T.);
#3965 = SURFACE_CURVE('',#3966,(#3970,#3977),.PCURVE_S1.);
#3966 = LINE('',#3967,#3968);
#3967 = CARTESIAN_POINT('',(2.1,8.,-4.09));
#3968 = VECTOR('',#3969,1.);
#3969 = DIRECTION('',(0.,1.,0.));
#3970 = PCURVE('',#1536,#3971);
#3971 = DEFINITIONAL_REPRESENTATION('',(#3972),#3976);
#3972 = LINE('',#3973,#3974);
#3973 = CARTESIAN_POINT('',(0.,0.));
#3974 = VECTOR('',#3975,1.);
#3975 = DIRECTION('',(0.,-1.));
#3976 = ( GEOMETRIC_REPRESENTATION_CONTEXT(2) 
PARAMETRIC_REPRESENTATION_CONTEXT() REPRESENTATION_CONTEXT('2D SPACE',''
  ) );
#3977 = PCURVE('',#3828,#3978);
#3978 = DEFINITIONAL_REPRESENTATION('',(#3979),#3983);
#3979 = LINE('',#3980,#3981);
#3980 = CARTESIAN_POINT('',(4.2,0.));
#3981 = VECTOR('',#3982,1.);
#3982 = DIRECTION('',(0.,1.));
#3983 = ( GEOMETRIC_REPRESENTATION_CONTEXT(2) 
PARAMETRIC_REPRESENTATION_CONTEXT() REPRESENTATION_CONTEXT('2D SPACE',''
  ) );
#3984 = ORIENTED_EDGE('',*,*,#3890,.T.);
#3985 = ORIENTED_EDGE('',*,*,#1520,.F.);
#3986 = ADVANCED_FACE('',(#3987),#1594,.F.);
#3987 = FACE_BOUND('',#3988,.F.);
#3988 = EDGE_LOOP('',(#3989,#4012,#4040,#4061));
#3989 = ORIENTED_EDGE('',*,*,#3990,.F.);
#3990 = EDGE_CURVE('',#3991,#1577,#3993,.T.);
#3991 = VERTEX_POINT('',#3992);
#3992 = CARTESIAN_POINT('',(-6.338156986041,10.42800992617,-4.2));
#3993 = SURFACE_CURVE('',#3994,(#3998,#4005),.PCURVE_S1.);
#3994 = LINE('',#3995,#3996);
#3995 = CARTESIAN_POINT('',(-6.338156986041,10.42800992617,-4.2));
#3996 = VECTOR('',#3997,1.);
#3997 = DIRECTION('',(0.,0.,1.));
#3998 = PCURVE('',#1594,#3999);
#3999 = DEFINITIONAL_REPRESENTATION('',(#4000),#4004);
#4000 = LINE('',#4001,#4002);
#4001 = CARTESIAN_POINT('',(0.,0.));
#4002 = VECTOR('',#4003,1.);
#4003 = DIRECTION('',(1.,0.));
#4004 = ( GEOMETRIC_REPRESENTATION_CONTEXT(2) 
PARAMETRIC_REPRESENTATION_CONTEXT() REPRESENTATION_CONTEXT('2D SPACE',''
  ) );
#4005 = PCURVE('',#1676,#4006);
#4006 = DEFINITIONAL_REPRESENTATION('',(#4007),#4011);
#4007 = LINE('',#4008,#4009);
#4008 = CARTESIAN_POINT('',(0.,0.));
#4009 = VECTOR('',#4010,1.);
#4010 = DIRECTION('',(1.,0.));
#4011 = ( GEOMETRIC_REPRESENTATION_CONTEXT(2) 
PARAMETRIC_REPRESENTATION_CONTEXT() REPRESENTATION_CONTEXT('2D SPACE',''
  ) );
#4012 = ORIENTED_EDGE('',*,*,#4013,.T.);
#4013 = EDGE_CURVE('',#3991,#4014,#4016,.T.);
#4014 = VERTEX_POINT('',#4015);
#4015 = CARTESIAN_POINT('',(-7.338156986041,12.160060733739,-4.2));
#4016 = SURFACE_CURVE('',#4017,(#4021,#4028),.PCURVE_S1.);
#4017 = LINE('',#4018,#4019);
#4018 = CARTESIAN_POINT('',(-6.338156986041,10.42800992617,-4.2));
#4019 = VECTOR('',#4020,1.);
#4020 = DIRECTION('',(-0.5,0.866025403784,0.));
#4021 = PCURVE('',#1594,#4022);
#4022 = DEFINITIONAL_REPRESENTATION('',(#4023),#4027);
#4023 = LINE('',#4024,#4025);
#4024 = CARTESIAN_POINT('',(0.,0.));
#4025 = VECTOR('',#4026,1.);
#4026 = DIRECTION('',(0.,-1.));
#4027 = ( GEOMETRIC_REPRESENTATION_CONTEXT(2) 
PARAMETRIC_REPRESENTATION_CONTEXT() REPRESENTATION_CONTEXT('2D SPACE',''
  ) );
#4028 = PCURVE('',#4029,#4034);
#4029 = PLANE('',#4030);
#4030 = AXIS2_PLACEMENT_3D('',#4031,#4032,#4033);
#4031 = CARTESIAN_POINT('',(-6.338156986041,10.42800992617,-4.2));
#4032 = DIRECTION('',(0.,0.,1.));
#4033 = DIRECTION('',(0.866025403784,0.5,0.));
#4034 = DEFINITIONAL_REPRESENTATION('',(#4035),#4039);
#4035 = LINE('',#4036,#4037);
#4036 = CARTESIAN_POINT('',(0.,0.));
#4037 = VECTOR('',#4038,1.);
#4038 = DIRECTION('',(0.,1.));
#4039 = ( GEOMETRIC_REPRESENTATION_CONTEXT(2) 
PARAMETRIC_REPRESENTATION_CONTEXT() REPRESENTATION_CONTEXT('2D SPACE',''
  ) );
#4040 = ORIENTED_EDGE('',*,*,#4041,.T.);
#4041 = EDGE_CURVE('',#4014,#1579,#4042,.T.);
#4042 = SURFACE_CURVE('',#4043,(#4047,#4054),.PCURVE_S1.);
#4043 = LINE('',#4044,#4045);
#4044 = CARTESIAN_POINT('',(-7.338156986041,12.160060733739,-4.2));
#4045 = VECTOR('',#4046,1.);
#4046 = DIRECTION('',(0.,0.,1.));
#4047 = PCURVE('',#1594,#4048);
#4048 = DEFINITIONAL_REPRESENTATION('',(#4049),#4053);
#4049 = LINE('',#4050,#4051);
#4050 = CARTESIAN_POINT('',(0.,-2.));
#4051 = VECTOR('',#4052,1.);
#4052 = DIRECTION('',(1.,0.));
#4053 = ( GEOMETRIC_REPRESENTATION_CONTEXT(2) 
PARAMETRIC_REPRESENTATION_CONTEXT() REPRESENTATION_CONTEXT('2D SPACE',''
  ) );
#4054 = PCURVE('',#1622,#4055);
#4055 = DEFINITIONAL_REPRESENTATION('',(#4056),#4060);
#4056 = LINE('',#4057,#4058);
#4057 = CARTESIAN_POINT('',(0.,0.));
#4058 = VECTOR('',#4059,1.);
#4059 = DIRECTION('',(1.,0.));
#4060 = ( GEOMETRIC_REPRESENTATION_CONTEXT(2) 
PARAMETRIC_REPRESENTATION_CONTEXT() REPRESENTATION_CONTEXT('2D SPACE',''
  ) );
#4061 = ORIENTED_EDGE('',*,*,#1576,.F.);
#4062 = ADVANCED_FACE('',(#4063),#1622,.T.);
#4063 = FACE_BOUND('',#4064,.T.);
#4064 = EDGE_LOOP('',(#4065,#4088,#4089,#4090));
#4065 = ORIENTED_EDGE('',*,*,#4066,.F.);
#4066 = EDGE_CURVE('',#4014,#4067,#4069,.T.);
#4067 = VERTEX_POINT('',#4068);
#4068 = CARTESIAN_POINT('',(-6.861843013959,12.435060733739,-4.2));
#4069 = SURFACE_CURVE('',#4070,(#4074,#4081),.PCURVE_S1.);
#4070 = LINE('',#4071,#4072);
#4071 = CARTESIAN_POINT('',(-7.338156986041,12.160060733739,-4.2));
#4072 = VECTOR('',#4073,1.);
#4073 = DIRECTION('',(0.866025403784,0.5,0.));
#4074 = PCURVE('',#1622,#4075);
#4075 = DEFINITIONAL_REPRESENTATION('',(#4076),#4080);
#4076 = LINE('',#4077,#4078);
#4077 = CARTESIAN_POINT('',(0.,0.));
#4078 = VECTOR('',#4079,1.);
#4079 = DIRECTION('',(0.,1.));
#4080 = ( GEOMETRIC_REPRESENTATION_CONTEXT(2) 
PARAMETRIC_REPRESENTATION_CONTEXT() REPRESENTATION_CONTEXT('2D SPACE',''
  ) );
#4081 = PCURVE('',#4029,#4082);
#4082 = DEFINITIONAL_REPRESENTATION('',(#4083),#4087);
#4083 = LINE('',#4084,#4085);
#4084 = CARTESIAN_POINT('',(0.,2.));
#4085 = VECTOR('',#4086,1.);
#4086 = DIRECTION('',(1.,0.));
#4087 = ( GEOMETRIC_REPRESENTATION_CONTEXT(2) 
PARAMETRIC_REPRESENTATION_CONTEXT() REPRESENTATION_CONTEXT('2D SPACE',''
  ) );
#4088 = ORIENTED_EDGE('',*,*,#4041,.T.);
#4089 = ORIENTED_EDGE('',*,*,#1606,.T.);
#4090 = ORIENTED_EDGE('',*,*,#4091,.F.);
#4091 = EDGE_CURVE('',#4067,#1607,#4092,.T.);
#4092 = SURFACE_CURVE('',#4093,(#4097,#4104),.PCURVE_S1.);
#4093 = LINE('',#4094,#4095);
#4094 = CARTESIAN_POINT('',(-6.861843013959,12.435060733739,-4.2));
#4095 = VECTOR('',#4096,1.);
#4096 = DIRECTION('',(0.,0.,1.));
#4097 = PCURVE('',#1622,#4098);
#4098 = DEFINITIONAL_REPRESENTATION('',(#4099),#4103);
#4099 = LINE('',#4100,#4101);
#4100 = CARTESIAN_POINT('',(0.,0.55));
#4101 = VECTOR('',#4102,1.);
#4102 = DIRECTION('',(1.,0.));
#4103 = ( GEOMETRIC_REPRESENTATION_CONTEXT(2) 
PARAMETRIC_REPRESENTATION_CONTEXT() REPRESENTATION_CONTEXT('2D SPACE',''
  ) );
#4104 = PCURVE('',#1650,#4105);
#4105 = DEFINITIONAL_REPRESENTATION('',(#4106),#4110);
#4106 = LINE('',#4107,#4108);
#4107 = CARTESIAN_POINT('',(0.,-2.));
#4108 = VECTOR('',#4109,1.);
#4109 = DIRECTION('',(1.,0.));
#4110 = ( GEOMETRIC_REPRESENTATION_CONTEXT(2) 
PARAMETRIC_REPRESENTATION_CONTEXT() REPRESENTATION_CONTEXT('2D SPACE',''
  ) );
#4111 = ADVANCED_FACE('',(#4112),#1676,.F.);
#4112 = FACE_BOUND('',#4113,.F.);
#4113 = EDGE_LOOP('',(#4114,#4137,#4138,#4139));
#4114 = ORIENTED_EDGE('',*,*,#4115,.F.);
#4115 = EDGE_CURVE('',#3991,#4116,#4118,.T.);
#4116 = VERTEX_POINT('',#4117);
#4117 = CARTESIAN_POINT('',(-5.861843013959,10.70300992617,-4.2));
#4118 = SURFACE_CURVE('',#4119,(#4123,#4130),.PCURVE_S1.);
#4119 = LINE('',#4120,#4121);
#4120 = CARTESIAN_POINT('',(-6.338156986041,10.42800992617,-4.2));
#4121 = VECTOR('',#4122,1.);
#4122 = DIRECTION('',(0.866025403784,0.5,0.));
#4123 = PCURVE('',#1676,#4124);
#4124 = DEFINITIONAL_REPRESENTATION('',(#4125),#4129);
#4125 = LINE('',#4126,#4127);
#4126 = CARTESIAN_POINT('',(0.,0.));
#4127 = VECTOR('',#4128,1.);
#4128 = DIRECTION('',(0.,1.));
#4129 = ( GEOMETRIC_REPRESENTATION_CONTEXT(2) 
PARAMETRIC_REPRESENTATION_CONTEXT() REPRESENTATION_CONTEXT('2D SPACE',''
  ) );
#4130 = PCURVE('',#4029,#4131);
#4131 = DEFINITIONAL_REPRESENTATION('',(#4132),#4136);
#4132 = LINE('',#4133,#4134);
#4133 = CARTESIAN_POINT('',(0.,0.));
#4134 = VECTOR('',#4135,1.);
#4135 = DIRECTION('',(1.,0.));
#4136 = ( GEOMETRIC_REPRESENTATION_CONTEXT(2) 
PARAMETRIC_REPRESENTATION_CONTEXT() REPRESENTATION_CONTEXT('2D SPACE',''
  ) );
#4137 = ORIENTED_EDGE('',*,*,#3990,.T.);
#4138 = ORIENTED_EDGE('',*,*,#1662,.T.);
#4139 = ORIENTED_EDGE('',*,*,#4140,.F.);
#4140 = EDGE_CURVE('',#4116,#1635,#4141,.T.);
#4141 = SURFACE_CURVE('',#4142,(#4146,#4153),.PCURVE_S1.);
#4142 = LINE('',#4143,#4144);
#4143 = CARTESIAN_POINT('',(-5.861843013959,10.70300992617,-4.2));
#4144 = VECTOR('',#4145,1.);
#4145 = DIRECTION('',(0.,0.,1.));
#4146 = PCURVE('',#1676,#4147);
#4147 = DEFINITIONAL_REPRESENTATION('',(#4148),#4152);
#4148 = LINE('',#4149,#4150);
#4149 = CARTESIAN_POINT('',(0.,0.55));
#4150 = VECTOR('',#4151,1.);
#4151 = DIRECTION('',(1.,0.));
#4152 = ( GEOMETRIC_REPRESENTATION_CONTEXT(2) 
PARAMETRIC_REPRESENTATION_CONTEXT() REPRESENTATION_CONTEXT('2D SPACE',''
  ) );
#4153 = PCURVE('',#1650,#4154);
#4154 = DEFINITIONAL_REPRESENTATION('',(#4155),#4159);
#4155 = LINE('',#4156,#4157);
#4156 = CARTESIAN_POINT('',(0.,0.));
#4157 = VECTOR('',#4158,1.);
#4158 = DIRECTION('',(1.,0.));
#4159 = ( GEOMETRIC_REPRESENTATION_CONTEXT(2) 
PARAMETRIC_REPRESENTATION_CONTEXT() REPRESENTATION_CONTEXT('2D SPACE',''
  ) );
#4160 = ADVANCED_FACE('',(#4161),#1650,.T.);
#4161 = FACE_BOUND('',#4162,.T.);
#4162 = EDGE_LOOP('',(#4163,#4164,#4185,#4186));
#4163 = ORIENTED_EDGE('',*,*,#4140,.F.);
#4164 = ORIENTED_EDGE('',*,*,#4165,.T.);
#4165 = EDGE_CURVE('',#4116,#4067,#4166,.T.);
#4166 = SURFACE_CURVE('',#4167,(#4171,#4178),.PCURVE_S1.);
#4167 = LINE('',#4168,#4169);
#4168 = CARTESIAN_POINT('',(-5.861843013959,10.70300992617,-4.2));
#4169 = VECTOR('',#4170,1.);
#4170 = DIRECTION('',(-0.5,0.866025403784,0.));
#4171 = PCURVE('',#1650,#4172);
#4172 = DEFINITIONAL_REPRESENTATION('',(#4173),#4177);
#4173 = LINE('',#4174,#4175);
#4174 = CARTESIAN_POINT('',(0.,0.));
#4175 = VECTOR('',#4176,1.);
#4176 = DIRECTION('',(0.,-1.));
#4177 = ( GEOMETRIC_REPRESENTATION_CONTEXT(2) 
PARAMETRIC_REPRESENTATION_CONTEXT() REPRESENTATION_CONTEXT('2D SPACE',''
  ) );
#4178 = PCURVE('',#4029,#4179);
#4179 = DEFINITIONAL_REPRESENTATION('',(#4180),#4184);
#4180 = LINE('',#4181,#4182);
#4181 = CARTESIAN_POINT('',(0.55,0.));
#4182 = VECTOR('',#4183,1.);
#4183 = DIRECTION('',(0.,1.));
#4184 = ( GEOMETRIC_REPRESENTATION_CONTEXT(2) 
PARAMETRIC_REPRESENTATION_CONTEXT() REPRESENTATION_CONTEXT('2D SPACE',''
  ) );
#4185 = ORIENTED_EDGE('',*,*,#4091,.T.);
#4186 = ORIENTED_EDGE('',*,*,#1634,.F.);
#4187 = ADVANCED_FACE('',(#4188),#1708,.F.);
#4188 = FACE_BOUND('',#4189,.F.);
#4189 = EDGE_LOOP('',(#4190,#4213,#4241,#4262));
#4190 = ORIENTED_EDGE('',*,*,#4191,.F.);
#4191 = EDGE_CURVE('',#4192,#1691,#4194,.T.);
#4192 = VERTEX_POINT('',#4193);
#4193 = CARTESIAN_POINT('',(-0.825,12.2,-4.2));
#4194 = SURFACE_CURVE('',#4195,(#4199,#4206),.PCURVE_S1.);
#4195 = LINE('',#4196,#4197);
#4196 = CARTESIAN_POINT('',(-0.825,12.2,-4.2));
#4197 = VECTOR('',#4198,1.);
#4198 = DIRECTION('',(0.,0.,1.));
#4199 = PCURVE('',#1708,#4200);
#4200 = DEFINITIONAL_REPRESENTATION('',(#4201),#4205);
#4201 = LINE('',#4202,#4203);
#4202 = CARTESIAN_POINT('',(0.,0.));
#4203 = VECTOR('',#4204,1.);
#4204 = DIRECTION('',(1.,0.));
#4205 = ( GEOMETRIC_REPRESENTATION_CONTEXT(2) 
PARAMETRIC_REPRESENTATION_CONTEXT() REPRESENTATION_CONTEXT('2D SPACE',''
  ) );
#4206 = PCURVE('',#1790,#4207);
#4207 = DEFINITIONAL_REPRESENTATION('',(#4208),#4212);
#4208 = LINE('',#4209,#4210);
#4209 = CARTESIAN_POINT('',(0.,0.));
#4210 = VECTOR('',#4211,1.);
#4211 = DIRECTION('',(1.,0.));
#4212 = ( GEOMETRIC_REPRESENTATION_CONTEXT(2) 
PARAMETRIC_REPRESENTATION_CONTEXT() REPRESENTATION_CONTEXT('2D SPACE',''
  ) );
#4213 = ORIENTED_EDGE('',*,*,#4214,.T.);
#4214 = EDGE_CURVE('',#4192,#4215,#4217,.T.);
#4215 = VERTEX_POINT('',#4216);
#4216 = CARTESIAN_POINT('',(-0.825,14.2,-4.2));
#4217 = SURFACE_CURVE('',#4218,(#4222,#4229),.PCURVE_S1.);
#4218 = LINE('',#4219,#4220);
#4219 = CARTESIAN_POINT('',(-0.825,12.2,-4.2));
#4220 = VECTOR('',#4221,1.);
#4221 = DIRECTION('',(0.,1.,0.));
#4222 = PCURVE('',#1708,#4223);
#4223 = DEFINITIONAL_REPRESENTATION('',(#4224),#4228);
#4224 = LINE('',#4225,#4226);
#4225 = CARTESIAN_POINT('',(0.,0.));
#4226 = VECTOR('',#4227,1.);
#4227 = DIRECTION('',(0.,-1.));
#4228 = ( GEOMETRIC_REPRESENTATION_CONTEXT(2) 
PARAMETRIC_REPRESENTATION_CONTEXT() REPRESENTATION_CONTEXT('2D SPACE',''
  ) );
#4229 = PCURVE('',#4230,#4235);
#4230 = PLANE('',#4231);
#4231 = AXIS2_PLACEMENT_3D('',#4232,#4233,#4234);
#4232 = CARTESIAN_POINT('',(-0.825,12.2,-4.2));
#4233 = DIRECTION('',(0.,0.,1.));
#4234 = DIRECTION('',(1.,0.,0.));
#4235 = DEFINITIONAL_REPRESENTATION('',(#4236),#4240);
#4236 = LINE('',#4237,#4238);
#4237 = CARTESIAN_POINT('',(0.,0.));
#4238 = VECTOR('',#4239,1.);
#4239 = DIRECTION('',(0.,1.));
#4240 = ( GEOMETRIC_REPRESENTATION_CONTEXT(2) 
PARAMETRIC_REPRESENTATION_CONTEXT() REPRESENTATION_CONTEXT('2D SPACE',''
  ) );
#4241 = ORIENTED_EDGE('',*,*,#4242,.T.);
#4242 = EDGE_CURVE('',#4215,#1693,#4243,.T.);
#4243 = SURFACE_CURVE('',#4244,(#4248,#4255),.PCURVE_S1.);
#4244 = LINE('',#4245,#4246);
#4245 = CARTESIAN_POINT('',(-0.825,14.2,-4.2));
#4246 = VECTOR('',#4247,1.);
#4247 = DIRECTION('',(0.,0.,1.));
#4248 = PCURVE('',#1708,#4249);
#4249 = DEFINITIONAL_REPRESENTATION('',(#4250),#4254);
#4250 = LINE('',#4251,#4252);
#4251 = CARTESIAN_POINT('',(0.,-2.));
#4252 = VECTOR('',#4253,1.);
#4253 = DIRECTION('',(1.,0.));
#4254 = ( GEOMETRIC_REPRESENTATION_CONTEXT(2) 
PARAMETRIC_REPRESENTATION_CONTEXT() REPRESENTATION_CONTEXT('2D SPACE',''
  ) );
#4255 = PCURVE('',#1736,#4256);
#4256 = DEFINITIONAL_REPRESENTATION('',(#4257),#4261);
#4257 = LINE('',#4258,#4259);
#4258 = CARTESIAN_POINT('',(0.,0.));
#4259 = VECTOR('',#4260,1.);
#4260 = DIRECTION('',(1.,0.));
#4261 = ( GEOMETRIC_REPRESENTATION_CONTEXT(2) 
PARAMETRIC_REPRESENTATION_CONTEXT() REPRESENTATION_CONTEXT('2D SPACE',''
  ) );
#4262 = ORIENTED_EDGE('',*,*,#1690,.F.);
#4263 = ADVANCED_FACE('',(#4264),#1736,.T.);
#4264 = FACE_BOUND('',#4265,.T.);
#4265 = EDGE_LOOP('',(#4266,#4289,#4290,#4291));
#4266 = ORIENTED_EDGE('',*,*,#4267,.F.);
#4267 = EDGE_CURVE('',#4215,#4268,#4270,.T.);
#4268 = VERTEX_POINT('',#4269);
#4269 = CARTESIAN_POINT('',(-0.275,14.2,-4.2));
#4270 = SURFACE_CURVE('',#4271,(#4275,#4282),.PCURVE_S1.);
#4271 = LINE('',#4272,#4273);
#4272 = CARTESIAN_POINT('',(-0.825,14.2,-4.2));
#4273 = VECTOR('',#4274,1.);
#4274 = DIRECTION('',(1.,0.,0.));
#4275 = PCURVE('',#1736,#4276);
#4276 = DEFINITIONAL_REPRESENTATION('',(#4277),#4281);
#4277 = LINE('',#4278,#4279);
#4278 = CARTESIAN_POINT('',(0.,0.));
#4279 = VECTOR('',#4280,1.);
#4280 = DIRECTION('',(0.,1.));
#4281 = ( GEOMETRIC_REPRESENTATION_CONTEXT(2) 
PARAMETRIC_REPRESENTATION_CONTEXT() REPRESENTATION_CONTEXT('2D SPACE',''
  ) );
#4282 = PCURVE('',#4230,#4283);
#4283 = DEFINITIONAL_REPRESENTATION('',(#4284),#4288);
#4284 = LINE('',#4285,#4286);
#4285 = CARTESIAN_POINT('',(0.,2.));
#4286 = VECTOR('',#4287,1.);
#4287 = DIRECTION('',(1.,0.));
#4288 = ( GEOMETRIC_REPRESENTATION_CONTEXT(2) 
PARAMETRIC_REPRESENTATION_CONTEXT() REPRESENTATION_CONTEXT('2D SPACE',''
  ) );
#4289 = ORIENTED_EDGE('',*,*,#4242,.T.);
#4290 = ORIENTED_EDGE('',*,*,#1720,.T.);
#4291 = ORIENTED_EDGE('',*,*,#4292,.F.);
#4292 = EDGE_CURVE('',#4268,#1721,#4293,.T.);
#4293 = SURFACE_CURVE('',#4294,(#4298,#4305),.PCURVE_S1.);
#4294 = LINE('',#4295,#4296);
#4295 = CARTESIAN_POINT('',(-0.275,14.2,-4.2));
#4296 = VECTOR('',#4297,1.);
#4297 = DIRECTION('',(0.,0.,1.));
#4298 = PCURVE('',#1736,#4299);
#4299 = DEFINITIONAL_REPRESENTATION('',(#4300),#4304);
#4300 = LINE('',#4301,#4302);
#4301 = CARTESIAN_POINT('',(0.,0.55));
#4302 = VECTOR('',#4303,1.);
#4303 = DIRECTION('',(1.,0.));
#4304 = ( GEOMETRIC_REPRESENTATION_CONTEXT(2) 
PARAMETRIC_REPRESENTATION_CONTEXT() REPRESENTATION_CONTEXT('2D SPACE',''
  ) );
#4305 = PCURVE('',#1764,#4306);
#4306 = DEFINITIONAL_REPRESENTATION('',(#4307),#4311);
#4307 = LINE('',#4308,#4309);
#4308 = CARTESIAN_POINT('',(0.,-2.));
#4309 = VECTOR('',#4310,1.);
#4310 = DIRECTION('',(1.,0.));
#4311 = ( GEOMETRIC_REPRESENTATION_CONTEXT(2) 
PARAMETRIC_REPRESENTATION_CONTEXT() REPRESENTATION_CONTEXT('2D SPACE',''
  ) );
#4312 = ADVANCED_FACE('',(#4313),#1790,.F.);
#4313 = FACE_BOUND('',#4314,.F.);
#4314 = EDGE_LOOP('',(#4315,#4338,#4339,#4340));
#4315 = ORIENTED_EDGE('',*,*,#4316,.F.);
#4316 = EDGE_CURVE('',#4192,#4317,#4319,.T.);
#4317 = VERTEX_POINT('',#4318);
#4318 = CARTESIAN_POINT('',(-0.275,12.2,-4.2));
#4319 = SURFACE_CURVE('',#4320,(#4324,#4331),.PCURVE_S1.);
#4320 = LINE('',#4321,#4322);
#4321 = CARTESIAN_POINT('',(-0.825,12.2,-4.2));
#4322 = VECTOR('',#4323,1.);
#4323 = DIRECTION('',(1.,0.,0.));
#4324 = PCURVE('',#1790,#4325);
#4325 = DEFINITIONAL_REPRESENTATION('',(#4326),#4330);
#4326 = LINE('',#4327,#4328);
#4327 = CARTESIAN_POINT('',(0.,0.));
#4328 = VECTOR('',#4329,1.);
#4329 = DIRECTION('',(0.,1.));
#4330 = ( GEOMETRIC_REPRESENTATION_CONTEXT(2) 
PARAMETRIC_REPRESENTATION_CONTEXT() REPRESENTATION_CONTEXT('2D SPACE',''
  ) );
#4331 = PCURVE('',#4230,#4332);
#4332 = DEFINITIONAL_REPRESENTATION('',(#4333),#4337);
#4333 = LINE('',#4334,#4335);
#4334 = CARTESIAN_POINT('',(0.,0.));
#4335 = VECTOR('',#4336,1.);
#4336 = DIRECTION('',(1.,0.));
#4337 = ( GEOMETRIC_REPRESENTATION_CONTEXT(2) 
PARAMETRIC_REPRESENTATION_CONTEXT() REPRESENTATION_CONTEXT('2D SPACE',''
  ) );
#4338 = ORIENTED_EDGE('',*,*,#4191,.T.);
#4339 = ORIENTED_EDGE('',*,*,#1776,.T.);
#4340 = ORIENTED_EDGE('',*,*,#4341,.F.);
#4341 = EDGE_CURVE('',#4317,#1749,#4342,.T.);
#4342 = SURFACE_CURVE('',#4343,(#4347,#4354),.PCURVE_S1.);
#4343 = LINE('',#4344,#4345);
#4344 = CARTESIAN_POINT('',(-0.275,12.2,-4.2));
#4345 = VECTOR('',#4346,1.);
#4346 = DIRECTION('',(0.,0.,1.));
#4347 = PCURVE('',#1790,#4348);
#4348 = DEFINITIONAL_REPRESENTATION('',(#4349),#4353);
#4349 = LINE('',#4350,#4351);
#4350 = CARTESIAN_POINT('',(0.,0.55));
#4351 = VECTOR('',#4352,1.);
#4352 = DIRECTION('',(1.,0.));
#4353 = ( GEOMETRIC_REPRESENTATION_CONTEXT(2) 
PARAMETRIC_REPRESENTATION_CONTEXT() REPRESENTATION_CONTEXT('2D SPACE',''
  ) );
#4354 = PCURVE('',#1764,#4355);
#4355 = DEFINITIONAL_REPRESENTATION('',(#4356),#4360);
#4356 = LINE('',#4357,#4358);
#4357 = CARTESIAN_POINT('',(0.,0.));
#4358 = VECTOR('',#4359,1.);
#4359 = DIRECTION('',(1.,0.));
#4360 = ( GEOMETRIC_REPRESENTATION_CONTEXT(2) 
PARAMETRIC_REPRESENTATION_CONTEXT() REPRESENTATION_CONTEXT('2D SPACE',''
  ) );
#4361 = ADVANCED_FACE('',(#4362),#1764,.T.);
#4362 = FACE_BOUND('',#4363,.T.);
#4363 = EDGE_LOOP('',(#4364,#4365,#4386,#4387));
#4364 = ORIENTED_EDGE('',*,*,#4341,.F.);
#4365 = ORIENTED_EDGE('',*,*,#4366,.T.);
#4366 = EDGE_CURVE('',#4317,#4268,#4367,.T.);
#4367 = SURFACE_CURVE('',#4368,(#4372,#4379),.PCURVE_S1.);
#4368 = LINE('',#4369,#4370);
#4369 = CARTESIAN_POINT('',(-0.275,12.2,-4.2));
#4370 = VECTOR('',#4371,1.);
#4371 = DIRECTION('',(0.,1.,0.));
#4372 = PCURVE('',#1764,#4373);
#4373 = DEFINITIONAL_REPRESENTATION('',(#4374),#4378);
#4374 = LINE('',#4375,#4376);
#4375 = CARTESIAN_POINT('',(0.,0.));
#4376 = VECTOR('',#4377,1.);
#4377 = DIRECTION('',(0.,-1.));
#4378 = ( GEOMETRIC_REPRESENTATION_CONTEXT(2) 
PARAMETRIC_REPRESENTATION_CONTEXT() REPRESENTATION_CONTEXT('2D SPACE',''
  ) );
#4379 = PCURVE('',#4230,#4380);
#4380 = DEFINITIONAL_REPRESENTATION('',(#4381),#4385);
#4381 = LINE('',#4382,#4383);
#4382 = CARTESIAN_POINT('',(0.55,0.));
#4383 = VECTOR('',#4384,1.);
#4384 = DIRECTION('',(0.,1.));
#4385 = ( GEOMETRIC_REPRESENTATION_CONTEXT(2) 
PARAMETRIC_REPRESENTATION_CONTEXT() REPRESENTATION_CONTEXT('2D SPACE',''
  ) );
#4386 = ORIENTED_EDGE('',*,*,#4292,.T.);
#4387 = ORIENTED_EDGE('',*,*,#1748,.F.);
#4388 = ADVANCED_FACE('',(#4389),#1822,.F.);
#4389 = FACE_BOUND('',#4390,.F.);
#4390 = EDGE_LOOP('',(#4391,#4414,#4442,#4463));
#4391 = ORIENTED_EDGE('',*,*,#4392,.F.);
#4392 = EDGE_CURVE('',#4393,#1805,#4395,.T.);
#4393 = VERTEX_POINT('',#4394);
#4394 = CARTESIAN_POINT('',(12.2,0.275,-4.2));
#4395 = SURFACE_CURVE('',#4396,(#4400,#4407),.PCURVE_S1.);
#4396 = LINE('',#4397,#4398);
#4397 = CARTESIAN_POINT('',(12.2,0.275,-4.2));
#4398 = VECTOR('',#4399,1.);
#4399 = DIRECTION('',(0.,0.,1.));
#4400 = PCURVE('',#1822,#4401);
#4401 = DEFINITIONAL_REPRESENTATION('',(#4402),#4406);
#4402 = LINE('',#4403,#4404);
#4403 = CARTESIAN_POINT('',(0.,0.));
#4404 = VECTOR('',#4405,1.);
#4405 = DIRECTION('',(1.,0.));
#4406 = ( GEOMETRIC_REPRESENTATION_CONTEXT(2) 
PARAMETRIC_REPRESENTATION_CONTEXT() REPRESENTATION_CONTEXT('2D SPACE',''
  ) );
#4407 = PCURVE('',#1904,#4408);
#4408 = DEFINITIONAL_REPRESENTATION('',(#4409),#4413);
#4409 = LINE('',#4410,#4411);
#4410 = CARTESIAN_POINT('',(0.,0.));
#4411 = VECTOR('',#4412,1.);
#4412 = DIRECTION('',(1.,0.));
#4413 = ( GEOMETRIC_REPRESENTATION_CONTEXT(2) 
PARAMETRIC_REPRESENTATION_CONTEXT() REPRESENTATION_CONTEXT('2D SPACE',''
  ) );
#4414 = ORIENTED_EDGE('',*,*,#4415,.T.);
#4415 = EDGE_CURVE('',#4393,#4416,#4418,.T.);
#4416 = VERTEX_POINT('',#4417);
#4417 = CARTESIAN_POINT('',(14.2,0.275,-4.2));
#4418 = SURFACE_CURVE('',#4419,(#4423,#4430),.PCURVE_S1.);
#4419 = LINE('',#4420,#4421);
#4420 = CARTESIAN_POINT('',(12.2,0.275,-4.2));
#4421 = VECTOR('',#4422,1.);
#4422 = DIRECTION('',(1.,0.,0.));
#4423 = PCURVE('',#1822,#4424);
#4424 = DEFINITIONAL_REPRESENTATION('',(#4425),#4429);
#4425 = LINE('',#4426,#4427);
#4426 = CARTESIAN_POINT('',(0.,0.));
#4427 = VECTOR('',#4428,1.);
#4428 = DIRECTION('',(0.,-1.));
#4429 = ( GEOMETRIC_REPRESENTATION_CONTEXT(2) 
PARAMETRIC_REPRESENTATION_CONTEXT() REPRESENTATION_CONTEXT('2D SPACE',''
  ) );
#4430 = PCURVE('',#4431,#4436);
#4431 = PLANE('',#4432);
#4432 = AXIS2_PLACEMENT_3D('',#4433,#4434,#4435);
#4433 = CARTESIAN_POINT('',(12.2,0.275,-4.2));
#4434 = DIRECTION('',(0.,0.,1.));
#4435 = DIRECTION('',(0.,-1.,0.));
#4436 = DEFINITIONAL_REPRESENTATION('',(#4437),#4441);
#4437 = LINE('',#4438,#4439);
#4438 = CARTESIAN_POINT('',(0.,0.));
#4439 = VECTOR('',#4440,1.);
#4440 = DIRECTION('',(0.,1.));
#4441 = ( GEOMETRIC_REPRESENTATION_CONTEXT(2) 
PARAMETRIC_REPRESENTATION_CONTEXT() REPRESENTATION_CONTEXT('2D SPACE',''
  ) );
#4442 = ORIENTED_EDGE('',*,*,#4443,.T.);
#4443 = EDGE_CURVE('',#4416,#1807,#4444,.T.);
#4444 = SURFACE_CURVE('',#4445,(#4449,#4456),.PCURVE_S1.);
#4445 = LINE('',#4446,#4447);
#4446 = CARTESIAN_POINT('',(14.2,0.275,-4.2));
#4447 = VECTOR('',#4448,1.);
#4448 = DIRECTION('',(0.,0.,1.));
#4449 = PCURVE('',#1822,#4450);
#4450 = DEFINITIONAL_REPRESENTATION('',(#4451),#4455);
#4451 = LINE('',#4452,#4453);
#4452 = CARTESIAN_POINT('',(0.,-2.));
#4453 = VECTOR('',#4454,1.);
#4454 = DIRECTION('',(1.,0.));
#4455 = ( GEOMETRIC_REPRESENTATION_CONTEXT(2) 
PARAMETRIC_REPRESENTATION_CONTEXT() REPRESENTATION_CONTEXT('2D SPACE',''
  ) );
#4456 = PCURVE('',#1850,#4457);
#4457 = DEFINITIONAL_REPRESENTATION('',(#4458),#4462);
#4458 = LINE('',#4459,#4460);
#4459 = CARTESIAN_POINT('',(0.,0.));
#4460 = VECTOR('',#4461,1.);
#4461 = DIRECTION('',(1.,0.));
#4462 = ( GEOMETRIC_REPRESENTATION_CONTEXT(2) 
PARAMETRIC_REPRESENTATION_CONTEXT() REPRESENTATION_CONTEXT('2D SPACE',''
  ) );
#4463 = ORIENTED_EDGE('',*,*,#1804,.F.);
#4464 = ADVANCED_FACE('',(#4465),#1850,.T.);
#4465 = FACE_BOUND('',#4466,.T.);
#4466 = EDGE_LOOP('',(#4467,#4490,#4491,#4492));
#4467 = ORIENTED_EDGE('',*,*,#4468,.F.);
#4468 = EDGE_CURVE('',#4416,#4469,#4471,.T.);
#4469 = VERTEX_POINT('',#4470);
#4470 = CARTESIAN_POINT('',(14.2,-0.275,-4.2));
#4471 = SURFACE_CURVE('',#4472,(#4476,#4483),.PCURVE_S1.);
#4472 = LINE('',#4473,#4474);
#4473 = CARTESIAN_POINT('',(14.2,0.275,-4.2));
#4474 = VECTOR('',#4475,1.);
#4475 = DIRECTION('',(0.,-1.,0.));
#4476 = PCURVE('',#1850,#4477);
#4477 = DEFINITIONAL_REPRESENTATION('',(#4478),#4482);
#4478 = LINE('',#4479,#4480);
#4479 = CARTESIAN_POINT('',(0.,0.));
#4480 = VECTOR('',#4481,1.);
#4481 = DIRECTION('',(0.,1.));
#4482 = ( GEOMETRIC_REPRESENTATION_CONTEXT(2) 
PARAMETRIC_REPRESENTATION_CONTEXT() REPRESENTATION_CONTEXT('2D SPACE',''
  ) );
#4483 = PCURVE('',#4431,#4484);
#4484 = DEFINITIONAL_REPRESENTATION('',(#4485),#4489);
#4485 = LINE('',#4486,#4487);
#4486 = CARTESIAN_POINT('',(0.,2.));
#4487 = VECTOR('',#4488,1.);
#4488 = DIRECTION('',(1.,0.));
#4489 = ( GEOMETRIC_REPRESENTATION_CONTEXT(2) 
PARAMETRIC_REPRESENTATION_CONTEXT() REPRESENTATION_CONTEXT('2D SPACE',''
  ) );
#4490 = ORIENTED_EDGE('',*,*,#4443,.T.);
#4491 = ORIENTED_EDGE('',*,*,#1834,.T.);
#4492 = ORIENTED_EDGE('',*,*,#4493,.F.);
#4493 = EDGE_CURVE('',#4469,#1835,#4494,.T.);
#4494 = SURFACE_CURVE('',#4495,(#4499,#4506),.PCURVE_S1.);
#4495 = LINE('',#4496,#4497);
#4496 = CARTESIAN_POINT('',(14.2,-0.275,-4.2));
#4497 = VECTOR('',#4498,1.);
#4498 = DIRECTION('',(0.,0.,1.));
#4499 = PCURVE('',#1850,#4500);
#4500 = DEFINITIONAL_REPRESENTATION('',(#4501),#4505);
#4501 = LINE('',#4502,#4503);
#4502 = CARTESIAN_POINT('',(0.,0.55));
#4503 = VECTOR('',#4504,1.);
#4504 = DIRECTION('',(1.,0.));
#4505 = ( GEOMETRIC_REPRESENTATION_CONTEXT(2) 
PARAMETRIC_REPRESENTATION_CONTEXT() REPRESENTATION_CONTEXT('2D SPACE',''
  ) );
#4506 = PCURVE('',#1878,#4507);
#4507 = DEFINITIONAL_REPRESENTATION('',(#4508),#4512);
#4508 = LINE('',#4509,#4510);
#4509 = CARTESIAN_POINT('',(0.,-2.));
#4510 = VECTOR('',#4511,1.);
#4511 = DIRECTION('',(1.,0.));
#4512 = ( GEOMETRIC_REPRESENTATION_CONTEXT(2) 
PARAMETRIC_REPRESENTATION_CONTEXT() REPRESENTATION_CONTEXT('2D SPACE',''
  ) );
#4513 = ADVANCED_FACE('',(#4514),#1904,.F.);
#4514 = FACE_BOUND('',#4515,.F.);
#4515 = EDGE_LOOP('',(#4516,#4539,#4540,#4541));
#4516 = ORIENTED_EDGE('',*,*,#4517,.F.);
#4517 = EDGE_CURVE('',#4393,#4518,#4520,.T.);
#4518 = VERTEX_POINT('',#4519);
#4519 = CARTESIAN_POINT('',(12.2,-0.275,-4.2));
#4520 = SURFACE_CURVE('',#4521,(#4525,#4532),.PCURVE_S1.);
#4521 = LINE('',#4522,#4523);
#4522 = CARTESIAN_POINT('',(12.2,0.275,-4.2));
#4523 = VECTOR('',#4524,1.);
#4524 = DIRECTION('',(0.,-1.,0.));
#4525 = PCURVE('',#1904,#4526);
#4526 = DEFINITIONAL_REPRESENTATION('',(#4527),#4531);
#4527 = LINE('',#4528,#4529);
#4528 = CARTESIAN_POINT('',(0.,0.));
#4529 = VECTOR('',#4530,1.);
#4530 = DIRECTION('',(0.,1.));
#4531 = ( GEOMETRIC_REPRESENTATION_CONTEXT(2) 
PARAMETRIC_REPRESENTATION_CONTEXT() REPRESENTATION_CONTEXT('2D SPACE',''
  ) );
#4532 = PCURVE('',#4431,#4533);
#4533 = DEFINITIONAL_REPRESENTATION('',(#4534),#4538);
#4534 = LINE('',#4535,#4536);
#4535 = CARTESIAN_POINT('',(0.,0.));
#4536 = VECTOR('',#4537,1.);
#4537 = DIRECTION('',(1.,0.));
#4538 = ( GEOMETRIC_REPRESENTATION_CONTEXT(2) 
PARAMETRIC_REPRESENTATION_CONTEXT() REPRESENTATION_CONTEXT('2D SPACE',''
  ) );
#4539 = ORIENTED_EDGE('',*,*,#4392,.T.);
#4540 = ORIENTED_EDGE('',*,*,#1890,.T.);
#4541 = ORIENTED_EDGE('',*,*,#4542,.F.);
#4542 = EDGE_CURVE('',#4518,#1863,#4543,.T.);
#4543 = SURFACE_CURVE('',#4544,(#4548,#4555),.PCURVE_S1.);
#4544 = LINE('',#4545,#4546);
#4545 = CARTESIAN_POINT('',(12.2,-0.275,-4.2));
#4546 = VECTOR('',#4547,1.);
#4547 = DIRECTION('',(0.,0.,1.));
#4548 = PCURVE('',#1904,#4549);
#4549 = DEFINITIONAL_REPRESENTATION('',(#4550),#4554);
#4550 = LINE('',#4551,#4552);
#4551 = CARTESIAN_POINT('',(0.,0.55));
#4552 = VECTOR('',#4553,1.);
#4553 = DIRECTION('',(1.,0.));
#4554 = ( GEOMETRIC_REPRESENTATION_CONTEXT(2) 
PARAMETRIC_REPRESENTATION_CONTEXT() REPRESENTATION_CONTEXT('2D SPACE',''
  ) );
#4555 = PCURVE('',#1878,#4556);
#4556 = DEFINITIONAL_REPRESENTATION('',(#4557),#4561);
#4557 = LINE('',#4558,#4559);
#4558 = CARTESIAN_POINT('',(0.,0.));
#4559 = VECTOR('',#4560,1.);
#4560 = DIRECTION('',(1.,0.));
#4561 = ( GEOMETRIC_REPRESENTATION_CONTEXT(2) 
PARAMETRIC_REPRESENTATION_CONTEXT() REPRESENTATION_CONTEXT('2D SPACE',''
  ) );
#4562 = ADVANCED_FACE('',(#4563),#1878,.T.);
#4563 = FACE_BOUND('',#4564,.T.);
#4564 = EDGE_LOOP('',(#4565,#4566,#4587,#4588));
#4565 = ORIENTED_EDGE('',*,*,#4542,.F.);
#4566 = ORIENTED_EDGE('',*,*,#4567,.T.);
#4567 = EDGE_CURVE('',#4518,#4469,#4568,.T.);
#4568 = SURFACE_CURVE('',#4569,(#4573,#4580),.PCURVE_S1.);
#4569 = LINE('',#4570,#4571);
#4570 = CARTESIAN_POINT('',(12.2,-0.275,-4.2));
#4571 = VECTOR('',#4572,1.);
#4572 = DIRECTION('',(1.,0.,0.));
#4573 = PCURVE('',#1878,#4574);
#4574 = DEFINITIONAL_REPRESENTATION('',(#4575),#4579);
#4575 = LINE('',#4576,#4577);
#4576 = CARTESIAN_POINT('',(0.,0.));
#4577 = VECTOR('',#4578,1.);
#4578 = DIRECTION('',(0.,-1.));
#4579 = ( GEOMETRIC_REPRESENTATION_CONTEXT(2) 
PARAMETRIC_REPRESENTATION_CONTEXT() REPRESENTATION_CONTEXT('2D SPACE',''
  ) );
#4580 = PCURVE('',#4431,#4581);
#4581 = DEFINITIONAL_REPRESENTATION('',(#4582),#4586);
#4582 = LINE('',#4583,#4584);
#4583 = CARTESIAN_POINT('',(0.55,0.));
#4584 = VECTOR('',#4585,1.);
#4585 = DIRECTION('',(0.,1.));
#4586 = ( GEOMETRIC_REPRESENTATION_CONTEXT(2) 
PARAMETRIC_REPRESENTATION_CONTEXT() REPRESENTATION_CONTEXT('2D SPACE',''
  ) );
#4587 = ORIENTED_EDGE('',*,*,#4493,.T.);
#4588 = ORIENTED_EDGE('',*,*,#1862,.F.);
#4589 = ADVANCED_FACE('',(#4590),#1936,.F.);
#4590 = FACE_BOUND('',#4591,.F.);
#4591 = EDGE_LOOP('',(#4592,#4615,#4643,#4664));
#4592 = ORIENTED_EDGE('',*,*,#4593,.F.);
#4593 = EDGE_CURVE('',#4594,#1919,#4596,.T.);
#4594 = VERTEX_POINT('',#4595);
#4595 = CARTESIAN_POINT('',(10.42800992617,6.338156986041,-4.2));
#4596 = SURFACE_CURVE('',#4597,(#4601,#4608),.PCURVE_S1.);
#4597 = LINE('',#4598,#4599);
#4598 = CARTESIAN_POINT('',(10.42800992617,6.338156986041,-4.2));
#4599 = VECTOR('',#4600,1.);
#4600 = DIRECTION('',(0.,0.,1.));
#4601 = PCURVE('',#1936,#4602);
#4602 = DEFINITIONAL_REPRESENTATION('',(#4603),#4607);
#4603 = LINE('',#4604,#4605);
#4604 = CARTESIAN_POINT('',(0.,0.));
#4605 = VECTOR('',#4606,1.);
#4606 = DIRECTION('',(1.,0.));
#4607 = ( GEOMETRIC_REPRESENTATION_CONTEXT(2) 
PARAMETRIC_REPRESENTATION_CONTEXT() REPRESENTATION_CONTEXT('2D SPACE',''
  ) );
#4608 = PCURVE('',#2018,#4609);
#4609 = DEFINITIONAL_REPRESENTATION('',(#4610),#4614);
#4610 = LINE('',#4611,#4612);
#4611 = CARTESIAN_POINT('',(0.,0.));
#4612 = VECTOR('',#4613,1.);
#4613 = DIRECTION('',(1.,0.));
#4614 = ( GEOMETRIC_REPRESENTATION_CONTEXT(2) 
PARAMETRIC_REPRESENTATION_CONTEXT() REPRESENTATION_CONTEXT('2D SPACE',''
  ) );
#4615 = ORIENTED_EDGE('',*,*,#4616,.T.);
#4616 = EDGE_CURVE('',#4594,#4617,#4619,.T.);
#4617 = VERTEX_POINT('',#4618);
#4618 = CARTESIAN_POINT('',(12.160060733739,7.338156986041,-4.2));
#4619 = SURFACE_CURVE('',#4620,(#4624,#4631),.PCURVE_S1.);
#4620 = LINE('',#4621,#4622);
#4621 = CARTESIAN_POINT('',(10.42800992617,6.338156986041,-4.2));
#4622 = VECTOR('',#4623,1.);
#4623 = DIRECTION('',(0.866025403784,0.5,0.));
#4624 = PCURVE('',#1936,#4625);
#4625 = DEFINITIONAL_REPRESENTATION('',(#4626),#4630);
#4626 = LINE('',#4627,#4628);
#4627 = CARTESIAN_POINT('',(0.,0.));
#4628 = VECTOR('',#4629,1.);
#4629 = DIRECTION('',(0.,-1.));
#4630 = ( GEOMETRIC_REPRESENTATION_CONTEXT(2) 
PARAMETRIC_REPRESENTATION_CONTEXT() REPRESENTATION_CONTEXT('2D SPACE',''
  ) );
#4631 = PCURVE('',#4632,#4637);
#4632 = PLANE('',#4633);
#4633 = AXIS2_PLACEMENT_3D('',#4634,#4635,#4636);
#4634 = CARTESIAN_POINT('',(10.42800992617,6.338156986041,-4.2));
#4635 = DIRECTION('',(0.,0.,1.));
#4636 = DIRECTION('',(0.5,-0.866025403784,0.));
#4637 = DEFINITIONAL_REPRESENTATION('',(#4638),#4642);
#4638 = LINE('',#4639,#4640);
#4639 = CARTESIAN_POINT('',(0.,0.));
#4640 = VECTOR('',#4641,1.);
#4641 = DIRECTION('',(0.,1.));
#4642 = ( GEOMETRIC_REPRESENTATION_CONTEXT(2) 
PARAMETRIC_REPRESENTATION_CONTEXT() REPRESENTATION_CONTEXT('2D SPACE',''
  ) );
#4643 = ORIENTED_EDGE('',*,*,#4644,.T.);
#4644 = EDGE_CURVE('',#4617,#1921,#4645,.T.);
#4645 = SURFACE_CURVE('',#4646,(#4650,#4657),.PCURVE_S1.);
#4646 = LINE('',#4647,#4648);
#4647 = CARTESIAN_POINT('',(12.160060733739,7.338156986041,-4.2));
#4648 = VECTOR('',#4649,1.);
#4649 = DIRECTION('',(0.,0.,1.));
#4650 = PCURVE('',#1936,#4651);
#4651 = DEFINITIONAL_REPRESENTATION('',(#4652),#4656);
#4652 = LINE('',#4653,#4654);
#4653 = CARTESIAN_POINT('',(0.,-2.));
#4654 = VECTOR('',#4655,1.);
#4655 = DIRECTION('',(1.,0.));
#4656 = ( GEOMETRIC_REPRESENTATION_CONTEXT(2) 
PARAMETRIC_REPRESENTATION_CONTEXT() REPRESENTATION_CONTEXT('2D SPACE',''
  ) );
#4657 = PCURVE('',#1964,#4658);
#4658 = DEFINITIONAL_REPRESENTATION('',(#4659),#4663);
#4659 = LINE('',#4660,#4661);
#4660 = CARTESIAN_POINT('',(0.,0.));
#4661 = VECTOR('',#4662,1.);
#4662 = DIRECTION('',(1.,0.));
#4663 = ( GEOMETRIC_REPRESENTATION_CONTEXT(2) 
PARAMETRIC_REPRESENTATION_CONTEXT() REPRESENTATION_CONTEXT('2D SPACE',''
  ) );
#4664 = ORIENTED_EDGE('',*,*,#1918,.F.);
#4665 = ADVANCED_FACE('',(#4666),#1964,.T.);
#4666 = FACE_BOUND('',#4667,.T.);
#4667 = EDGE_LOOP('',(#4668,#4691,#4692,#4693));
#4668 = ORIENTED_EDGE('',*,*,#4669,.F.);
#4669 = EDGE_CURVE('',#4617,#4670,#4672,.T.);
#4670 = VERTEX_POINT('',#4671);
#4671 = CARTESIAN_POINT('',(12.435060733739,6.861843013959,-4.2));
#4672 = SURFACE_CURVE('',#4673,(#4677,#4684),.PCURVE_S1.);
#4673 = LINE('',#4674,#4675);
#4674 = CARTESIAN_POINT('',(12.160060733739,7.338156986041,-4.2));
#4675 = VECTOR('',#4676,1.);
#4676 = DIRECTION('',(0.5,-0.866025403784,0.));
#4677 = PCURVE('',#1964,#4678);
#4678 = DEFINITIONAL_REPRESENTATION('',(#4679),#4683);
#4679 = LINE('',#4680,#4681);
#4680 = CARTESIAN_POINT('',(0.,0.));
#4681 = VECTOR('',#4682,1.);
#4682 = DIRECTION('',(0.,1.));
#4683 = ( GEOMETRIC_REPRESENTATION_CONTEXT(2) 
PARAMETRIC_REPRESENTATION_CONTEXT() REPRESENTATION_CONTEXT('2D SPACE',''
  ) );
#4684 = PCURVE('',#4632,#4685);
#4685 = DEFINITIONAL_REPRESENTATION('',(#4686),#4690);
#4686 = LINE('',#4687,#4688);
#4687 = CARTESIAN_POINT('',(0.,2.));
#4688 = VECTOR('',#4689,1.);
#4689 = DIRECTION('',(1.,0.));
#4690 = ( GEOMETRIC_REPRESENTATION_CONTEXT(2) 
PARAMETRIC_REPRESENTATION_CONTEXT() REPRESENTATION_CONTEXT('2D SPACE',''
  ) );
#4691 = ORIENTED_EDGE('',*,*,#4644,.T.);
#4692 = ORIENTED_EDGE('',*,*,#1948,.T.);
#4693 = ORIENTED_EDGE('',*,*,#4694,.F.);
#4694 = EDGE_CURVE('',#4670,#1949,#4695,.T.);
#4695 = SURFACE_CURVE('',#4696,(#4700,#4707),.PCURVE_S1.);
#4696 = LINE('',#4697,#4698);
#4697 = CARTESIAN_POINT('',(12.435060733739,6.861843013959,-4.2));
#4698 = VECTOR('',#4699,1.);
#4699 = DIRECTION('',(0.,0.,1.));
#4700 = PCURVE('',#1964,#4701);
#4701 = DEFINITIONAL_REPRESENTATION('',(#4702),#4706);
#4702 = LINE('',#4703,#4704);
#4703 = CARTESIAN_POINT('',(0.,0.55));
#4704 = VECTOR('',#4705,1.);
#4705 = DIRECTION('',(1.,0.));
#4706 = ( GEOMETRIC_REPRESENTATION_CONTEXT(2) 
PARAMETRIC_REPRESENTATION_CONTEXT() REPRESENTATION_CONTEXT('2D SPACE',''
  ) );
#4707 = PCURVE('',#1992,#4708);
#4708 = DEFINITIONAL_REPRESENTATION('',(#4709),#4713);
#4709 = LINE('',#4710,#4711);
#4710 = CARTESIAN_POINT('',(0.,-2.));
#4711 = VECTOR('',#4712,1.);
#4712 = DIRECTION('',(1.,0.));
#4713 = ( GEOMETRIC_REPRESENTATION_CONTEXT(2) 
PARAMETRIC_REPRESENTATION_CONTEXT() REPRESENTATION_CONTEXT('2D SPACE',''
  ) );
#4714 = ADVANCED_FACE('',(#4715),#2018,.F.);
#4715 = FACE_BOUND('',#4716,.F.);
#4716 = EDGE_LOOP('',(#4717,#4740,#4741,#4742));
#4717 = ORIENTED_EDGE('',*,*,#4718,.F.);
#4718 = EDGE_CURVE('',#4594,#4719,#4721,.T.);
#4719 = VERTEX_POINT('',#4720);
#4720 = CARTESIAN_POINT('',(10.70300992617,5.861843013959,-4.2));
#4721 = SURFACE_CURVE('',#4722,(#4726,#4733),.PCURVE_S1.);
#4722 = LINE('',#4723,#4724);
#4723 = CARTESIAN_POINT('',(10.42800992617,6.338156986041,-4.2));
#4724 = VECTOR('',#4725,1.);
#4725 = DIRECTION('',(0.5,-0.866025403784,0.));
#4726 = PCURVE('',#2018,#4727);
#4727 = DEFINITIONAL_REPRESENTATION('',(#4728),#4732);
#4728 = LINE('',#4729,#4730);
#4729 = CARTESIAN_POINT('',(0.,0.));
#4730 = VECTOR('',#4731,1.);
#4731 = DIRECTION('',(0.,1.));
#4732 = ( GEOMETRIC_REPRESENTATION_CONTEXT(2) 
PARAMETRIC_REPRESENTATION_CONTEXT() REPRESENTATION_CONTEXT('2D SPACE',''
  ) );
#4733 = PCURVE('',#4632,#4734);
#4734 = DEFINITIONAL_REPRESENTATION('',(#4735),#4739);
#4735 = LINE('',#4736,#4737);
#4736 = CARTESIAN_POINT('',(0.,0.));
#4737 = VECTOR('',#4738,1.);
#4738 = DIRECTION('',(1.,0.));
#4739 = ( GEOMETRIC_REPRESENTATION_CONTEXT(2) 
PARAMETRIC_REPRESENTATION_CONTEXT() REPRESENTATION_CONTEXT('2D SPACE',''
  ) );
#4740 = ORIENTED_EDGE('',*,*,#4593,.T.);
#4741 = ORIENTED_EDGE('',*,*,#2004,.T.);
#4742 = ORIENTED_EDGE('',*,*,#4743,.F.);
#4743 = EDGE_CURVE('',#4719,#1977,#4744,.T.);
#4744 = SURFACE_CURVE('',#4745,(#4749,#4756),.PCURVE_S1.);
#4745 = LINE('',#4746,#4747);
#4746 = CARTESIAN_POINT('',(10.70300992617,5.861843013959,-4.2));
#4747 = VECTOR('',#4748,1.);
#4748 = DIRECTION('',(0.,0.,1.));
#4749 = PCURVE('',#2018,#4750);
#4750 = DEFINITIONAL_REPRESENTATION('',(#4751),#4755);
#4751 = LINE('',#4752,#4753);
#4752 = CARTESIAN_POINT('',(0.,0.55));
#4753 = VECTOR('',#4754,1.);
#4754 = DIRECTION('',(1.,0.));
#4755 = ( GEOMETRIC_REPRESENTATION_CONTEXT(2) 
PARAMETRIC_REPRESENTATION_CONTEXT() REPRESENTATION_CONTEXT('2D SPACE',''
  ) );
#4756 = PCURVE('',#1992,#4757);
#4757 = DEFINITIONAL_REPRESENTATION('',(#4758),#4762);
#4758 = LINE('',#4759,#4760);
#4759 = CARTESIAN_POINT('',(0.,0.));
#4760 = VECTOR('',#4761,1.);
#4761 = DIRECTION('',(1.,0.));
#4762 = ( GEOMETRIC_REPRESENTATION_CONTEXT(2) 
PARAMETRIC_REPRESENTATION_CONTEXT() REPRESENTATION_CONTEXT('2D SPACE',''
  ) );
#4763 = ADVANCED_FACE('',(#4764),#1992,.T.);
#4764 = FACE_BOUND('',#4765,.T.);
#4765 = EDGE_LOOP('',(#4766,#4767,#4788,#4789));
#4766 = ORIENTED_EDGE('',*,*,#4743,.F.);
#4767 = ORIENTED_EDGE('',*,*,#4768,.T.);
#4768 = EDGE_CURVE('',#4719,#4670,#4769,.T.);
#4769 = SURFACE_CURVE('',#4770,(#4774,#4781),.PCURVE_S1.);
#4770 = LINE('',#4771,#4772);
#4771 = CARTESIAN_POINT('',(10.70300992617,5.861843013959,-4.2));
#4772 = VECTOR('',#4773,1.);
#4773 = DIRECTION('',(0.866025403784,0.5,0.));
#4774 = PCURVE('',#1992,#4775);
#4775 = DEFINITIONAL_REPRESENTATION('',(#4776),#4780);
#4776 = LINE('',#4777,#4778);
#4777 = CARTESIAN_POINT('',(0.,0.));
#4778 = VECTOR('',#4779,1.);
#4779 = DIRECTION('',(0.,-1.));
#4780 = ( GEOMETRIC_REPRESENTATION_CONTEXT(2) 
PARAMETRIC_REPRESENTATION_CONTEXT() REPRESENTATION_CONTEXT('2D SPACE',''
  ) );
#4781 = PCURVE('',#4632,#4782);
#4782 = DEFINITIONAL_REPRESENTATION('',(#4783),#4787);
#4783 = LINE('',#4784,#4785);
#4784 = CARTESIAN_POINT('',(0.55,0.));
#4785 = VECTOR('',#4786,1.);
#4786 = DIRECTION('',(0.,1.));
#4787 = ( GEOMETRIC_REPRESENTATION_CONTEXT(2) 
PARAMETRIC_REPRESENTATION_CONTEXT() REPRESENTATION_CONTEXT('2D SPACE',''
  ) );
#4788 = ORIENTED_EDGE('',*,*,#4694,.T.);
#4789 = ORIENTED_EDGE('',*,*,#1976,.F.);
#4790 = ADVANCED_FACE('',(#4791),#2050,.F.);
#4791 = FACE_BOUND('',#4792,.F.);
#4792 = EDGE_LOOP('',(#4793,#4816,#4844,#4865));
#4793 = ORIENTED_EDGE('',*,*,#4794,.F.);
#4794 = EDGE_CURVE('',#4795,#2033,#4797,.T.);
#4795 = VERTEX_POINT('',#4796);
#4796 = CARTESIAN_POINT('',(0.275,12.2,-4.2));
#4797 = SURFACE_CURVE('',#4798,(#4802,#4809),.PCURVE_S1.);
#4798 = LINE('',#4799,#4800);
#4799 = CARTESIAN_POINT('',(0.275,12.2,-4.2));
#4800 = VECTOR('',#4801,1.);
#4801 = DIRECTION('',(0.,0.,1.));
#4802 = PCURVE('',#2050,#4803);
#4803 = DEFINITIONAL_REPRESENTATION('',(#4804),#4808);
#4804 = LINE('',#4805,#4806);
#4805 = CARTESIAN_POINT('',(0.,0.));
#4806 = VECTOR('',#4807,1.);
#4807 = DIRECTION('',(1.,0.));
#4808 = ( GEOMETRIC_REPRESENTATION_CONTEXT(2) 
PARAMETRIC_REPRESENTATION_CONTEXT() REPRESENTATION_CONTEXT('2D SPACE',''
  ) );
#4809 = PCURVE('',#2132,#4810);
#4810 = DEFINITIONAL_REPRESENTATION('',(#4811),#4815);
#4811 = LINE('',#4812,#4813);
#4812 = CARTESIAN_POINT('',(0.,0.));
#4813 = VECTOR('',#4814,1.);
#4814 = DIRECTION('',(1.,0.));
#4815 = ( GEOMETRIC_REPRESENTATION_CONTEXT(2) 
PARAMETRIC_REPRESENTATION_CONTEXT() REPRESENTATION_CONTEXT('2D SPACE',''
  ) );
#4816 = ORIENTED_EDGE('',*,*,#4817,.T.);
#4817 = EDGE_CURVE('',#4795,#4818,#4820,.T.);
#4818 = VERTEX_POINT('',#4819);
#4819 = CARTESIAN_POINT('',(0.275,14.2,-4.2));
#4820 = SURFACE_CURVE('',#4821,(#4825,#4832),.PCURVE_S1.);
#4821 = LINE('',#4822,#4823);
#4822 = CARTESIAN_POINT('',(0.275,12.2,-4.2));
#4823 = VECTOR('',#4824,1.);
#4824 = DIRECTION('',(0.,1.,0.));
#4825 = PCURVE('',#2050,#4826);
#4826 = DEFINITIONAL_REPRESENTATION('',(#4827),#4831);
#4827 = LINE('',#4828,#4829);
#4828 = CARTESIAN_POINT('',(0.,0.));
#4829 = VECTOR('',#4830,1.);
#4830 = DIRECTION('',(0.,-1.));
#4831 = ( GEOMETRIC_REPRESENTATION_CONTEXT(2) 
PARAMETRIC_REPRESENTATION_CONTEXT() REPRESENTATION_CONTEXT('2D SPACE',''
  ) );
#4832 = PCURVE('',#4833,#4838);
#4833 = PLANE('',#4834);
#4834 = AXIS2_PLACEMENT_3D('',#4835,#4836,#4837);
#4835 = CARTESIAN_POINT('',(0.275,12.2,-4.2));
#4836 = DIRECTION('',(0.,0.,1.));
#4837 = DIRECTION('',(1.,0.,0.));
#4838 = DEFINITIONAL_REPRESENTATION('',(#4839),#4843);
#4839 = LINE('',#4840,#4841);
#4840 = CARTESIAN_POINT('',(0.,0.));
#4841 = VECTOR('',#4842,1.);
#4842 = DIRECTION('',(0.,1.));
#4843 = ( GEOMETRIC_REPRESENTATION_CONTEXT(2) 
PARAMETRIC_REPRESENTATION_CONTEXT() REPRESENTATION_CONTEXT('2D SPACE',''
  ) );
#4844 = ORIENTED_EDGE('',*,*,#4845,.T.);
#4845 = EDGE_CURVE('',#4818,#2035,#4846,.T.);
#4846 = SURFACE_CURVE('',#4847,(#4851,#4858),.PCURVE_S1.);
#4847 = LINE('',#4848,#4849);
#4848 = CARTESIAN_POINT('',(0.275,14.2,-4.2));
#4849 = VECTOR('',#4850,1.);
#4850 = DIRECTION('',(0.,0.,1.));
#4851 = PCURVE('',#2050,#4852);
#4852 = DEFINITIONAL_REPRESENTATION('',(#4853),#4857);
#4853 = LINE('',#4854,#4855);
#4854 = CARTESIAN_POINT('',(0.,-2.));
#4855 = VECTOR('',#4856,1.);
#4856 = DIRECTION('',(1.,0.));
#4857 = ( GEOMETRIC_REPRESENTATION_CONTEXT(2) 
PARAMETRIC_REPRESENTATION_CONTEXT() REPRESENTATION_CONTEXT('2D SPACE',''
  ) );
#4858 = PCURVE('',#2078,#4859);
#4859 = DEFINITIONAL_REPRESENTATION('',(#4860),#4864);
#4860 = LINE('',#4861,#4862);
#4861 = CARTESIAN_POINT('',(0.,0.));
#4862 = VECTOR('',#4863,1.);
#4863 = DIRECTION('',(1.,0.));
#4864 = ( GEOMETRIC_REPRESENTATION_CONTEXT(2) 
PARAMETRIC_REPRESENTATION_CONTEXT() REPRESENTATION_CONTEXT('2D SPACE',''
  ) );
#4865 = ORIENTED_EDGE('',*,*,#2032,.F.);
#4866 = ADVANCED_FACE('',(#4867),#2078,.T.);
#4867 = FACE_BOUND('',#4868,.T.);
#4868 = EDGE_LOOP('',(#4869,#4892,#4893,#4894));
#4869 = ORIENTED_EDGE('',*,*,#4870,.F.);
#4870 = EDGE_CURVE('',#4818,#4871,#4873,.T.);
#4871 = VERTEX_POINT('',#4872);
#4872 = CARTESIAN_POINT('',(0.825,14.2,-4.2));
#4873 = SURFACE_CURVE('',#4874,(#4878,#4885),.PCURVE_S1.);
#4874 = LINE('',#4875,#4876);
#4875 = CARTESIAN_POINT('',(0.275,14.2,-4.2));
#4876 = VECTOR('',#4877,1.);
#4877 = DIRECTION('',(1.,0.,0.));
#4878 = PCURVE('',#2078,#4879);
#4879 = DEFINITIONAL_REPRESENTATION('',(#4880),#4884);
#4880 = LINE('',#4881,#4882);
#4881 = CARTESIAN_POINT('',(0.,0.));
#4882 = VECTOR('',#4883,1.);
#4883 = DIRECTION('',(0.,1.));
#4884 = ( GEOMETRIC_REPRESENTATION_CONTEXT(2) 
PARAMETRIC_REPRESENTATION_CONTEXT() REPRESENTATION_CONTEXT('2D SPACE',''
  ) );
#4885 = PCURVE('',#4833,#4886);
#4886 = DEFINITIONAL_REPRESENTATION('',(#4887),#4891);
#4887 = LINE('',#4888,#4889);
#4888 = CARTESIAN_POINT('',(0.,2.));
#4889 = VECTOR('',#4890,1.);
#4890 = DIRECTION('',(1.,0.));
#4891 = ( GEOMETRIC_REPRESENTATION_CONTEXT(2) 
PARAMETRIC_REPRESENTATION_CONTEXT() REPRESENTATION_CONTEXT('2D SPACE',''
  ) );
#4892 = ORIENTED_EDGE('',*,*,#4845,.T.);
#4893 = ORIENTED_EDGE('',*,*,#2062,.T.);
#4894 = ORIENTED_EDGE('',*,*,#4895,.F.);
#4895 = EDGE_CURVE('',#4871,#2063,#4896,.T.);
#4896 = SURFACE_CURVE('',#4897,(#4901,#4908),.PCURVE_S1.);
#4897 = LINE('',#4898,#4899);
#4898 = CARTESIAN_POINT('',(0.825,14.2,-4.2));
#4899 = VECTOR('',#4900,1.);
#4900 = DIRECTION('',(0.,0.,1.));
#4901 = PCURVE('',#2078,#4902);
#4902 = DEFINITIONAL_REPRESENTATION('',(#4903),#4907);
#4903 = LINE('',#4904,#4905);
#4904 = CARTESIAN_POINT('',(0.,0.55));
#4905 = VECTOR('',#4906,1.);
#4906 = DIRECTION('',(1.,0.));
#4907 = ( GEOMETRIC_REPRESENTATION_CONTEXT(2) 
PARAMETRIC_REPRESENTATION_CONTEXT() REPRESENTATION_CONTEXT('2D SPACE',''
  ) );
#4908 = PCURVE('',#2106,#4909);
#4909 = DEFINITIONAL_REPRESENTATION('',(#4910),#4914);
#4910 = LINE('',#4911,#4912);
#4911 = CARTESIAN_POINT('',(0.,-2.));
#4912 = VECTOR('',#4913,1.);
#4913 = DIRECTION('',(1.,0.));
#4914 = ( GEOMETRIC_REPRESENTATION_CONTEXT(2) 
PARAMETRIC_REPRESENTATION_CONTEXT() REPRESENTATION_CONTEXT('2D SPACE',''
  ) );
#4915 = ADVANCED_FACE('',(#4916),#2132,.F.);
#4916 = FACE_BOUND('',#4917,.F.);
#4917 = EDGE_LOOP('',(#4918,#4941,#4942,#4943));
#4918 = ORIENTED_EDGE('',*,*,#4919,.F.);
#4919 = EDGE_CURVE('',#4795,#4920,#4922,.T.);
#4920 = VERTEX_POINT('',#4921);
#4921 = CARTESIAN_POINT('',(0.825,12.2,-4.2));
#4922 = SURFACE_CURVE('',#4923,(#4927,#4934),.PCURVE_S1.);
#4923 = LINE('',#4924,#4925);
#4924 = CARTESIAN_POINT('',(0.275,12.2,-4.2));
#4925 = VECTOR('',#4926,1.);
#4926 = DIRECTION('',(1.,0.,0.));
#4927 = PCURVE('',#2132,#4928);
#4928 = DEFINITIONAL_REPRESENTATION('',(#4929),#4933);
#4929 = LINE('',#4930,#4931);
#4930 = CARTESIAN_POINT('',(0.,0.));
#4931 = VECTOR('',#4932,1.);
#4932 = DIRECTION('',(0.,1.));
#4933 = ( GEOMETRIC_REPRESENTATION_CONTEXT(2) 
PARAMETRIC_REPRESENTATION_CONTEXT() REPRESENTATION_CONTEXT('2D SPACE',''
  ) );
#4934 = PCURVE('',#4833,#4935);
#4935 = DEFINITIONAL_REPRESENTATION('',(#4936),#4940);
#4936 = LINE('',#4937,#4938);
#4937 = CARTESIAN_POINT('',(0.,0.));
#4938 = VECTOR('',#4939,1.);
#4939 = DIRECTION('',(1.,0.));
#4940 = ( GEOMETRIC_REPRESENTATION_CONTEXT(2) 
PARAMETRIC_REPRESENTATION_CONTEXT() REPRESENTATION_CONTEXT('2D SPACE',''
  ) );
#4941 = ORIENTED_EDGE('',*,*,#4794,.T.);
#4942 = ORIENTED_EDGE('',*,*,#2118,.T.);
#4943 = ORIENTED_EDGE('',*,*,#4944,.F.);
#4944 = EDGE_CURVE('',#4920,#2091,#4945,.T.);
#4945 = SURFACE_CURVE('',#4946,(#4950,#4957),.PCURVE_S1.);
#4946 = LINE('',#4947,#4948);
#4947 = CARTESIAN_POINT('',(0.825,12.2,-4.2));
#4948 = VECTOR('',#4949,1.);
#4949 = DIRECTION('',(0.,0.,1.));
#4950 = PCURVE('',#2132,#4951);
#4951 = DEFINITIONAL_REPRESENTATION('',(#4952),#4956);
#4952 = LINE('',#4953,#4954);
#4953 = CARTESIAN_POINT('',(0.,0.55));
#4954 = VECTOR('',#4955,1.);
#4955 = DIRECTION('',(1.,0.));
#4956 = ( GEOMETRIC_REPRESENTATION_CONTEXT(2) 
PARAMETRIC_REPRESENTATION_CONTEXT() REPRESENTATION_CONTEXT('2D SPACE',''
  ) );
#4957 = PCURVE('',#2106,#4958);
#4958 = DEFINITIONAL_REPRESENTATION('',(#4959),#4963);
#4959 = LINE('',#4960,#4961);
#4960 = CARTESIAN_POINT('',(0.,0.));
#4961 = VECTOR('',#4962,1.);
#4962 = DIRECTION('',(1.,0.));
#4963 = ( GEOMETRIC_REPRESENTATION_CONTEXT(2) 
PARAMETRIC_REPRESENTATION_CONTEXT() REPRESENTATION_CONTEXT('2D SPACE',''
  ) );
#4964 = ADVANCED_FACE('',(#4965),#2106,.T.);
#4965 = FACE_BOUND('',#4966,.T.);
#4966 = EDGE_LOOP('',(#4967,#4968,#4989,#4990));
#4967 = ORIENTED_EDGE('',*,*,#4944,.F.);
#4968 = ORIENTED_EDGE('',*,*,#4969,.T.);
#4969 = EDGE_CURVE('',#4920,#4871,#4970,.T.);
#4970 = SURFACE_CURVE('',#4971,(#4975,#4982),.PCURVE_S1.);
#4971 = LINE('',#4972,#4973);
#4972 = CARTESIAN_POINT('',(0.825,12.2,-4.2));
#4973 = VECTOR('',#4974,1.);
#4974 = DIRECTION('',(0.,1.,0.));
#4975 = PCURVE('',#2106,#4976);
#4976 = DEFINITIONAL_REPRESENTATION('',(#4977),#4981);
#4977 = LINE('',#4978,#4979);
#4978 = CARTESIAN_POINT('',(0.,0.));
#4979 = VECTOR('',#4980,1.);
#4980 = DIRECTION('',(0.,-1.));
#4981 = ( GEOMETRIC_REPRESENTATION_CONTEXT(2) 
PARAMETRIC_REPRESENTATION_CONTEXT() REPRESENTATION_CONTEXT('2D SPACE',''
  ) );
#4982 = PCURVE('',#4833,#4983);
#4983 = DEFINITIONAL_REPRESENTATION('',(#4984),#4988);
#4984 = LINE('',#4985,#4986);
#4985 = CARTESIAN_POINT('',(0.55,0.));
#4986 = VECTOR('',#4987,1.);
#4987 = DIRECTION('',(0.,1.));
#4988 = ( GEOMETRIC_REPRESENTATION_CONTEXT(2) 
PARAMETRIC_REPRESENTATION_CONTEXT() REPRESENTATION_CONTEXT('2D SPACE',''
  ) );
#4989 = ORIENTED_EDGE('',*,*,#4895,.T.);
#4990 = ORIENTED_EDGE('',*,*,#2090,.F.);
#4991 = ADVANCED_FACE('',(#4992),#2164,.F.);
#4992 = FACE_BOUND('',#4993,.F.);
#4993 = EDGE_LOOP('',(#4994,#5017,#5045,#5066));
#4994 = ORIENTED_EDGE('',*,*,#4995,.F.);
#4995 = EDGE_CURVE('',#4996,#2147,#4998,.T.);
#4996 = VERTEX_POINT('',#4997);
#4997 = CARTESIAN_POINT('',(5.861843013959,10.70300992617,-4.2));
#4998 = SURFACE_CURVE('',#4999,(#5003,#5010),.PCURVE_S1.);
#4999 = LINE('',#5000,#5001);
#5000 = CARTESIAN_POINT('',(5.861843013959,10.70300992617,-4.2));
#5001 = VECTOR('',#5002,1.);
#5002 = DIRECTION('',(0.,0.,1.));
#5003 = PCURVE('',#2164,#5004);
#5004 = DEFINITIONAL_REPRESENTATION('',(#5005),#5009);
#5005 = LINE('',#5006,#5007);
#5006 = CARTESIAN_POINT('',(0.,0.));
#5007 = VECTOR('',#5008,1.);
#5008 = DIRECTION('',(1.,0.));
#5009 = ( GEOMETRIC_REPRESENTATION_CONTEXT(2) 
PARAMETRIC_REPRESENTATION_CONTEXT() REPRESENTATION_CONTEXT('2D SPACE',''
  ) );
#5010 = PCURVE('',#2246,#5011);
#5011 = DEFINITIONAL_REPRESENTATION('',(#5012),#5016);
#5012 = LINE('',#5013,#5014);
#5013 = CARTESIAN_POINT('',(0.,0.));
#5014 = VECTOR('',#5015,1.);
#5015 = DIRECTION('',(1.,0.));
#5016 = ( GEOMETRIC_REPRESENTATION_CONTEXT(2) 
PARAMETRIC_REPRESENTATION_CONTEXT() REPRESENTATION_CONTEXT('2D SPACE',''
  ) );
#5017 = ORIENTED_EDGE('',*,*,#5018,.T.);
#5018 = EDGE_CURVE('',#4996,#5019,#5021,.T.);
#5019 = VERTEX_POINT('',#5020);
#5020 = CARTESIAN_POINT('',(6.861843013959,12.435060733739,-4.2));
#5021 = SURFACE_CURVE('',#5022,(#5026,#5033),.PCURVE_S1.);
#5022 = LINE('',#5023,#5024);
#5023 = CARTESIAN_POINT('',(5.861843013959,10.70300992617,-4.2));
#5024 = VECTOR('',#5025,1.);
#5025 = DIRECTION('',(0.5,0.866025403784,0.));
#5026 = PCURVE('',#2164,#5027);
#5027 = DEFINITIONAL_REPRESENTATION('',(#5028),#5032);
#5028 = LINE('',#5029,#5030);
#5029 = CARTESIAN_POINT('',(0.,0.));
#5030 = VECTOR('',#5031,1.);
#5031 = DIRECTION('',(0.,-1.));
#5032 = ( GEOMETRIC_REPRESENTATION_CONTEXT(2) 
PARAMETRIC_REPRESENTATION_CONTEXT() REPRESENTATION_CONTEXT('2D SPACE',''
  ) );
#5033 = PCURVE('',#5034,#5039);
#5034 = PLANE('',#5035);
#5035 = AXIS2_PLACEMENT_3D('',#5036,#5037,#5038);
#5036 = CARTESIAN_POINT('',(5.861843013959,10.70300992617,-4.2));
#5037 = DIRECTION('',(0.,0.,1.));
#5038 = DIRECTION('',(0.866025403784,-0.5,0.));
#5039 = DEFINITIONAL_REPRESENTATION('',(#5040),#5044);
#5040 = LINE('',#5041,#5042);
#5041 = CARTESIAN_POINT('',(0.,0.));
#5042 = VECTOR('',#5043,1.);
#5043 = DIRECTION('',(0.,1.));
#5044 = ( GEOMETRIC_REPRESENTATION_CONTEXT(2) 
PARAMETRIC_REPRESENTATION_CONTEXT() REPRESENTATION_CONTEXT('2D SPACE',''
  ) );
#5045 = ORIENTED_EDGE('',*,*,#5046,.T.);
#5046 = EDGE_CURVE('',#5019,#2149,#5047,.T.);
#5047 = SURFACE_CURVE('',#5048,(#5052,#5059),.PCURVE_S1.);
#5048 = LINE('',#5049,#5050);
#5049 = CARTESIAN_POINT('',(6.861843013959,12.435060733739,-4.2));
#5050 = VECTOR('',#5051,1.);
#5051 = DIRECTION('',(0.,0.,1.));
#5052 = PCURVE('',#2164,#5053);
#5053 = DEFINITIONAL_REPRESENTATION('',(#5054),#5058);
#5054 = LINE('',#5055,#5056);
#5055 = CARTESIAN_POINT('',(0.,-2.));
#5056 = VECTOR('',#5057,1.);
#5057 = DIRECTION('',(1.,0.));
#5058 = ( GEOMETRIC_REPRESENTATION_CONTEXT(2) 
PARAMETRIC_REPRESENTATION_CONTEXT() REPRESENTATION_CONTEXT('2D SPACE',''
  ) );
#5059 = PCURVE('',#2192,#5060);
#5060 = DEFINITIONAL_REPRESENTATION('',(#5061),#5065);
#5061 = LINE('',#5062,#5063);
#5062 = CARTESIAN_POINT('',(0.,0.));
#5063 = VECTOR('',#5064,1.);
#5064 = DIRECTION('',(1.,0.));
#5065 = ( GEOMETRIC_REPRESENTATION_CONTEXT(2) 
PARAMETRIC_REPRESENTATION_CONTEXT() REPRESENTATION_CONTEXT('2D SPACE',''
  ) );
#5066 = ORIENTED_EDGE('',*,*,#2146,.F.);
#5067 = ADVANCED_FACE('',(#5068),#2192,.T.);
#5068 = FACE_BOUND('',#5069,.T.);
#5069 = EDGE_LOOP('',(#5070,#5093,#5094,#5095));
#5070 = ORIENTED_EDGE('',*,*,#5071,.F.);
#5071 = EDGE_CURVE('',#5019,#5072,#5074,.T.);
#5072 = VERTEX_POINT('',#5073);
#5073 = CARTESIAN_POINT('',(7.338156986041,12.160060733739,-4.2));
#5074 = SURFACE_CURVE('',#5075,(#5079,#5086),.PCURVE_S1.);
#5075 = LINE('',#5076,#5077);
#5076 = CARTESIAN_POINT('',(6.861843013959,12.435060733739,-4.2));
#5077 = VECTOR('',#5078,1.);
#5078 = DIRECTION('',(0.866025403784,-0.5,0.));
#5079 = PCURVE('',#2192,#5080);
#5080 = DEFINITIONAL_REPRESENTATION('',(#5081),#5085);
#5081 = LINE('',#5082,#5083);
#5082 = CARTESIAN_POINT('',(0.,0.));
#5083 = VECTOR('',#5084,1.);
#5084 = DIRECTION('',(0.,1.));
#5085 = ( GEOMETRIC_REPRESENTATION_CONTEXT(2) 
PARAMETRIC_REPRESENTATION_CONTEXT() REPRESENTATION_CONTEXT('2D SPACE',''
  ) );
#5086 = PCURVE('',#5034,#5087);
#5087 = DEFINITIONAL_REPRESENTATION('',(#5088),#5092);
#5088 = LINE('',#5089,#5090);
#5089 = CARTESIAN_POINT('',(0.,2.));
#5090 = VECTOR('',#5091,1.);
#5091 = DIRECTION('',(1.,0.));
#5092 = ( GEOMETRIC_REPRESENTATION_CONTEXT(2) 
PARAMETRIC_REPRESENTATION_CONTEXT() REPRESENTATION_CONTEXT('2D SPACE',''
  ) );
#5093 = ORIENTED_EDGE('',*,*,#5046,.T.);
#5094 = ORIENTED_EDGE('',*,*,#2176,.T.);
#5095 = ORIENTED_EDGE('',*,*,#5096,.F.);
#5096 = EDGE_CURVE('',#5072,#2177,#5097,.T.);
#5097 = SURFACE_CURVE('',#5098,(#5102,#5109),.PCURVE_S1.);
#5098 = LINE('',#5099,#5100);
#5099 = CARTESIAN_POINT('',(7.338156986041,12.160060733739,-4.2));
#5100 = VECTOR('',#5101,1.);
#5101 = DIRECTION('',(0.,0.,1.));
#5102 = PCURVE('',#2192,#5103);
#5103 = DEFINITIONAL_REPRESENTATION('',(#5104),#5108);
#5104 = LINE('',#5105,#5106);
#5105 = CARTESIAN_POINT('',(0.,0.55));
#5106 = VECTOR('',#5107,1.);
#5107 = DIRECTION('',(1.,0.));
#5108 = ( GEOMETRIC_REPRESENTATION_CONTEXT(2) 
PARAMETRIC_REPRESENTATION_CONTEXT() REPRESENTATION_CONTEXT('2D SPACE',''
  ) );
#5109 = PCURVE('',#2220,#5110);
#5110 = DEFINITIONAL_REPRESENTATION('',(#5111),#5115);
#5111 = LINE('',#5112,#5113);
#5112 = CARTESIAN_POINT('',(0.,-2.));
#5113 = VECTOR('',#5114,1.);
#5114 = DIRECTION('',(1.,0.));
#5115 = ( GEOMETRIC_REPRESENTATION_CONTEXT(2) 
PARAMETRIC_REPRESENTATION_CONTEXT() REPRESENTATION_CONTEXT('2D SPACE',''
  ) );
#5116 = ADVANCED_FACE('',(#5117),#2246,.F.);
#5117 = FACE_BOUND('',#5118,.F.);
#5118 = EDGE_LOOP('',(#5119,#5142,#5143,#5144));
#5119 = ORIENTED_EDGE('',*,*,#5120,.F.);
#5120 = EDGE_CURVE('',#4996,#5121,#5123,.T.);
#5121 = VERTEX_POINT('',#5122);
#5122 = CARTESIAN_POINT('',(6.338156986041,10.42800992617,-4.2));
#5123 = SURFACE_CURVE('',#5124,(#5128,#5135),.PCURVE_S1.);
#5124 = LINE('',#5125,#5126);
#5125 = CARTESIAN_POINT('',(5.861843013959,10.70300992617,-4.2));
#5126 = VECTOR('',#5127,1.);
#5127 = DIRECTION('',(0.866025403784,-0.5,0.));
#5128 = PCURVE('',#2246,#5129);
#5129 = DEFINITIONAL_REPRESENTATION('',(#5130),#5134);
#5130 = LINE('',#5131,#5132);
#5131 = CARTESIAN_POINT('',(0.,0.));
#5132 = VECTOR('',#5133,1.);
#5133 = DIRECTION('',(0.,1.));
#5134 = ( GEOMETRIC_REPRESENTATION_CONTEXT(2) 
PARAMETRIC_REPRESENTATION_CONTEXT() REPRESENTATION_CONTEXT('2D SPACE',''
  ) );
#5135 = PCURVE('',#5034,#5136);
#5136 = DEFINITIONAL_REPRESENTATION('',(#5137),#5141);
#5137 = LINE('',#5138,#5139);
#5138 = CARTESIAN_POINT('',(0.,0.));
#5139 = VECTOR('',#5140,1.);
#5140 = DIRECTION('',(1.,0.));
#5141 = ( GEOMETRIC_REPRESENTATION_CONTEXT(2) 
PARAMETRIC_REPRESENTATION_CONTEXT() REPRESENTATION_CONTEXT('2D SPACE',''
  ) );
#5142 = ORIENTED_EDGE('',*,*,#4995,.T.);
#5143 = ORIENTED_EDGE('',*,*,#2232,.T.);
#5144 = ORIENTED_EDGE('',*,*,#5145,.F.);
#5145 = EDGE_CURVE('',#5121,#2205,#5146,.T.);
#5146 = SURFACE_CURVE('',#5147,(#5151,#5158),.PCURVE_S1.);
#5147 = LINE('',#5148,#5149);
#5148 = CARTESIAN_POINT('',(6.338156986041,10.42800992617,-4.2));
#5149 = VECTOR('',#5150,1.);
#5150 = DIRECTION('',(0.,0.,1.));
#5151 = PCURVE('',#2246,#5152);
#5152 = DEFINITIONAL_REPRESENTATION('',(#5153),#5157);
#5153 = LINE('',#5154,#5155);
#5154 = CARTESIAN_POINT('',(0.,0.55));
#5155 = VECTOR('',#5156,1.);
#5156 = DIRECTION('',(1.,0.));
#5157 = ( GEOMETRIC_REPRESENTATION_CONTEXT(2) 
PARAMETRIC_REPRESENTATION_CONTEXT() REPRESENTATION_CONTEXT('2D SPACE',''
  ) );
#5158 = PCURVE('',#2220,#5159);
#5159 = DEFINITIONAL_REPRESENTATION('',(#5160),#5164);
#5160 = LINE('',#5161,#5162);
#5161 = CARTESIAN_POINT('',(0.,0.));
#5162 = VECTOR('',#5163,1.);
#5163 = DIRECTION('',(1.,0.));
#5164 = ( GEOMETRIC_REPRESENTATION_CONTEXT(2) 
PARAMETRIC_REPRESENTATION_CONTEXT() REPRESENTATION_CONTEXT('2D SPACE',''
  ) );
#5165 = ADVANCED_FACE('',(#5166),#2220,.T.);
#5166 = FACE_BOUND('',#5167,.T.);
#5167 = EDGE_LOOP('',(#5168,#5169,#5190,#5191));
#5168 = ORIENTED_EDGE('',*,*,#5145,.F.);
#5169 = ORIENTED_EDGE('',*,*,#5170,.T.);
#5170 = EDGE_CURVE('',#5121,#5072,#5171,.T.);
#5171 = SURFACE_CURVE('',#5172,(#5176,#5183),.PCURVE_S1.);
#5172 = LINE('',#5173,#5174);
#5173 = CARTESIAN_POINT('',(6.338156986041,10.42800992617,-4.2));
#5174 = VECTOR('',#5175,1.);
#5175 = DIRECTION('',(0.5,0.866025403784,0.));
#5176 = PCURVE('',#2220,#5177);
#5177 = DEFINITIONAL_REPRESENTATION('',(#5178),#5182);
#5178 = LINE('',#5179,#5180);
#5179 = CARTESIAN_POINT('',(0.,0.));
#5180 = VECTOR('',#5181,1.);
#5181 = DIRECTION('',(0.,-1.));
#5182 = ( GEOMETRIC_REPRESENTATION_CONTEXT(2) 
PARAMETRIC_REPRESENTATION_CONTEXT() REPRESENTATION_CONTEXT('2D SPACE',''
  ) );
#5183 = PCURVE('',#5034,#5184);
#5184 = DEFINITIONAL_REPRESENTATION('',(#5185),#5189);
#5185 = LINE('',#5186,#5187);
#5186 = CARTESIAN_POINT('',(0.55,0.));
#5187 = VECTOR('',#5188,1.);
#5188 = DIRECTION('',(0.,1.));
#5189 = ( GEOMETRIC_REPRESENTATION_CONTEXT(2) 
PARAMETRIC_REPRESENTATION_CONTEXT() REPRESENTATION_CONTEXT('2D SPACE',''
  ) );
#5190 = ORIENTED_EDGE('',*,*,#5096,.T.);
#5191 = ORIENTED_EDGE('',*,*,#2204,.F.);
#5192 = ADVANCED_FACE('',(#5193),#2285,.T.);
#5193 = FACE_BOUND('',#5194,.F.);
#5194 = EDGE_LOOP('',(#5195,#5218,#5219,#5220));
#5195 = ORIENTED_EDGE('',*,*,#5196,.T.);
#5196 = EDGE_CURVE('',#5197,#2269,#5199,.T.);
#5197 = VERTEX_POINT('',#5198);
#5198 = CARTESIAN_POINT('',(16.3,0.,-4.05));
#5199 = SEAM_CURVE('',#5200,(#5204,#5211),.PCURVE_S1.);
#5200 = LINE('',#5201,#5202);
#5201 = CARTESIAN_POINT('',(16.3,0.,-4.05));
#5202 = VECTOR('',#5203,1.);
#5203 = DIRECTION('',(0.,0.,1.));
#5204 = PCURVE('',#2285,#5205);
#5205 = DEFINITIONAL_REPRESENTATION('',(#5206),#5210);
#5206 = LINE('',#5207,#5208);
#5207 = CARTESIAN_POINT('',(-0.,0.));
#5208 = VECTOR('',#5209,1.);
#5209 = DIRECTION('',(-0.,-1.));
#5210 = ( GEOMETRIC_REPRESENTATION_CONTEXT(2) 
PARAMETRIC_REPRESENTATION_CONTEXT() REPRESENTATION_CONTEXT('2D SPACE',''
  ) );
#5211 = PCURVE('',#2285,#5212);
#5212 = DEFINITIONAL_REPRESENTATION('',(#5213),#5217);
#5213 = LINE('',#5214,#5215);
#5214 = CARTESIAN_POINT('',(-6.28318530718,0.));
#5215 = VECTOR('',#5216,1.);
#5216 = DIRECTION('',(-0.,-1.));
#5217 = ( GEOMETRIC_REPRESENTATION_CONTEXT(2) 
PARAMETRIC_REPRESENTATION_CONTEXT() REPRESENTATION_CONTEXT('2D SPACE',''
  ) );
#5218 = ORIENTED_EDGE('',*,*,#2268,.T.);
#5219 = ORIENTED_EDGE('',*,*,#5196,.F.);
#5220 = ORIENTED_EDGE('',*,*,#5221,.F.);
#5221 = EDGE_CURVE('',#5197,#5197,#5222,.T.);
#5222 = SURFACE_CURVE('',#5223,(#5228,#5235),.PCURVE_S1.);
#5223 = CIRCLE('',#5224,16.3);
#5224 = AXIS2_PLACEMENT_3D('',#5225,#5226,#5227);
#5225 = CARTESIAN_POINT('',(0.,0.,-4.05));
#5226 = DIRECTION('',(0.,0.,1.));
#5227 = DIRECTION('',(1.,0.,0.));
#5228 = PCURVE('',#2285,#5229);
#5229 = DEFINITIONAL_REPRESENTATION('',(#5230),#5234);
#5230 = LINE('',#5231,#5232);
#5231 = CARTESIAN_POINT('',(-0.,0.));
#5232 = VECTOR('',#5233,1.);
#5233 = DIRECTION('',(-1.,0.));
#5234 = ( GEOMETRIC_REPRESENTATION_CONTEXT(2) 
PARAMETRIC_REPRESENTATION_CONTEXT() REPRESENTATION_CONTEXT('2D SPACE',''
  ) );
#5235 = PCURVE('',#5236,#5241);
#5236 = PLANE('',#5237);
#5237 = AXIS2_PLACEMENT_3D('',#5238,#5239,#5240);
#5238 = CARTESIAN_POINT('',(-6.251154891609E-16,5.358536788191E-16,-4.05
    ));
#5239 = DIRECTION('',(0.,0.,1.));
#5240 = DIRECTION('',(1.,0.,0.));
#5241 = DEFINITIONAL_REPRESENTATION('',(#5242),#5246);
#5242 = CIRCLE('',#5243,16.3);
#5243 = AXIS2_PLACEMENT_2D('',#5244,#5245);
#5244 = CARTESIAN_POINT('',(6.251154891609E-16,-5.358536788191E-16));
#5245 = DIRECTION('',(1.,0.));
#5246 = ( GEOMETRIC_REPRESENTATION_CONTEXT(2) 
PARAMETRIC_REPRESENTATION_CONTEXT() REPRESENTATION_CONTEXT('2D SPACE',''
  ) );
#5247 = ADVANCED_FACE('',(#5248,#5279),#2365,.F.);
#5248 = FACE_BOUND('',#5249,.F.);
#5249 = EDGE_LOOP('',(#5250));
#5250 = ORIENTED_EDGE('',*,*,#5251,.T.);
#5251 = EDGE_CURVE('',#5252,#5252,#5254,.T.);
#5252 = VERTEX_POINT('',#5253);
#5253 = CARTESIAN_POINT('',(15.,0.,-4.01));
#5254 = SURFACE_CURVE('',#5255,(#5260,#5267),.PCURVE_S1.);
#5255 = CIRCLE('',#5256,15.);
#5256 = AXIS2_PLACEMENT_3D('',#5257,#5258,#5259);
#5257 = CARTESIAN_POINT('',(0.,0.,-4.01));
#5258 = DIRECTION('',(0.,0.,1.));
#5259 = DIRECTION('',(1.,0.,0.));
#5260 = PCURVE('',#2365,#5261);
#5261 = DEFINITIONAL_REPRESENTATION('',(#5262),#5266);
#5262 = CIRCLE('',#5263,15.);
#5263 = AXIS2_PLACEMENT_2D('',#5264,#5265);
#5264 = CARTESIAN_POINT('',(7.29301404021E-16,-1.169780044473E-16));
#5265 = DIRECTION('',(1.,0.));
#5266 = ( GEOMETRIC_REPRESENTATION_CONTEXT(2) 
PARAMETRIC_REPRESENTATION_CONTEXT() REPRESENTATION_CONTEXT('2D SPACE',''
  ) );
#5267 = PCURVE('',#5268,#5273);
#5268 = CYLINDRICAL_SURFACE('',#5269,15.);
#5269 = AXIS2_PLACEMENT_3D('',#5270,#5271,#5272);
#5270 = CARTESIAN_POINT('',(0.,0.,-4.05));
#5271 = DIRECTION('',(-0.,-0.,-1.));
#5272 = DIRECTION('',(1.,0.,0.));
#5273 = DEFINITIONAL_REPRESENTATION('',(#5274),#5278);
#5274 = LINE('',#5275,#5276);
#5275 = CARTESIAN_POINT('',(-0.,-4.E-02));
#5276 = VECTOR('',#5277,1.);
#5277 = DIRECTION('',(-1.,0.));
#5278 = ( GEOMETRIC_REPRESENTATION_CONTEXT(2) 
PARAMETRIC_REPRESENTATION_CONTEXT() REPRESENTATION_CONTEXT('2D SPACE',''
  ) );
#5279 = FACE_BOUND('',#5280,.F.);
#5280 = EDGE_LOOP('',(#5281));
#5281 = ORIENTED_EDGE('',*,*,#2350,.F.);
#5282 = ADVANCED_FACE('',(#5283),#2421,.F.);
#5283 = FACE_BOUND('',#5284,.F.);
#5284 = EDGE_LOOP('',(#5285,#5286,#5287,#5288));
#5285 = ORIENTED_EDGE('',*,*,#2405,.F.);
#5286 = ORIENTED_EDGE('',*,*,#2507,.T.);
#5287 = ORIENTED_EDGE('',*,*,#2557,.T.);
#5288 = ORIENTED_EDGE('',*,*,#2458,.F.);
#5289 = ADVANCED_FACE('',(#5290),#2622,.F.);
#5290 = FACE_BOUND('',#5291,.F.);
#5291 = EDGE_LOOP('',(#5292,#5293,#5294,#5295));
#5292 = ORIENTED_EDGE('',*,*,#2606,.F.);
#5293 = ORIENTED_EDGE('',*,*,#2708,.T.);
#5294 = ORIENTED_EDGE('',*,*,#2758,.T.);
#5295 = ORIENTED_EDGE('',*,*,#2659,.F.);
#5296 = ADVANCED_FACE('',(#5297),#2823,.F.);
#5297 = FACE_BOUND('',#5298,.F.);
#5298 = EDGE_LOOP('',(#5299,#5300,#5301,#5302));
#5299 = ORIENTED_EDGE('',*,*,#2807,.F.);
#5300 = ORIENTED_EDGE('',*,*,#2860,.T.);
#5301 = ORIENTED_EDGE('',*,*,#2910,.T.);
#5302 = ORIENTED_EDGE('',*,*,#2958,.F.);
#5303 = ADVANCED_FACE('',(#5304),#3024,.F.);
#5304 = FACE_BOUND('',#5305,.F.);
#5305 = EDGE_LOOP('',(#5306,#5307,#5308,#5309));
#5306 = ORIENTED_EDGE('',*,*,#3008,.F.);
#5307 = ORIENTED_EDGE('',*,*,#3110,.T.);
#5308 = ORIENTED_EDGE('',*,*,#3160,.T.);
#5309 = ORIENTED_EDGE('',*,*,#3061,.F.);
#5310 = ADVANCED_FACE('',(#5311),#3225,.F.);
#5311 = FACE_BOUND('',#5312,.F.);
#5312 = EDGE_LOOP('',(#5313,#5314,#5315,#5316));
#5313 = ORIENTED_EDGE('',*,*,#3209,.F.);
#5314 = ORIENTED_EDGE('',*,*,#3311,.T.);
#5315 = ORIENTED_EDGE('',*,*,#3361,.T.);
#5316 = ORIENTED_EDGE('',*,*,#3262,.F.);
#5317 = ADVANCED_FACE('',(#5318),#3426,.F.);
#5318 = FACE_BOUND('',#5319,.F.);
#5319 = EDGE_LOOP('',(#5320,#5321,#5322,#5323));
#5320 = ORIENTED_EDGE('',*,*,#3410,.F.);
#5321 = ORIENTED_EDGE('',*,*,#3512,.T.);
#5322 = ORIENTED_EDGE('',*,*,#3562,.T.);
#5323 = ORIENTED_EDGE('',*,*,#3463,.F.);
#5324 = ADVANCED_FACE('',(#5325),#3627,.F.);
#5325 = FACE_BOUND('',#5326,.F.);
#5326 = EDGE_LOOP('',(#5327,#5328,#5329,#5330));
#5327 = ORIENTED_EDGE('',*,*,#3611,.F.);
#5328 = ORIENTED_EDGE('',*,*,#3713,.T.);
#5329 = ORIENTED_EDGE('',*,*,#3763,.T.);
#5330 = ORIENTED_EDGE('',*,*,#3664,.F.);
#5331 = ADVANCED_FACE('',(#5332),#3828,.F.);
#5332 = FACE_BOUND('',#5333,.F.);
#5333 = EDGE_LOOP('',(#5334,#5335,#5336,#5337));
#5334 = ORIENTED_EDGE('',*,*,#3812,.F.);
#5335 = ORIENTED_EDGE('',*,*,#3914,.T.);
#5336 = ORIENTED_EDGE('',*,*,#3964,.T.);
#5337 = ORIENTED_EDGE('',*,*,#3865,.F.);
#5338 = ADVANCED_FACE('',(#5339),#4029,.F.);
#5339 = FACE_BOUND('',#5340,.F.);
#5340 = EDGE_LOOP('',(#5341,#5342,#5343,#5344));
#5341 = ORIENTED_EDGE('',*,*,#4013,.F.);
#5342 = ORIENTED_EDGE('',*,*,#4115,.T.);
#5343 = ORIENTED_EDGE('',*,*,#4165,.T.);
#5344 = ORIENTED_EDGE('',*,*,#4066,.F.);
#5345 = ADVANCED_FACE('',(#5346),#4230,.F.);
#5346 = FACE_BOUND('',#5347,.F.);
#5347 = EDGE_LOOP('',(#5348,#5349,#5350,#5351));
#5348 = ORIENTED_EDGE('',*,*,#4214,.F.);
#5349 = ORIENTED_EDGE('',*,*,#4316,.T.);
#5350 = ORIENTED_EDGE('',*,*,#4366,.T.);
#5351 = ORIENTED_EDGE('',*,*,#4267,.F.);
#5352 = ADVANCED_FACE('',(#5353),#4431,.F.);
#5353 = FACE_BOUND('',#5354,.F.);
#5354 = EDGE_LOOP('',(#5355,#5356,#5357,#5358));
#5355 = ORIENTED_EDGE('',*,*,#4415,.F.);
#5356 = ORIENTED_EDGE('',*,*,#4517,.T.);
#5357 = ORIENTED_EDGE('',*,*,#4567,.T.);
#5358 = ORIENTED_EDGE('',*,*,#4468,.F.);
#5359 = ADVANCED_FACE('',(#5360),#4632,.F.);
#5360 = FACE_BOUND('',#5361,.F.);
#5361 = EDGE_LOOP('',(#5362,#5363,#5364,#5365));
#5362 = ORIENTED_EDGE('',*,*,#4616,.F.);
#5363 = ORIENTED_EDGE('',*,*,#4718,.T.);
#5364 = ORIENTED_EDGE('',*,*,#4768,.T.);
#5365 = ORIENTED_EDGE('',*,*,#4669,.F.);
#5366 = ADVANCED_FACE('',(#5367),#4833,.F.);
#5367 = FACE_BOUND('',#5368,.F.);
#5368 = EDGE_LOOP('',(#5369,#5370,#5371,#5372));
#5369 = ORIENTED_EDGE('',*,*,#4817,.F.);
#5370 = ORIENTED_EDGE('',*,*,#4919,.T.);
#5371 = ORIENTED_EDGE('',*,*,#4969,.T.);
#5372 = ORIENTED_EDGE('',*,*,#4870,.F.);
#5373 = ADVANCED_FACE('',(#5374),#5034,.F.);
#5374 = FACE_BOUND('',#5375,.F.);
#5375 = EDGE_LOOP('',(#5376,#5377,#5378,#5379));
#5376 = ORIENTED_EDGE('',*,*,#5018,.F.);
#5377 = ORIENTED_EDGE('',*,*,#5120,.T.);
#5378 = ORIENTED_EDGE('',*,*,#5170,.T.);
#5379 = ORIENTED_EDGE('',*,*,#5071,.F.);
#5380 = ADVANCED_FACE('',(#5381,#5384),#5236,.F.);
#5381 = FACE_BOUND('',#5382,.F.);
#5382 = EDGE_LOOP('',(#5383));
#5383 = ORIENTED_EDGE('',*,*,#5221,.T.);
#5384 = FACE_BOUND('',#5385,.F.);
#5385 = EDGE_LOOP('',(#5386));
#5386 = ORIENTED_EDGE('',*,*,#5387,.F.);
#5387 = EDGE_CURVE('',#5388,#5388,#5390,.T.);
#5388 = VERTEX_POINT('',#5389);
#5389 = CARTESIAN_POINT('',(15.,0.,-4.05));
#5390 = SURFACE_CURVE('',#5391,(#5396,#5403),.PCURVE_S1.);
#5391 = CIRCLE('',#5392,15.);
#5392 = AXIS2_PLACEMENT_3D('',#5393,#5394,#5395);
#5393 = CARTESIAN_POINT('',(0.,0.,-4.05));
#5394 = DIRECTION('',(0.,0.,1.));
#5395 = DIRECTION('',(1.,0.,0.));
#5396 = PCURVE('',#5236,#5397);
#5397 = DEFINITIONAL_REPRESENTATION('',(#5398),#5402);
#5398 = CIRCLE('',#5399,15.);
#5399 = AXIS2_PLACEMENT_2D('',#5400,#5401);
#5400 = CARTESIAN_POINT('',(6.251154891609E-16,-5.358536788191E-16));
#5401 = DIRECTION('',(1.,0.));
#5402 = ( GEOMETRIC_REPRESENTATION_CONTEXT(2) 
PARAMETRIC_REPRESENTATION_CONTEXT() REPRESENTATION_CONTEXT('2D SPACE',''
  ) );
#5403 = PCURVE('',#5268,#5404);
#5404 = DEFINITIONAL_REPRESENTATION('',(#5405),#5409);
#5405 = LINE('',#5406,#5407);
#5406 = CARTESIAN_POINT('',(-0.,0.));
#5407 = VECTOR('',#5408,1.);
#5408 = DIRECTION('',(-1.,0.));
#5409 = ( GEOMETRIC_REPRESENTATION_CONTEXT(2) 
PARAMETRIC_REPRESENTATION_CONTEXT() REPRESENTATION_CONTEXT('2D SPACE',''
  ) );
#5410 = ADVANCED_FACE('',(#5411),#5268,.F.);
#5411 = FACE_BOUND('',#5412,.T.);
#5412 = EDGE_LOOP('',(#5413,#5434,#5435,#5436));
#5413 = ORIENTED_EDGE('',*,*,#5414,.T.);
#5414 = EDGE_CURVE('',#5388,#5252,#5415,.T.);
#5415 = SEAM_CURVE('',#5416,(#5420,#5427),.PCURVE_S1.);
#5416 = LINE('',#5417,#5418);
#5417 = CARTESIAN_POINT('',(15.,0.,-4.05));
#5418 = VECTOR('',#5419,1.);
#5419 = DIRECTION('',(0.,0.,1.));
#5420 = PCURVE('',#5268,#5421);
#5421 = DEFINITIONAL_REPRESENTATION('',(#5422),#5426);
#5422 = LINE('',#5423,#5424);
#5423 = CARTESIAN_POINT('',(-0.,0.));
#5424 = VECTOR('',#5425,1.);
#5425 = DIRECTION('',(-0.,-1.));
#5426 = ( GEOMETRIC_REPRESENTATION_CONTEXT(2) 
PARAMETRIC_REPRESENTATION_CONTEXT() REPRESENTATION_CONTEXT('2D SPACE',''
  ) );
#5427 = PCURVE('',#5268,#5428);
#5428 = DEFINITIONAL_REPRESENTATION('',(#5429),#5433);
#5429 = LINE('',#5430,#5431);
#5430 = CARTESIAN_POINT('',(-6.28318530718,0.));
#5431 = VECTOR('',#5432,1.);
#5432 = DIRECTION('',(-0.,-1.));
#5433 = ( GEOMETRIC_REPRESENTATION_CONTEXT(2) 
PARAMETRIC_REPRESENTATION_CONTEXT() REPRESENTATION_CONTEXT('2D SPACE',''
  ) );
#5434 = ORIENTED_EDGE('',*,*,#5251,.T.);
#5435 = ORIENTED_EDGE('',*,*,#5414,.F.);
#5436 = ORIENTED_EDGE('',*,*,#5387,.F.);
#5437 = ( GEOMETRIC_REPRESENTATION_CONTEXT(3) 
GLOBAL_UNCERTAINTY_ASSIGNED_CONTEXT((#5441)) 
GLOBAL_UNIT_ASSIGNED_CONTEXT((#5438,#5439,#5440)) REPRESENTATION_CONTEXT
('Context #1','3D Context with UNIT and UNCERTAINTY') );
#5438 = ( LENGTH_UNIT() NAMED_UNIT(*) SI_UNIT(.MILLI.,.METRE.) );
#5439 = ( NAMED_UNIT(*) PLANE_ANGLE_UNIT() SI_UNIT($,.RADIAN.) );
#5440 = ( NAMED_UNIT(*) SI_UNIT($,.STERADIAN.) SOLID_ANGLE_UNIT() );
#5441 = UNCERTAINTY_MEASURE_WITH_UNIT(LENGTH_MEASURE(1.E-07),#5438,
  'distance_accuracy_value','confusion accuracy');
#5442 = CONTEXT_DEPENDENT_SHAPE_REPRESENTATION(#5443,#5445);
#5443 = ( REPRESENTATION_RELATIONSHIP('','',#32,#10) 
REPRESENTATION_RELATIONSHIP_WITH_TRANSFORMATION(#5444) 
SHAPE_REPRESENTATION_RELATIONSHIP() );
#5444 = ITEM_DEFINED_TRANSFORMATION('','',#11,#15);
#5445 = PRODUCT_DEFINITION_SHAPE('Placement','Placement of an item',
  #5446);
#5446 = NEXT_ASSEMBLY_USAGE_OCCURRENCE('1','=>[0:1:1:2]','',#5,#27,$);
#5447 = PRODUCT_RELATED_PRODUCT_CATEGORY('part',$,(#29));
#5448 = MECHANICAL_DESIGN_GEOMETRIC_PRESENTATION_REPRESENTATION('',(
    #5449),#5437);
#5449 = STYLED_ITEM('color',(#5450),#33);
#5450 = PRESENTATION_STYLE_ASSIGNMENT((#5451));
#5451 = SURFACE_STYLE_USAGE(.BOTH.,#5452);
#5452 = SURFACE_SIDE_STYLE('',(#5453));
#5453 = SURFACE_STYLE_FILL_AREA(#5454);
#5454 = FILL_AREA_STYLE('',(#5455));
#5455 = FILL_AREA_STYLE_COLOUR('',#5456);
#5456 = COLOUR_RGB('',0.941176459967,0.937254901616,0.917647078693);
ENDSEC;
END-ISO-10303-21;
