ISO-10303-21;
HEADER;
FILE_DESCRIPTION(('Open CASCADE Model'),'2;1');
FILE_NAME('hands','2000-01-01T00:00:00',('Author'),('Open CASCADE'),
  'Open CASCADE STEP processor 7.9','cadgen','Unknown');
FILE_SCHEMA(('AUTOMOTIVE_DESIGN { 1 0 10303 214 1 1 1 1 }'));
ENDSEC;
DATA;
#1 = APPLICATION_PROTOCOL_DEFINITION('international standard',
  'automotive_design',2000,#2);
#2 = APPLICATION_CONTEXT(
  'core data for automotive mechanical design processes');
#3 = SHAPE_DEFINITION_REPRESENTATION(#4,#10);
#4 = PRODUCT_DEFINITION_SHAPE('','',#5);
#5 = PRODUCT_DEFINITION('design','',#6,#9);
#6 = PRODUCT_DEFINITION_FORMATION('','',#7);
#7 = PRODUCT('hands','hands','',(#8));
#8 = PRODUCT_CONTEXT('',#2,'mechanical');
#9 = PRODUCT_DEFINITION_CONTEXT('part definition',#2,'design');
#10 = SHAPE_REPRESENTATION('',(#11,#15,#19,#23),#27);
#11 = AXIS2_PLACEMENT_3D('',#12,#13,#14);
#12 = CARTESIAN_POINT('',(0.,0.,0.));
#13 = DIRECTION('',(0.,0.,1.));
#14 = DIRECTION('',(1.,0.,-0.));
#15 = AXIS2_PLACEMENT_3D('',#16,#17,#18);
#16 = CARTESIAN_POINT('',(0.,0.,0.));
#17 = DIRECTION('',(0.,-0.,1.));
#18 = DIRECTION('',(0.5,0.866025403784,0.));
#19 = AXIS2_PLACEMENT_3D('',#20,#21,#22);
#20 = CARTESIAN_POINT('',(0.,0.,0.));
#21 = DIRECTION('',(-0.,0.,1.));
#22 = DIRECTION('',(0.5,-0.866025403784,0.));
#23 = AXIS2_PLACEMENT_3D('',#24,#25,#26);
#24 = CARTESIAN_POINT('',(0.,0.,0.));
#25 = DIRECTION('',(0.,0.,1.));
#26 = DIRECTION('',(1.,0.,0.));
#27 = ( GEOMETRIC_REPRESENTATION_CONTEXT(3) 
GLOBAL_UNCERTAINTY_ASSIGNED_CONTEXT((#31)) GLOBAL_UNIT_ASSIGNED_CONTEXT(
(#28,#29,#30)) REPRESENTATION_CONTEXT('Context #1',
  '3D Context with UNIT and UNCERTAINTY') );
#28 = ( LENGTH_UNIT() NAMED_UNIT(*) SI_UNIT(.MILLI.,.METRE.) );
#29 = ( NAMED_UNIT(*) PLANE_ANGLE_UNIT() SI_UNIT($,.RADIAN.) );
#30 = ( NAMED_UNIT(*) SI_UNIT($,.STERADIAN.) SOLID_ANGLE_UNIT() );
#31 = UNCERTAINTY_MEASURE_WITH_UNIT(LENGTH_MEASURE(1.E-07),#28,
  'distance_accuracy_value','confusion accuracy');
#32 = PRODUCT_RELATED_PRODUCT_CATEGORY('part',$,(#7));
#33 = SHAPE_DEFINITION_REPRESENTATION(#34,#40);
#34 = PRODUCT_DEFINITION_SHAPE('','',#35);
#35 = PRODUCT_DEFINITION('design','',#36,#39);
#36 = PRODUCT_DEFINITION_FORMATION('','',#37);
#37 = PRODUCT('part_o1.1','part_o1.1','',(#38));
#38 = PRODUCT_CONTEXT('',#2,'mechanical');
#39 = PRODUCT_DEFINITION_CONTEXT('part definition',#2,'design');
#40 = SHAPE_REPRESENTATION('',(#11,#41,#223),#865);
#41 = MANIFOLD_SOLID_BREP('',#42);
#42 = CLOSED_SHELL('',(#43,#131,#166,#196));
#43 = ADVANCED_FACE('',(#44),#57,.T.);
#44 = FACE_BOUND('',#45,.T.);
#45 = EDGE_LOOP('',(#46,#80,#103,#130));
#46 = ORIENTED_EDGE('',*,*,#47,.F.);
#47 = EDGE_CURVE('',#48,#48,#50,.T.);
#48 = VERTEX_POINT('',#49);
#49 = CARTESIAN_POINT('',(1.1,-2.694222958124E-16,8.E-02));
#50 = SURFACE_CURVE('',#51,(#56,#68),.PCURVE_S1.);
#51 = CIRCLE('',#52,1.1);
#52 = AXIS2_PLACEMENT_3D('',#53,#54,#55);
#53 = CARTESIAN_POINT('',(0.,0.,8.E-02));
#54 = DIRECTION('',(0.,0.,1.));
#55 = DIRECTION('',(1.,0.,0.));
#56 = PCURVE('',#57,#62);
#57 = CYLINDRICAL_SURFACE('',#58,1.1);
#58 = AXIS2_PLACEMENT_3D('',#59,#60,#61);
#59 = CARTESIAN_POINT('',(0.,0.,-8.E-02));
#60 = DIRECTION('',(0.,0.,1.));
#61 = DIRECTION('',(1.,0.,0.));
#62 = DEFINITIONAL_REPRESENTATION('',(#63),#67);
#63 = LINE('',#64,#65);
#64 = CARTESIAN_POINT('',(0.,0.16));
#65 = VECTOR('',#66,1.);
#66 = DIRECTION('',(1.,0.));
#67 = ( GEOMETRIC_REPRESENTATION_CONTEXT(2) 
PARAMETRIC_REPRESENTATION_CONTEXT() REPRESENTATION_CONTEXT('2D SPACE',''
  ) );
#68 = PCURVE('',#69,#74);
#69 = PLANE('',#70);
#70 = AXIS2_PLACEMENT_3D('',#71,#72,#73);
#71 = CARTESIAN_POINT('',(0.,0.,8.E-02));
#72 = DIRECTION('',(0.,0.,1.));
#73 = DIRECTION('',(1.,0.,0.));
#74 = DEFINITIONAL_REPRESENTATION('',(#75),#79);
#75 = CIRCLE('',#76,1.1);
#76 = AXIS2_PLACEMENT_2D('',#77,#78);
#77 = CARTESIAN_POINT('',(0.,0.));
#78 = DIRECTION('',(1.,0.));
#79 = ( GEOMETRIC_REPRESENTATION_CONTEXT(2) 
PARAMETRIC_REPRESENTATION_CONTEXT() REPRESENTATION_CONTEXT('2D SPACE',''
  ) );
#80 = ORIENTED_EDGE('',*,*,#81,.F.);
#81 = EDGE_CURVE('',#82,#48,#84,.T.);
#82 = VERTEX_POINT('',#83);
#83 = CARTESIAN_POINT('',(1.1,-2.694222958124E-16,-8.E-02));
#84 = SEAM_CURVE('',#85,(#89,#96),.PCURVE_S1.);
#85 = LINE('',#86,#87);
#86 = CARTESIAN_POINT('',(1.1,-2.694222958124E-16,-8.E-02));
#87 = VECTOR('',#88,1.);
#88 = DIRECTION('',(0.,0.,1.));
#89 = PCURVE('',#57,#90);
#90 = DEFINITIONAL_REPRESENTATION('',(#91),#95);
#91 = LINE('',#92,#93);
#92 = CARTESIAN_POINT('',(6.28318530718,-0.));
#93 = VECTOR('',#94,1.);
#94 = DIRECTION('',(0.,1.));
#95 = ( GEOMETRIC_REPRESENTATION_CONTEXT(2) 
PARAMETRIC_REPRESENTATION_CONTEXT() REPRESENTATION_CONTEXT('2D SPACE',''
  ) );
#96 = PCURVE('',#57,#97);
#97 = DEFINITIONAL_REPRESENTATION('',(#98),#102);
#98 = LINE('',#99,#100);
#99 = CARTESIAN_POINT('',(0.,-0.));
#100 = VECTOR('',#101,1.);
#101 = DIRECTION('',(0.,1.));
#102 = ( GEOMETRIC_REPRESENTATION_CONTEXT(2) 
PARAMETRIC_REPRESENTATION_CONTEXT() REPRESENTATION_CONTEXT('2D SPACE',''
  ) );
#103 = ORIENTED_EDGE('',*,*,#104,.T.);
#104 = EDGE_CURVE('',#82,#82,#105,.T.);
#105 = SURFACE_CURVE('',#106,(#111,#118),.PCURVE_S1.);
#106 = CIRCLE('',#107,1.1);
#107 = AXIS2_PLACEMENT_3D('',#108,#109,#110);
#108 = CARTESIAN_POINT('',(0.,0.,-8.E-02));
#109 = DIRECTION('',(0.,0.,1.));
#110 = DIRECTION('',(1.,0.,0.));
#111 = PCURVE('',#57,#112);
#112 = DEFINITIONAL_REPRESENTATION('',(#113),#117);
#113 = LINE('',#114,#115);
#114 = CARTESIAN_POINT('',(0.,0.));
#115 = VECTOR('',#116,1.);
#116 = DIRECTION('',(1.,0.));
#117 = ( GEOMETRIC_REPRESENTATION_CONTEXT(2) 
PARAMETRIC_REPRESENTATION_CONTEXT() REPRESENTATION_CONTEXT('2D SPACE',''
  ) );
#118 = PCURVE('',#119,#124);
#119 = PLANE('',#120);
#120 = AXIS2_PLACEMENT_3D('',#121,#122,#123);
#121 = CARTESIAN_POINT('',(0.,0.,-8.E-02));
#122 = DIRECTION('',(0.,0.,1.));
#123 = DIRECTION('',(1.,0.,0.));
#124 = DEFINITIONAL_REPRESENTATION('',(#125),#129);
#125 = CIRCLE('',#126,1.1);
#126 = AXIS2_PLACEMENT_2D('',#127,#128);
#127 = CARTESIAN_POINT('',(0.,0.));
#128 = DIRECTION('',(1.,0.));
#129 = ( GEOMETRIC_REPRESENTATION_CONTEXT(2) 
PARAMETRIC_REPRESENTATION_CONTEXT() REPRESENTATION_CONTEXT('2D SPACE',''
  ) );
#130 = ORIENTED_EDGE('',*,*,#81,.T.);
#131 = ADVANCED_FACE('',(#132,#135),#69,.T.);
#132 = FACE_BOUND('',#133,.T.);
#133 = EDGE_LOOP('',(#134));
#134 = ORIENTED_EDGE('',*,*,#47,.T.);
#135 = FACE_BOUND('',#136,.T.);
#136 = EDGE_LOOP('',(#137));
#137 = ORIENTED_EDGE('',*,*,#138,.F.);
#138 = EDGE_CURVE('',#139,#139,#141,.T.);
#139 = VERTEX_POINT('',#140);
#140 = CARTESIAN_POINT('',(0.6,-1.469576158977E-16,8.E-02));
#141 = SURFACE_CURVE('',#142,(#147,#154),.PCURVE_S1.);
#142 = CIRCLE('',#143,0.6);
#143 = AXIS2_PLACEMENT_3D('',#144,#145,#146);
#144 = CARTESIAN_POINT('',(0.,0.,8.E-02));
#145 = DIRECTION('',(0.,0.,1.));
#146 = DIRECTION('',(1.,0.,-0.));
#147 = PCURVE('',#69,#148);
#148 = DEFINITIONAL_REPRESENTATION('',(#149),#153);
#149 = CIRCLE('',#150,0.6);
#150 = AXIS2_PLACEMENT_2D('',#151,#152);
#151 = CARTESIAN_POINT('',(0.,0.));
#152 = DIRECTION('',(1.,0.));
#153 = ( GEOMETRIC_REPRESENTATION_CONTEXT(2) 
PARAMETRIC_REPRESENTATION_CONTEXT() REPRESENTATION_CONTEXT('2D SPACE',''
  ) );
#154 = PCURVE('',#155,#160);
#155 = CYLINDRICAL_SURFACE('',#156,0.6);
#156 = AXIS2_PLACEMENT_3D('',#157,#158,#159);
#157 = CARTESIAN_POINT('',(0.,0.,-0.13));
#158 = DIRECTION('',(0.,0.,1.));
#159 = DIRECTION('',(1.,0.,0.));
#160 = DEFINITIONAL_REPRESENTATION('',(#161),#165);
#161 = LINE('',#162,#163);
#162 = CARTESIAN_POINT('',(0.,0.21));
#163 = VECTOR('',#164,1.);
#164 = DIRECTION('',(1.,0.));
#165 = ( GEOMETRIC_REPRESENTATION_CONTEXT(2) 
PARAMETRIC_REPRESENTATION_CONTEXT() REPRESENTATION_CONTEXT('2D SPACE',''
  ) );
#166 = ADVANCED_FACE('',(#167,#170),#119,.F.);
#167 = FACE_BOUND('',#168,.F.);
#168 = EDGE_LOOP('',(#169));
#169 = ORIENTED_EDGE('',*,*,#104,.T.);
#170 = FACE_BOUND('',#171,.F.);
#171 = EDGE_LOOP('',(#172));
#172 = ORIENTED_EDGE('',*,*,#173,.F.);
#173 = EDGE_CURVE('',#174,#174,#176,.T.);
#174 = VERTEX_POINT('',#175);
#175 = CARTESIAN_POINT('',(0.6,-1.469576158977E-16,-8.E-02));
#176 = SURFACE_CURVE('',#177,(#182,#189),.PCURVE_S1.);
#177 = CIRCLE('',#178,0.6);
#178 = AXIS2_PLACEMENT_3D('',#179,#180,#181);
#179 = CARTESIAN_POINT('',(0.,0.,-8.E-02));
#180 = DIRECTION('',(0.,0.,1.));
#181 = DIRECTION('',(1.,0.,-0.));
#182 = PCURVE('',#119,#183);
#183 = DEFINITIONAL_REPRESENTATION('',(#184),#188);
#184 = CIRCLE('',#185,0.6);
#185 = AXIS2_PLACEMENT_2D('',#186,#187);
#186 = CARTESIAN_POINT('',(0.,0.));
#187 = DIRECTION('',(1.,0.));
#188 = ( GEOMETRIC_REPRESENTATION_CONTEXT(2) 
PARAMETRIC_REPRESENTATION_CONTEXT() REPRESENTATION_CONTEXT('2D SPACE',''
  ) );
#189 = PCURVE('',#155,#190);
#190 = DEFINITIONAL_REPRESENTATION('',(#191),#195);
#191 = LINE('',#192,#193);
#192 = CARTESIAN_POINT('',(0.,5.E-02));
#193 = VECTOR('',#194,1.);
#194 = DIRECTION('',(1.,0.));
#195 = ( GEOMETRIC_REPRESENTATION_CONTEXT(2) 
PARAMETRIC_REPRESENTATION_CONTEXT() REPRESENTATION_CONTEXT('2D SPACE',''
  ) );
#196 = ADVANCED_FACE('',(#197),#155,.F.);
#197 = FACE_BOUND('',#198,.F.);
#198 = EDGE_LOOP('',(#199,#200,#221,#222));
#199 = ORIENTED_EDGE('',*,*,#138,.F.);
#200 = ORIENTED_EDGE('',*,*,#201,.F.);
#201 = EDGE_CURVE('',#174,#139,#202,.T.);
#202 = SEAM_CURVE('',#203,(#207,#214),.PCURVE_S1.);
#203 = LINE('',#204,#205);
#204 = CARTESIAN_POINT('',(0.6,-1.469576158977E-16,-0.13));
#205 = VECTOR('',#206,1.);
#206 = DIRECTION('',(0.,0.,1.));
#207 = PCURVE('',#155,#208);
#208 = DEFINITIONAL_REPRESENTATION('',(#209),#213);
#209 = LINE('',#210,#211);
#210 = CARTESIAN_POINT('',(6.28318530718,-0.));
#211 = VECTOR('',#212,1.);
#212 = DIRECTION('',(0.,1.));
#213 = ( GEOMETRIC_REPRESENTATION_CONTEXT(2) 
PARAMETRIC_REPRESENTATION_CONTEXT() REPRESENTATION_CONTEXT('2D SPACE',''
  ) );
#214 = PCURVE('',#155,#215);
#215 = DEFINITIONAL_REPRESENTATION('',(#216),#220);
#216 = LINE('',#217,#218);
#217 = CARTESIAN_POINT('',(0.,-0.));
#218 = VECTOR('',#219,1.);
#219 = DIRECTION('',(0.,1.));
#220 = ( GEOMETRIC_REPRESENTATION_CONTEXT(2) 
PARAMETRIC_REPRESENTATION_CONTEXT() REPRESENTATION_CONTEXT('2D SPACE',''
  ) );
#221 = ORIENTED_EDGE('',*,*,#173,.T.);
#222 = ORIENTED_EDGE('',*,*,#201,.T.);
#223 = MANIFOLD_SOLID_BREP('',#224);
#224 = CLOSED_SHELL('',(#225,#345,#421,#497,#573,#649,#725,#796,#843,
    #854));
#225 = ADVANCED_FACE('',(#226),#240,.F.);
#226 = FACE_BOUND('',#227,.F.);
#227 = EDGE_LOOP('',(#228,#263,#291,#319));
#228 = ORIENTED_EDGE('',*,*,#229,.T.);
#229 = EDGE_CURVE('',#230,#232,#234,.T.);
#230 = VERTEX_POINT('',#231);
#231 = CARTESIAN_POINT('',(0.,0.,-4.48));
#232 = VERTEX_POINT('',#233);
#233 = CARTESIAN_POINT('',(0.,0.,-4.64));
#234 = SURFACE_CURVE('',#235,(#239,#251),.PCURVE_S1.);
#235 = LINE('',#236,#237);
#236 = CARTESIAN_POINT('',(0.,0.,-4.48));
#237 = VECTOR('',#238,1.);
#238 = DIRECTION('',(0.,0.,-1.));
#239 = PCURVE('',#240,#245);
#240 = PLANE('',#241);
#241 = AXIS2_PLACEMENT_3D('',#242,#243,#244);
#242 = CARTESIAN_POINT('',(0.,0.,-4.48));
#243 = DIRECTION('',(0.971172290452,0.238378653111,0.));
#244 = DIRECTION('',(-0.238378653111,0.971172290452,0.));
#245 = DEFINITIONAL_REPRESENTATION('',(#246),#250);
#246 = LINE('',#247,#248);
#247 = CARTESIAN_POINT('',(0.,0.));
#248 = VECTOR('',#249,1.);
#249 = DIRECTION('',(0.,-1.));
#250 = ( GEOMETRIC_REPRESENTATION_CONTEXT(2) 
PARAMETRIC_REPRESENTATION_CONTEXT() REPRESENTATION_CONTEXT('2D SPACE',''
  ) );
#251 = PCURVE('',#252,#257);
#252 = PLANE('',#253);
#253 = AXIS2_PLACEMENT_3D('',#254,#255,#256);
#254 = CARTESIAN_POINT('',(0.54,2.2,-4.48));
#255 = DIRECTION('',(-0.971172290452,0.238378653111,0.));
#256 = DIRECTION('',(-0.238378653111,-0.971172290452,0.));
#257 = DEFINITIONAL_REPRESENTATION('',(#258),#262);
#258 = LINE('',#259,#260);
#259 = CARTESIAN_POINT('',(2.265303511673,0.));
#260 = VECTOR('',#261,1.);
#261 = DIRECTION('',(0.,-1.));
#262 = ( GEOMETRIC_REPRESENTATION_CONTEXT(2) 
PARAMETRIC_REPRESENTATION_CONTEXT() REPRESENTATION_CONTEXT('2D SPACE',''
  ) );
#263 = ORIENTED_EDGE('',*,*,#264,.T.);
#264 = EDGE_CURVE('',#232,#265,#267,.T.);
#265 = VERTEX_POINT('',#266);
#266 = CARTESIAN_POINT('',(-0.54,2.2,-4.64));
#267 = SURFACE_CURVE('',#268,(#272,#279),.PCURVE_S1.);
#268 = LINE('',#269,#270);
#269 = CARTESIAN_POINT('',(0.,0.,-4.64));
#270 = VECTOR('',#271,1.);
#271 = DIRECTION('',(-0.238378653111,0.971172290452,0.));
#272 = PCURVE('',#240,#273);
#273 = DEFINITIONAL_REPRESENTATION('',(#274),#278);
#274 = LINE('',#275,#276);
#275 = CARTESIAN_POINT('',(0.,-0.16));
#276 = VECTOR('',#277,1.);
#277 = DIRECTION('',(1.,0.));
#278 = ( GEOMETRIC_REPRESENTATION_CONTEXT(2) 
PARAMETRIC_REPRESENTATION_CONTEXT() REPRESENTATION_CONTEXT('2D SPACE',''
  ) );
#279 = PCURVE('',#280,#285);
#280 = PLANE('',#281);
#281 = AXIS2_PLACEMENT_3D('',#282,#283,#284);
#282 = CARTESIAN_POINT('',(2.149560973889E-17,5.096998082275,-4.64));
#283 = DIRECTION('',(0.,-0.,-1.));
#284 = DIRECTION('',(0.,-1.,0.));
#285 = DEFINITIONAL_REPRESENTATION('',(#286),#290);
#286 = LINE('',#287,#288);
#287 = CARTESIAN_POINT('',(5.096998082275,2.149560973889E-17));
#288 = VECTOR('',#289,1.);
#289 = DIRECTION('',(-0.971172290452,0.238378653111));
#290 = ( GEOMETRIC_REPRESENTATION_CONTEXT(2) 
PARAMETRIC_REPRESENTATION_CONTEXT() REPRESENTATION_CONTEXT('2D SPACE',''
  ) );
#291 = ORIENTED_EDGE('',*,*,#292,.F.);
#292 = EDGE_CURVE('',#293,#265,#295,.T.);
#293 = VERTEX_POINT('',#294);
#294 = CARTESIAN_POINT('',(-0.54,2.2,-4.48));
#295 = SURFACE_CURVE('',#296,(#300,#307),.PCURVE_S1.);
#296 = LINE('',#297,#298);
#297 = CARTESIAN_POINT('',(-0.54,2.2,-4.48));
#298 = VECTOR('',#299,1.);
#299 = DIRECTION('',(0.,0.,-1.));
#300 = PCURVE('',#240,#301);
#301 = DEFINITIONAL_REPRESENTATION('',(#302),#306);
#302 = LINE('',#303,#304);
#303 = CARTESIAN_POINT('',(2.265303511673,0.));
#304 = VECTOR('',#305,1.);
#305 = DIRECTION('',(0.,-1.));
#306 = ( GEOMETRIC_REPRESENTATION_CONTEXT(2) 
PARAMETRIC_REPRESENTATION_CONTEXT() REPRESENTATION_CONTEXT('2D SPACE',''
  ) );
#307 = PCURVE('',#308,#313);
#308 = PLANE('',#309);
#309 = AXIS2_PLACEMENT_3D('',#310,#311,#312);
#310 = CARTESIAN_POINT('',(-0.54,2.2,-4.48));
#311 = DIRECTION('',(0.999164271971,4.087490203518E-02,0.));
#312 = DIRECTION('',(-4.087490203518E-02,0.999164271971,0.));
#313 = DEFINITIONAL_REPRESENTATION('',(#314),#318);
#314 = LINE('',#315,#316);
#315 = CARTESIAN_POINT('',(0.,0.));
#316 = VECTOR('',#317,1.);
#317 = DIRECTION('',(0.,-1.));
#318 = ( GEOMETRIC_REPRESENTATION_CONTEXT(2) 
PARAMETRIC_REPRESENTATION_CONTEXT() REPRESENTATION_CONTEXT('2D SPACE',''
  ) );
#319 = ORIENTED_EDGE('',*,*,#320,.F.);
#320 = EDGE_CURVE('',#230,#293,#321,.T.);
#321 = SURFACE_CURVE('',#322,(#326,#333),.PCURVE_S1.);
#322 = LINE('',#323,#324);
#323 = CARTESIAN_POINT('',(0.,0.,-4.48));
#324 = VECTOR('',#325,1.);
#325 = DIRECTION('',(-0.238378653111,0.971172290452,0.));
#326 = PCURVE('',#240,#327);
#327 = DEFINITIONAL_REPRESENTATION('',(#328),#332);
#328 = LINE('',#329,#330);
#329 = CARTESIAN_POINT('',(0.,0.));
#330 = VECTOR('',#331,1.);
#331 = DIRECTION('',(1.,0.));
#332 = ( GEOMETRIC_REPRESENTATION_CONTEXT(2) 
PARAMETRIC_REPRESENTATION_CONTEXT() REPRESENTATION_CONTEXT('2D SPACE',''
  ) );
#333 = PCURVE('',#334,#339);
#334 = PLANE('',#335);
#335 = AXIS2_PLACEMENT_3D('',#336,#337,#338);
#336 = CARTESIAN_POINT('',(2.149560973889E-17,5.096998082275,-4.48));
#337 = DIRECTION('',(0.,-0.,-1.));
#338 = DIRECTION('',(0.,-1.,0.));
#339 = DEFINITIONAL_REPRESENTATION('',(#340),#344);
#340 = LINE('',#341,#342);
#341 = CARTESIAN_POINT('',(5.096998082275,2.149560973889E-17));
#342 = VECTOR('',#343,1.);
#343 = DIRECTION('',(-0.971172290452,0.238378653111));
#344 = ( GEOMETRIC_REPRESENTATION_CONTEXT(2) 
PARAMETRIC_REPRESENTATION_CONTEXT() REPRESENTATION_CONTEXT('2D SPACE',''
  ) );
#345 = ADVANCED_FACE('',(#346),#308,.F.);
#346 = FACE_BOUND('',#347,.F.);
#347 = EDGE_LOOP('',(#348,#349,#372,#400));
#348 = ORIENTED_EDGE('',*,*,#292,.T.);
#349 = ORIENTED_EDGE('',*,*,#350,.T.);
#350 = EDGE_CURVE('',#265,#351,#353,.T.);
#351 = VERTEX_POINT('',#352);
#352 = CARTESIAN_POINT('',(-0.675,5.5,-4.64));
#353 = SURFACE_CURVE('',#354,(#358,#365),.PCURVE_S1.);
#354 = LINE('',#355,#356);
#355 = CARTESIAN_POINT('',(-0.54,2.2,-4.64));
#356 = VECTOR('',#357,1.);
#357 = DIRECTION('',(-4.087490203518E-02,0.999164271971,0.));
#358 = PCURVE('',#308,#359);
#359 = DEFINITIONAL_REPRESENTATION('',(#360),#364);
#360 = LINE('',#361,#362);
#361 = CARTESIAN_POINT('',(0.,-0.16));
#362 = VECTOR('',#363,1.);
#363 = DIRECTION('',(1.,0.));
#364 = ( GEOMETRIC_REPRESENTATION_CONTEXT(2) 
PARAMETRIC_REPRESENTATION_CONTEXT() REPRESENTATION_CONTEXT('2D SPACE',''
  ) );
#365 = PCURVE('',#280,#366);
#366 = DEFINITIONAL_REPRESENTATION('',(#367),#371);
#367 = LINE('',#368,#369);
#368 = CARTESIAN_POINT('',(2.896998082275,0.54));
#369 = VECTOR('',#370,1.);
#370 = DIRECTION('',(-0.999164271971,4.087490203518E-02));
#371 = ( GEOMETRIC_REPRESENTATION_CONTEXT(2) 
PARAMETRIC_REPRESENTATION_CONTEXT() REPRESENTATION_CONTEXT('2D SPACE',''
  ) );
#372 = ORIENTED_EDGE('',*,*,#373,.F.);
#373 = EDGE_CURVE('',#374,#351,#376,.T.);
#374 = VERTEX_POINT('',#375);
#375 = CARTESIAN_POINT('',(-0.675,5.5,-4.48));
#376 = SURFACE_CURVE('',#377,(#381,#388),.PCURVE_S1.);
#377 = LINE('',#378,#379);
#378 = CARTESIAN_POINT('',(-0.675,5.5,-4.48));
#379 = VECTOR('',#380,1.);
#380 = DIRECTION('',(0.,0.,-1.));
#381 = PCURVE('',#308,#382);
#382 = DEFINITIONAL_REPRESENTATION('',(#383),#387);
#383 = LINE('',#384,#385);
#384 = CARTESIAN_POINT('',(3.30276020928,0.));
#385 = VECTOR('',#386,1.);
#386 = DIRECTION('',(0.,-1.));
#387 = ( GEOMETRIC_REPRESENTATION_CONTEXT(2) 
PARAMETRIC_REPRESENTATION_CONTEXT() REPRESENTATION_CONTEXT('2D SPACE',''
  ) );
#388 = PCURVE('',#389,#394);
#389 = PLANE('',#390);
#390 = AXIS2_PLACEMENT_3D('',#391,#392,#393);
#391 = CARTESIAN_POINT('',(-0.675,5.5,-4.48));
#392 = DIRECTION('',(0.997114812216,-7.590817649392E-02,0.));
#393 = DIRECTION('',(7.590817649392E-02,0.997114812216,0.));
#394 = DEFINITIONAL_REPRESENTATION('',(#395),#399);
#395 = LINE('',#396,#397);
#396 = CARTESIAN_POINT('',(0.,0.));
#397 = VECTOR('',#398,1.);
#398 = DIRECTION('',(0.,-1.));
#399 = ( GEOMETRIC_REPRESENTATION_CONTEXT(2) 
PARAMETRIC_REPRESENTATION_CONTEXT() REPRESENTATION_CONTEXT('2D SPACE',''
  ) );
#400 = ORIENTED_EDGE('',*,*,#401,.F.);
#401 = EDGE_CURVE('',#293,#374,#402,.T.);
#402 = SURFACE_CURVE('',#403,(#407,#414),.PCURVE_S1.);
#403 = LINE('',#404,#405);
#404 = CARTESIAN_POINT('',(-0.54,2.2,-4.48));
#405 = VECTOR('',#406,1.);
#406 = DIRECTION('',(-4.087490203518E-02,0.999164271971,0.));
#407 = PCURVE('',#308,#408);
#408 = DEFINITIONAL_REPRESENTATION('',(#409),#413);
#409 = LINE('',#410,#411);
#410 = CARTESIAN_POINT('',(0.,0.));
#411 = VECTOR('',#412,1.);
#412 = DIRECTION('',(1.,0.));
#413 = ( GEOMETRIC_REPRESENTATION_CONTEXT(2) 
PARAMETRIC_REPRESENTATION_CONTEXT() REPRESENTATION_CONTEXT('2D SPACE',''
  ) );
#414 = PCURVE('',#334,#415);
#415 = DEFINITIONAL_REPRESENTATION('',(#416),#420);
#416 = LINE('',#417,#418);
#417 = CARTESIAN_POINT('',(2.896998082275,0.54));
#418 = VECTOR('',#419,1.);
#419 = DIRECTION('',(-0.999164271971,4.087490203518E-02));
#420 = ( GEOMETRIC_REPRESENTATION_CONTEXT(2) 
PARAMETRIC_REPRESENTATION_CONTEXT() REPRESENTATION_CONTEXT('2D SPACE',''
  ) );
#421 = ADVANCED_FACE('',(#422),#389,.F.);
#422 = FACE_BOUND('',#423,.F.);
#423 = EDGE_LOOP('',(#424,#425,#448,#476));
#424 = ORIENTED_EDGE('',*,*,#373,.T.);
#425 = ORIENTED_EDGE('',*,*,#426,.T.);
#426 = EDGE_CURVE('',#351,#427,#429,.T.);
#427 = VERTEX_POINT('',#428);
#428 = CARTESIAN_POINT('',(-0.4725,8.16,-4.64));
#429 = SURFACE_CURVE('',#430,(#434,#441),.PCURVE_S1.);
#430 = LINE('',#431,#432);
#431 = CARTESIAN_POINT('',(-0.675,5.5,-4.64));
#432 = VECTOR('',#433,1.);
#433 = DIRECTION('',(7.590817649392E-02,0.997114812216,0.));
#434 = PCURVE('',#389,#435);
#435 = DEFINITIONAL_REPRESENTATION('',(#436),#440);
#436 = LINE('',#437,#438);
#437 = CARTESIAN_POINT('',(0.,-0.16));
#438 = VECTOR('',#439,1.);
#439 = DIRECTION('',(1.,0.));
#440 = ( GEOMETRIC_REPRESENTATION_CONTEXT(2) 
PARAMETRIC_REPRESENTATION_CONTEXT() REPRESENTATION_CONTEXT('2D SPACE',''
  ) );
#441 = PCURVE('',#280,#442);
#442 = DEFINITIONAL_REPRESENTATION('',(#443),#447);
#443 = LINE('',#444,#445);
#444 = CARTESIAN_POINT('',(-0.403001917725,0.675));
#445 = VECTOR('',#446,1.);
#446 = DIRECTION('',(-0.997114812216,-7.590817649392E-02));
#447 = ( GEOMETRIC_REPRESENTATION_CONTEXT(2) 
PARAMETRIC_REPRESENTATION_CONTEXT() REPRESENTATION_CONTEXT('2D SPACE',''
  ) );
#448 = ORIENTED_EDGE('',*,*,#449,.F.);
#449 = EDGE_CURVE('',#450,#427,#452,.T.);
#450 = VERTEX_POINT('',#451);
#451 = CARTESIAN_POINT('',(-0.4725,8.16,-4.48));
#452 = SURFACE_CURVE('',#453,(#457,#464),.PCURVE_S1.);
#453 = LINE('',#454,#455);
#454 = CARTESIAN_POINT('',(-0.4725,8.16,-4.48));
#455 = VECTOR('',#456,1.);
#456 = DIRECTION('',(0.,0.,-1.));
#457 = PCURVE('',#389,#458);
#458 = DEFINITIONAL_REPRESENTATION('',(#459),#463);
#459 = LINE('',#460,#461);
#460 = CARTESIAN_POINT('',(2.667696806236,0.));
#461 = VECTOR('',#462,1.);
#462 = DIRECTION('',(0.,-1.));
#463 = ( GEOMETRIC_REPRESENTATION_CONTEXT(2) 
PARAMETRIC_REPRESENTATION_CONTEXT() REPRESENTATION_CONTEXT('2D SPACE',''
  ) );
#464 = PCURVE('',#465,#470);
#465 = PLANE('',#466);
#466 = AXIS2_PLACEMENT_3D('',#467,#468,#469);
#467 = CARTESIAN_POINT('',(-0.4725,8.16,-4.48));
#468 = DIRECTION('',(0.974209784844,-0.225644178107,0.));
#469 = DIRECTION('',(0.225644178107,0.974209784844,0.));
#470 = DEFINITIONAL_REPRESENTATION('',(#471),#475);
#471 = LINE('',#472,#473);
#472 = CARTESIAN_POINT('',(0.,0.));
#473 = VECTOR('',#474,1.);
#474 = DIRECTION('',(0.,-1.));
#475 = ( GEOMETRIC_REPRESENTATION_CONTEXT(2) 
PARAMETRIC_REPRESENTATION_CONTEXT() REPRESENTATION_CONTEXT('2D SPACE',''
  ) );
#476 = ORIENTED_EDGE('',*,*,#477,.F.);
#477 = EDGE_CURVE('',#374,#450,#478,.T.);
#478 = SURFACE_CURVE('',#479,(#483,#490),.PCURVE_S1.);
#479 = LINE('',#480,#481);
#480 = CARTESIAN_POINT('',(-0.675,5.5,-4.48));
#481 = VECTOR('',#482,1.);
#482 = DIRECTION('',(7.590817649392E-02,0.997114812216,0.));
#483 = PCURVE('',#389,#484);
#484 = DEFINITIONAL_REPRESENTATION('',(#485),#489);
#485 = LINE('',#486,#487);
#486 = CARTESIAN_POINT('',(0.,0.));
#487 = VECTOR('',#488,1.);
#488 = DIRECTION('',(1.,0.));
#489 = ( GEOMETRIC_REPRESENTATION_CONTEXT(2) 
PARAMETRIC_REPRESENTATION_CONTEXT() REPRESENTATION_CONTEXT('2D SPACE',''
  ) );
#490 = PCURVE('',#334,#491);
#491 = DEFINITIONAL_REPRESENTATION('',(#492),#496);
#492 = LINE('',#493,#494);
#493 = CARTESIAN_POINT('',(-0.403001917725,0.675));
#494 = VECTOR('',#495,1.);
#495 = DIRECTION('',(-0.997114812216,-7.590817649392E-02));
#496 = ( GEOMETRIC_REPRESENTATION_CONTEXT(2) 
PARAMETRIC_REPRESENTATION_CONTEXT() REPRESENTATION_CONTEXT('2D SPACE',''
  ) );
#497 = ADVANCED_FACE('',(#498),#465,.F.);
#498 = FACE_BOUND('',#499,.F.);
#499 = EDGE_LOOP('',(#500,#501,#524,#552));
#500 = ORIENTED_EDGE('',*,*,#449,.T.);
#501 = ORIENTED_EDGE('',*,*,#502,.T.);
#502 = EDGE_CURVE('',#427,#503,#505,.T.);
#503 = VERTEX_POINT('',#504);
#504 = CARTESIAN_POINT('',(0.,10.2,-4.64));
#505 = SURFACE_CURVE('',#506,(#510,#517),.PCURVE_S1.);
#506 = LINE('',#507,#508);
#507 = CARTESIAN_POINT('',(-0.4725,8.16,-4.64));
#508 = VECTOR('',#509,1.);
#509 = DIRECTION('',(0.225644178107,0.974209784844,0.));
#510 = PCURVE('',#465,#511);
#511 = DEFINITIONAL_REPRESENTATION('',(#512),#516);
#512 = LINE('',#513,#514);
#513 = CARTESIAN_POINT('',(0.,-0.16));
#514 = VECTOR('',#515,1.);
#515 = DIRECTION('',(1.,0.));
#516 = ( GEOMETRIC_REPRESENTATION_CONTEXT(2) 
PARAMETRIC_REPRESENTATION_CONTEXT() REPRESENTATION_CONTEXT('2D SPACE',''
  ) );
#517 = PCURVE('',#280,#518);
#518 = DEFINITIONAL_REPRESENTATION('',(#519),#523);
#519 = LINE('',#520,#521);
#520 = CARTESIAN_POINT('',(-3.063001917725,0.4725));
#521 = VECTOR('',#522,1.);
#522 = DIRECTION('',(-0.974209784844,-0.225644178107));
#523 = ( GEOMETRIC_REPRESENTATION_CONTEXT(2) 
PARAMETRIC_REPRESENTATION_CONTEXT() REPRESENTATION_CONTEXT('2D SPACE',''
  ) );
#524 = ORIENTED_EDGE('',*,*,#525,.F.);
#525 = EDGE_CURVE('',#526,#503,#528,.T.);
#526 = VERTEX_POINT('',#527);
#527 = CARTESIAN_POINT('',(0.,10.2,-4.48));
#528 = SURFACE_CURVE('',#529,(#533,#540),.PCURVE_S1.);
#529 = LINE('',#530,#531);
#530 = CARTESIAN_POINT('',(0.,10.2,-4.48));
#531 = VECTOR('',#532,1.);
#532 = DIRECTION('',(0.,0.,-1.));
#533 = PCURVE('',#465,#534);
#534 = DEFINITIONAL_REPRESENTATION('',(#535),#539);
#535 = LINE('',#536,#537);
#536 = CARTESIAN_POINT('',(2.094004835238,0.));
#537 = VECTOR('',#538,1.);
#538 = DIRECTION('',(0.,-1.));
#539 = ( GEOMETRIC_REPRESENTATION_CONTEXT(2) 
PARAMETRIC_REPRESENTATION_CONTEXT() REPRESENTATION_CONTEXT('2D SPACE',''
  ) );
#540 = PCURVE('',#541,#546);
#541 = PLANE('',#542);
#542 = AXIS2_PLACEMENT_3D('',#543,#544,#545);
#543 = CARTESIAN_POINT('',(0.,10.2,-4.48));
#544 = DIRECTION('',(-0.974209784844,-0.225644178107,0.));
#545 = DIRECTION('',(0.225644178107,-0.974209784844,0.));
#546 = DEFINITIONAL_REPRESENTATION('',(#547),#551);
#547 = LINE('',#548,#549);
#548 = CARTESIAN_POINT('',(0.,0.));
#549 = VECTOR('',#550,1.);
#550 = DIRECTION('',(0.,-1.));
#551 = ( GEOMETRIC_REPRESENTATION_CONTEXT(2) 
PARAMETRIC_REPRESENTATION_CONTEXT() REPRESENTATION_CONTEXT('2D SPACE',''
  ) );
#552 = ORIENTED_EDGE('',*,*,#553,.F.);
#553 = EDGE_CURVE('',#450,#526,#554,.T.);
#554 = SURFACE_CURVE('',#555,(#559,#566),.PCURVE_S1.);
#555 = LINE('',#556,#557);
#556 = CARTESIAN_POINT('',(-0.4725,8.16,-4.48));
#557 = VECTOR('',#558,1.);
#558 = DIRECTION('',(0.225644178107,0.974209784844,0.));
#559 = PCURVE('',#465,#560);
#560 = DEFINITIONAL_REPRESENTATION('',(#561),#565);
#561 = LINE('',#562,#563);
#562 = CARTESIAN_POINT('',(0.,0.));
#563 = VECTOR('',#564,1.);
#564 = DIRECTION('',(1.,0.));
#565 = ( GEOMETRIC_REPRESENTATION_CONTEXT(2) 
PARAMETRIC_REPRESENTATION_CONTEXT() REPRESENTATION_CONTEXT('2D SPACE',''
  ) );
#566 = PCURVE('',#334,#567);
#567 = DEFINITIONAL_REPRESENTATION('',(#568),#572);
#568 = LINE('',#569,#570);
#569 = CARTESIAN_POINT('',(-3.063001917725,0.4725));
#570 = VECTOR('',#571,1.);
#571 = DIRECTION('',(-0.974209784844,-0.225644178107));
#572 = ( GEOMETRIC_REPRESENTATION_CONTEXT(2) 
PARAMETRIC_REPRESENTATION_CONTEXT() REPRESENTATION_CONTEXT('2D SPACE',''
  ) );
#573 = ADVANCED_FACE('',(#574),#541,.F.);
#574 = FACE_BOUND('',#575,.F.);
#575 = EDGE_LOOP('',(#576,#577,#600,#628));
#576 = ORIENTED_EDGE('',*,*,#525,.T.);
#577 = ORIENTED_EDGE('',*,*,#578,.T.);
#578 = EDGE_CURVE('',#503,#579,#581,.T.);
#579 = VERTEX_POINT('',#580);
#580 = CARTESIAN_POINT('',(0.4725,8.16,-4.64));
#581 = SURFACE_CURVE('',#582,(#586,#593),.PCURVE_S1.);
#582 = LINE('',#583,#584);
#583 = CARTESIAN_POINT('',(0.,10.2,-4.64));
#584 = VECTOR('',#585,1.);
#585 = DIRECTION('',(0.225644178107,-0.974209784844,0.));
#586 = PCURVE('',#541,#587);
#587 = DEFINITIONAL_REPRESENTATION('',(#588),#592);
#588 = LINE('',#589,#590);
#589 = CARTESIAN_POINT('',(-0.,-0.16));
#590 = VECTOR('',#591,1.);
#591 = DIRECTION('',(1.,0.));
#592 = ( GEOMETRIC_REPRESENTATION_CONTEXT(2) 
PARAMETRIC_REPRESENTATION_CONTEXT() REPRESENTATION_CONTEXT('2D SPACE',''
  ) );
#593 = PCURVE('',#280,#594);
#594 = DEFINITIONAL_REPRESENTATION('',(#595),#599);
#595 = LINE('',#596,#597);
#596 = CARTESIAN_POINT('',(-5.103001917725,2.149560973889E-17));
#597 = VECTOR('',#598,1.);
#598 = DIRECTION('',(0.974209784844,-0.225644178107));
#599 = ( GEOMETRIC_REPRESENTATION_CONTEXT(2) 
PARAMETRIC_REPRESENTATION_CONTEXT() REPRESENTATION_CONTEXT('2D SPACE',''
  ) );
#600 = ORIENTED_EDGE('',*,*,#601,.F.);
#601 = EDGE_CURVE('',#602,#579,#604,.T.);
#602 = VERTEX_POINT('',#603);
#603 = CARTESIAN_POINT('',(0.4725,8.16,-4.48));
#604 = SURFACE_CURVE('',#605,(#609,#616),.PCURVE_S1.);
#605 = LINE('',#606,#607);
#606 = CARTESIAN_POINT('',(0.4725,8.16,-4.48));
#607 = VECTOR('',#608,1.);
#608 = DIRECTION('',(0.,0.,-1.));
#609 = PCURVE('',#541,#610);
#610 = DEFINITIONAL_REPRESENTATION('',(#611),#615);
#611 = LINE('',#612,#613);
#612 = CARTESIAN_POINT('',(2.094004835238,0.));
#613 = VECTOR('',#614,1.);
#614 = DIRECTION('',(0.,-1.));
#615 = ( GEOMETRIC_REPRESENTATION_CONTEXT(2) 
PARAMETRIC_REPRESENTATION_CONTEXT() REPRESENTATION_CONTEXT('2D SPACE',''
  ) );
#616 = PCURVE('',#617,#622);
#617 = PLANE('',#618);
#618 = AXIS2_PLACEMENT_3D('',#619,#620,#621);
#619 = CARTESIAN_POINT('',(0.4725,8.16,-4.48));
#620 = DIRECTION('',(-0.997114812216,-7.590817649392E-02,0.));
#621 = DIRECTION('',(7.590817649392E-02,-0.997114812216,0.));
#622 = DEFINITIONAL_REPRESENTATION('',(#623),#627);
#623 = LINE('',#624,#625);
#624 = CARTESIAN_POINT('',(0.,0.));
#625 = VECTOR('',#626,1.);
#626 = DIRECTION('',(0.,-1.));
#627 = ( GEOMETRIC_REPRESENTATION_CONTEXT(2) 
PARAMETRIC_REPRESENTATION_CONTEXT() REPRESENTATION_CONTEXT('2D SPACE',''
  ) );
#628 = ORIENTED_EDGE('',*,*,#629,.F.);
#629 = EDGE_CURVE('',#526,#602,#630,.T.);
#630 = SURFACE_CURVE('',#631,(#635,#642),.PCURVE_S1.);
#631 = LINE('',#632,#633);
#632 = CARTESIAN_POINT('',(0.,10.2,-4.48));
#633 = VECTOR('',#634,1.);
#634 = DIRECTION('',(0.225644178107,-0.974209784844,0.));
#635 = PCURVE('',#541,#636);
#636 = DEFINITIONAL_REPRESENTATION('',(#637),#641);
#637 = LINE('',#638,#639);
#638 = CARTESIAN_POINT('',(0.,0.));
#639 = VECTOR('',#640,1.);
#640 = DIRECTION('',(1.,0.));
#641 = ( GEOMETRIC_REPRESENTATION_CONTEXT(2) 
PARAMETRIC_REPRESENTATION_CONTEXT() REPRESENTATION_CONTEXT('2D SPACE',''
  ) );
#642 = PCURVE('',#334,#643);
#643 = DEFINITIONAL_REPRESENTATION('',(#644),#648);
#644 = LINE('',#645,#646);
#645 = CARTESIAN_POINT('',(-5.103001917725,2.149560973889E-17));
#646 = VECTOR('',#647,1.);
#647 = DIRECTION('',(0.974209784844,-0.225644178107));
#648 = ( GEOMETRIC_REPRESENTATION_CONTEXT(2) 
PARAMETRIC_REPRESENTATION_CONTEXT() REPRESENTATION_CONTEXT('2D SPACE',''
  ) );
#649 = ADVANCED_FACE('',(#650),#617,.F.);
#650 = FACE_BOUND('',#651,.F.);
#651 = EDGE_LOOP('',(#652,#653,#676,#704));
#652 = ORIENTED_EDGE('',*,*,#601,.T.);
#653 = ORIENTED_EDGE('',*,*,#654,.T.);
#654 = EDGE_CURVE('',#579,#655,#657,.T.);
#655 = VERTEX_POINT('',#656);
#656 = CARTESIAN_POINT('',(0.675,5.5,-4.64));
#657 = SURFACE_CURVE('',#658,(#662,#669),.PCURVE_S1.);
#658 = LINE('',#659,#660);
#659 = CARTESIAN_POINT('',(0.4725,8.16,-4.64));
#660 = VECTOR('',#661,1.);
#661 = DIRECTION('',(7.590817649392E-02,-0.997114812216,0.));
#662 = PCURVE('',#617,#663);
#663 = DEFINITIONAL_REPRESENTATION('',(#664),#668);
#664 = LINE('',#665,#666);
#665 = CARTESIAN_POINT('',(-0.,-0.16));
#666 = VECTOR('',#667,1.);
#667 = DIRECTION('',(1.,0.));
#668 = ( GEOMETRIC_REPRESENTATION_CONTEXT(2) 
PARAMETRIC_REPRESENTATION_CONTEXT() REPRESENTATION_CONTEXT('2D SPACE',''
  ) );
#669 = PCURVE('',#280,#670);
#670 = DEFINITIONAL_REPRESENTATION('',(#671),#675);
#671 = LINE('',#672,#673);
#672 = CARTESIAN_POINT('',(-3.063001917725,-0.4725));
#673 = VECTOR('',#674,1.);
#674 = DIRECTION('',(0.997114812216,-7.590817649392E-02));
#675 = ( GEOMETRIC_REPRESENTATION_CONTEXT(2) 
PARAMETRIC_REPRESENTATION_CONTEXT() REPRESENTATION_CONTEXT('2D SPACE',''
  ) );
#676 = ORIENTED_EDGE('',*,*,#677,.F.);
#677 = EDGE_CURVE('',#678,#655,#680,.T.);
#678 = VERTEX_POINT('',#679);
#679 = CARTESIAN_POINT('',(0.675,5.5,-4.48));
#680 = SURFACE_CURVE('',#681,(#685,#692),.PCURVE_S1.);
#681 = LINE('',#682,#683);
#682 = CARTESIAN_POINT('',(0.675,5.5,-4.48));
#683 = VECTOR('',#684,1.);
#684 = DIRECTION('',(0.,0.,-1.));
#685 = PCURVE('',#617,#686);
#686 = DEFINITIONAL_REPRESENTATION('',(#687),#691);
#687 = LINE('',#688,#689);
#688 = CARTESIAN_POINT('',(2.667696806236,0.));
#689 = VECTOR('',#690,1.);
#690 = DIRECTION('',(0.,-1.));
#691 = ( GEOMETRIC_REPRESENTATION_CONTEXT(2) 
PARAMETRIC_REPRESENTATION_CONTEXT() REPRESENTATION_CONTEXT('2D SPACE',''
  ) );
#692 = PCURVE('',#693,#698);
#693 = PLANE('',#694);
#694 = AXIS2_PLACEMENT_3D('',#695,#696,#697);
#695 = CARTESIAN_POINT('',(0.675,5.5,-4.48));
#696 = DIRECTION('',(-0.999164271971,4.087490203518E-02,0.));
#697 = DIRECTION('',(-4.087490203518E-02,-0.999164271971,0.));
#698 = DEFINITIONAL_REPRESENTATION('',(#699),#703);
#699 = LINE('',#700,#701);
#700 = CARTESIAN_POINT('',(0.,0.));
#701 = VECTOR('',#702,1.);
#702 = DIRECTION('',(0.,-1.));
#703 = ( GEOMETRIC_REPRESENTATION_CONTEXT(2) 
PARAMETRIC_REPRESENTATION_CONTEXT() REPRESENTATION_CONTEXT('2D SPACE',''
  ) );
#704 = ORIENTED_EDGE('',*,*,#705,.F.);
#705 = EDGE_CURVE('',#602,#678,#706,.T.);
#706 = SURFACE_CURVE('',#707,(#711,#718),.PCURVE_S1.);
#707 = LINE('',#708,#709);
#708 = CARTESIAN_POINT('',(0.4725,8.16,-4.48));
#709 = VECTOR('',#710,1.);
#710 = DIRECTION('',(7.590817649392E-02,-0.997114812216,0.));
#711 = PCURVE('',#617,#712);
#712 = DEFINITIONAL_REPRESENTATION('',(#713),#717);
#713 = LINE('',#714,#715);
#714 = CARTESIAN_POINT('',(0.,0.));
#715 = VECTOR('',#716,1.);
#716 = DIRECTION('',(1.,0.));
#717 = ( GEOMETRIC_REPRESENTATION_CONTEXT(2) 
PARAMETRIC_REPRESENTATION_CONTEXT() REPRESENTATION_CONTEXT('2D SPACE',''
  ) );
#718 = PCURVE('',#334,#719);
#719 = DEFINITIONAL_REPRESENTATION('',(#720),#724);
#720 = LINE('',#721,#722);
#721 = CARTESIAN_POINT('',(-3.063001917725,-0.4725));
#722 = VECTOR('',#723,1.);
#723 = DIRECTION('',(0.997114812216,-7.590817649392E-02));
#724 = ( GEOMETRIC_REPRESENTATION_CONTEXT(2) 
PARAMETRIC_REPRESENTATION_CONTEXT() REPRESENTATION_CONTEXT('2D SPACE',''
  ) );
#725 = ADVANCED_FACE('',(#726),#693,.F.);
#726 = FACE_BOUND('',#727,.F.);
#727 = EDGE_LOOP('',(#728,#729,#752,#775));
#728 = ORIENTED_EDGE('',*,*,#677,.T.);
#729 = ORIENTED_EDGE('',*,*,#730,.T.);
#730 = EDGE_CURVE('',#655,#731,#733,.T.);
#731 = VERTEX_POINT('',#732);
#732 = CARTESIAN_POINT('',(0.54,2.2,-4.64));
#733 = SURFACE_CURVE('',#734,(#738,#745),.PCURVE_S1.);
#734 = LINE('',#735,#736);
#735 = CARTESIAN_POINT('',(0.675,5.5,-4.64));
#736 = VECTOR('',#737,1.);
#737 = DIRECTION('',(-4.087490203518E-02,-0.999164271971,0.));
#738 = PCURVE('',#693,#739);
#739 = DEFINITIONAL_REPRESENTATION('',(#740),#744);
#740 = LINE('',#741,#742);
#741 = CARTESIAN_POINT('',(0.,-0.16));
#742 = VECTOR('',#743,1.);
#743 = DIRECTION('',(1.,0.));
#744 = ( GEOMETRIC_REPRESENTATION_CONTEXT(2) 
PARAMETRIC_REPRESENTATION_CONTEXT() REPRESENTATION_CONTEXT('2D SPACE',''
  ) );
#745 = PCURVE('',#280,#746);
#746 = DEFINITIONAL_REPRESENTATION('',(#747),#751);
#747 = LINE('',#748,#749);
#748 = CARTESIAN_POINT('',(-0.403001917725,-0.675));
#749 = VECTOR('',#750,1.);
#750 = DIRECTION('',(0.999164271971,4.087490203518E-02));
#751 = ( GEOMETRIC_REPRESENTATION_CONTEXT(2) 
PARAMETRIC_REPRESENTATION_CONTEXT() REPRESENTATION_CONTEXT('2D SPACE',''
  ) );
#752 = ORIENTED_EDGE('',*,*,#753,.F.);
#753 = EDGE_CURVE('',#754,#731,#756,.T.);
#754 = VERTEX_POINT('',#755);
#755 = CARTESIAN_POINT('',(0.54,2.2,-4.48));
#756 = SURFACE_CURVE('',#757,(#761,#768),.PCURVE_S1.);
#757 = LINE('',#758,#759);
#758 = CARTESIAN_POINT('',(0.54,2.2,-4.48));
#759 = VECTOR('',#760,1.);
#760 = DIRECTION('',(0.,0.,-1.));
#761 = PCURVE('',#693,#762);
#762 = DEFINITIONAL_REPRESENTATION('',(#763),#767);
#763 = LINE('',#764,#765);
#764 = CARTESIAN_POINT('',(3.30276020928,0.));
#765 = VECTOR('',#766,1.);
#766 = DIRECTION('',(0.,-1.));
#767 = ( GEOMETRIC_REPRESENTATION_CONTEXT(2) 
PARAMETRIC_REPRESENTATION_CONTEXT() REPRESENTATION_CONTEXT('2D SPACE',''
  ) );
#768 = PCURVE('',#252,#769);
#769 = DEFINITIONAL_REPRESENTATION('',(#770),#774);
#770 = LINE('',#771,#772);
#771 = CARTESIAN_POINT('',(0.,0.));
#772 = VECTOR('',#773,1.);
#773 = DIRECTION('',(0.,-1.));
#774 = ( GEOMETRIC_REPRESENTATION_CONTEXT(2) 
PARAMETRIC_REPRESENTATION_CONTEXT() REPRESENTATION_CONTEXT('2D SPACE',''
  ) );
#775 = ORIENTED_EDGE('',*,*,#776,.F.);
#776 = EDGE_CURVE('',#678,#754,#777,.T.);
#777 = SURFACE_CURVE('',#778,(#782,#789),.PCURVE_S1.);
#778 = LINE('',#779,#780);
#779 = CARTESIAN_POINT('',(0.675,5.5,-4.48));
#780 = VECTOR('',#781,1.);
#781 = DIRECTION('',(-4.087490203518E-02,-0.999164271971,0.));
#782 = PCURVE('',#693,#783);
#783 = DEFINITIONAL_REPRESENTATION('',(#784),#788);
#784 = LINE('',#785,#786);
#785 = CARTESIAN_POINT('',(0.,0.));
#786 = VECTOR('',#787,1.);
#787 = DIRECTION('',(1.,0.));
#788 = ( GEOMETRIC_REPRESENTATION_CONTEXT(2) 
PARAMETRIC_REPRESENTATION_CONTEXT() REPRESENTATION_CONTEXT('2D SPACE',''
  ) );
#789 = PCURVE('',#334,#790);
#790 = DEFINITIONAL_REPRESENTATION('',(#791),#795);
#791 = LINE('',#792,#793);
#792 = CARTESIAN_POINT('',(-0.403001917725,-0.675));
#793 = VECTOR('',#794,1.);
#794 = DIRECTION('',(0.999164271971,4.087490203518E-02));
#795 = ( GEOMETRIC_REPRESENTATION_CONTEXT(2) 
PARAMETRIC_REPRESENTATION_CONTEXT() REPRESENTATION_CONTEXT('2D SPACE',''
  ) );
#796 = ADVANCED_FACE('',(#797),#252,.F.);
#797 = FACE_BOUND('',#798,.F.);
#798 = EDGE_LOOP('',(#799,#800,#821,#822));
#799 = ORIENTED_EDGE('',*,*,#753,.T.);
#800 = ORIENTED_EDGE('',*,*,#801,.T.);
#801 = EDGE_CURVE('',#731,#232,#802,.T.);
#802 = SURFACE_CURVE('',#803,(#807,#814),.PCURVE_S1.);
#803 = LINE('',#804,#805);
#804 = CARTESIAN_POINT('',(0.54,2.2,-4.64));
#805 = VECTOR('',#806,1.);
#806 = DIRECTION('',(-0.238378653111,-0.971172290452,0.));
#807 = PCURVE('',#252,#808);
#808 = DEFINITIONAL_REPRESENTATION('',(#809),#813);
#809 = LINE('',#810,#811);
#810 = CARTESIAN_POINT('',(0.,-0.16));
#811 = VECTOR('',#812,1.);
#812 = DIRECTION('',(1.,0.));
#813 = ( GEOMETRIC_REPRESENTATION_CONTEXT(2) 
PARAMETRIC_REPRESENTATION_CONTEXT() REPRESENTATION_CONTEXT('2D SPACE',''
  ) );
#814 = PCURVE('',#280,#815);
#815 = DEFINITIONAL_REPRESENTATION('',(#816),#820);
#816 = LINE('',#817,#818);
#817 = CARTESIAN_POINT('',(2.896998082275,-0.54));
#818 = VECTOR('',#819,1.);
#819 = DIRECTION('',(0.971172290452,0.238378653111));
#820 = ( GEOMETRIC_REPRESENTATION_CONTEXT(2) 
PARAMETRIC_REPRESENTATION_CONTEXT() REPRESENTATION_CONTEXT('2D SPACE',''
  ) );
#821 = ORIENTED_EDGE('',*,*,#229,.F.);
#822 = ORIENTED_EDGE('',*,*,#823,.F.);
#823 = EDGE_CURVE('',#754,#230,#824,.T.);
#824 = SURFACE_CURVE('',#825,(#829,#836),.PCURVE_S1.);
#825 = LINE('',#826,#827);
#826 = CARTESIAN_POINT('',(0.54,2.2,-4.48));
#827 = VECTOR('',#828,1.);
#828 = DIRECTION('',(-0.238378653111,-0.971172290452,0.));
#829 = PCURVE('',#252,#830);
#830 = DEFINITIONAL_REPRESENTATION('',(#831),#835);
#831 = LINE('',#832,#833);
#832 = CARTESIAN_POINT('',(0.,0.));
#833 = VECTOR('',#834,1.);
#834 = DIRECTION('',(1.,0.));
#835 = ( GEOMETRIC_REPRESENTATION_CONTEXT(2) 
PARAMETRIC_REPRESENTATION_CONTEXT() REPRESENTATION_CONTEXT('2D SPACE',''
  ) );
#836 = PCURVE('',#334,#837);
#837 = DEFINITIONAL_REPRESENTATION('',(#838),#842);
#838 = LINE('',#839,#840);
#839 = CARTESIAN_POINT('',(2.896998082275,-0.54));
#840 = VECTOR('',#841,1.);
#841 = DIRECTION('',(0.971172290452,0.238378653111));
#842 = ( GEOMETRIC_REPRESENTATION_CONTEXT(2) 
PARAMETRIC_REPRESENTATION_CONTEXT() REPRESENTATION_CONTEXT('2D SPACE',''
  ) );
#843 = ADVANCED_FACE('',(#844),#334,.F.);
#844 = FACE_BOUND('',#845,.F.);
#845 = EDGE_LOOP('',(#846,#847,#848,#849,#850,#851,#852,#853));
#846 = ORIENTED_EDGE('',*,*,#320,.T.);
#847 = ORIENTED_EDGE('',*,*,#401,.T.);
#848 = ORIENTED_EDGE('',*,*,#477,.T.);
#849 = ORIENTED_EDGE('',*,*,#553,.T.);
#850 = ORIENTED_EDGE('',*,*,#629,.T.);
#851 = ORIENTED_EDGE('',*,*,#705,.T.);
#852 = ORIENTED_EDGE('',*,*,#776,.T.);
#853 = ORIENTED_EDGE('',*,*,#823,.T.);
#854 = ADVANCED_FACE('',(#855),#280,.T.);
#855 = FACE_BOUND('',#856,.T.);
#856 = EDGE_LOOP('',(#857,#858,#859,#860,#861,#862,#863,#864));
#857 = ORIENTED_EDGE('',*,*,#264,.T.);
#858 = ORIENTED_EDGE('',*,*,#350,.T.);
#859 = ORIENTED_EDGE('',*,*,#426,.T.);
#860 = ORIENTED_EDGE('',*,*,#502,.T.);
#861 = ORIENTED_EDGE('',*,*,#578,.T.);
#862 = ORIENTED_EDGE('',*,*,#654,.T.);
#863 = ORIENTED_EDGE('',*,*,#730,.T.);
#864 = ORIENTED_EDGE('',*,*,#801,.T.);
#865 = ( GEOMETRIC_REPRESENTATION_CONTEXT(3) 
GLOBAL_UNCERTAINTY_ASSIGNED_CONTEXT((#869)) GLOBAL_UNIT_ASSIGNED_CONTEXT
((#866,#867,#868)) REPRESENTATION_CONTEXT('Context #1',
  '3D Context with UNIT and UNCERTAINTY') );
#866 = ( LENGTH_UNIT() NAMED_UNIT(*) SI_UNIT(.MILLI.,.METRE.) );
#867 = ( NAMED_UNIT(*) PLANE_ANGLE_UNIT() SI_UNIT($,.RADIAN.) );
#868 = ( NAMED_UNIT(*) SI_UNIT($,.STERADIAN.) SOLID_ANGLE_UNIT() );
#869 = UNCERTAINTY_MEASURE_WITH_UNIT(LENGTH_MEASURE(1.E-07),#866,
  'distance_accuracy_value','confusion accuracy');
#870 = CONTEXT_DEPENDENT_SHAPE_REPRESENTATION(#871,#873);
#871 = ( REPRESENTATION_RELATIONSHIP('','',#40,#10) 
REPRESENTATION_RELATIONSHIP_WITH_TRANSFORMATION(#872) 
SHAPE_REPRESENTATION_RELATIONSHIP() );
#872 = ITEM_DEFINED_TRANSFORMATION('','',#11,#15);
#873 = PRODUCT_DEFINITION_SHAPE('Placement','Placement of an item',#874
  );
#874 = NEXT_ASSEMBLY_USAGE_OCCURRENCE('1','part_o1.1','',#5,#35,$);
#875 = PRODUCT_RELATED_PRODUCT_CATEGORY('part',$,(#37));
#876 = SHAPE_DEFINITION_REPRESENTATION(#877,#883);
#877 = PRODUCT_DEFINITION_SHAPE('','',#878);
#878 = PRODUCT_DEFINITION('design','',#879,#882);
#879 = PRODUCT_DEFINITION_FORMATION('','',#880);
#880 = PRODUCT('part_o1.2','part_o1.2','',(#881));
#881 = PRODUCT_CONTEXT('',#2,'mechanical');
#882 = PRODUCT_DEFINITION_CONTEXT('part definition',#2,'design');
#883 = SHAPE_REPRESENTATION('',(#11,#884,#1066),#1708);
#884 = MANIFOLD_SOLID_BREP('',#885);
#885 = CLOSED_SHELL('',(#886,#974,#1009,#1039));
#886 = ADVANCED_FACE('',(#887),#900,.T.);
#887 = FACE_BOUND('',#888,.T.);
#888 = EDGE_LOOP('',(#889,#923,#946,#973));
#889 = ORIENTED_EDGE('',*,*,#890,.F.);
#890 = EDGE_CURVE('',#891,#891,#893,.T.);
#891 = VERTEX_POINT('',#892);
#892 = CARTESIAN_POINT('',(0.9,-2.204364238465E-16,8.E-02));
#893 = SURFACE_CURVE('',#894,(#899,#911),.PCURVE_S1.);
#894 = CIRCLE('',#895,0.9);
#895 = AXIS2_PLACEMENT_3D('',#896,#897,#898);
#896 = CARTESIAN_POINT('',(0.,0.,8.E-02));
#897 = DIRECTION('',(0.,0.,1.));
#898 = DIRECTION('',(1.,0.,0.));
#899 = PCURVE('',#900,#905);
#900 = CYLINDRICAL_SURFACE('',#901,0.9);
#901 = AXIS2_PLACEMENT_3D('',#902,#903,#904);
#902 = CARTESIAN_POINT('',(0.,0.,-8.E-02));
#903 = DIRECTION('',(0.,0.,1.));
#904 = DIRECTION('',(1.,0.,0.));
#905 = DEFINITIONAL_REPRESENTATION('',(#906),#910);
#906 = LINE('',#907,#908);
#907 = CARTESIAN_POINT('',(0.,0.16));
#908 = VECTOR('',#909,1.);
#909 = DIRECTION('',(1.,0.));
#910 = ( GEOMETRIC_REPRESENTATION_CONTEXT(2) 
PARAMETRIC_REPRESENTATION_CONTEXT() REPRESENTATION_CONTEXT('2D SPACE',''
  ) );
#911 = PCURVE('',#912,#917);
#912 = PLANE('',#913);
#913 = AXIS2_PLACEMENT_3D('',#914,#915,#916);
#914 = CARTESIAN_POINT('',(0.,0.,8.E-02));
#915 = DIRECTION('',(0.,0.,1.));
#916 = DIRECTION('',(1.,0.,0.));
#917 = DEFINITIONAL_REPRESENTATION('',(#918),#922);
#918 = CIRCLE('',#919,0.9);
#919 = AXIS2_PLACEMENT_2D('',#920,#921);
#920 = CARTESIAN_POINT('',(0.,0.));
#921 = DIRECTION('',(1.,0.));
#922 = ( GEOMETRIC_REPRESENTATION_CONTEXT(2) 
PARAMETRIC_REPRESENTATION_CONTEXT() REPRESENTATION_CONTEXT('2D SPACE',''
  ) );
#923 = ORIENTED_EDGE('',*,*,#924,.F.);
#924 = EDGE_CURVE('',#925,#891,#927,.T.);
#925 = VERTEX_POINT('',#926);
#926 = CARTESIAN_POINT('',(0.9,-2.204364238465E-16,-8.E-02));
#927 = SEAM_CURVE('',#928,(#932,#939),.PCURVE_S1.);
#928 = LINE('',#929,#930);
#929 = CARTESIAN_POINT('',(0.9,-2.204364238465E-16,-8.E-02));
#930 = VECTOR('',#931,1.);
#931 = DIRECTION('',(0.,0.,1.));
#932 = PCURVE('',#900,#933);
#933 = DEFINITIONAL_REPRESENTATION('',(#934),#938);
#934 = LINE('',#935,#936);
#935 = CARTESIAN_POINT('',(6.28318530718,-0.));
#936 = VECTOR('',#937,1.);
#937 = DIRECTION('',(0.,1.));
#938 = ( GEOMETRIC_REPRESENTATION_CONTEXT(2) 
PARAMETRIC_REPRESENTATION_CONTEXT() REPRESENTATION_CONTEXT('2D SPACE',''
  ) );
#939 = PCURVE('',#900,#940);
#940 = DEFINITIONAL_REPRESENTATION('',(#941),#945);
#941 = LINE('',#942,#943);
#942 = CARTESIAN_POINT('',(0.,-0.));
#943 = VECTOR('',#944,1.);
#944 = DIRECTION('',(0.,1.));
#945 = ( GEOMETRIC_REPRESENTATION_CONTEXT(2) 
PARAMETRIC_REPRESENTATION_CONTEXT() REPRESENTATION_CONTEXT('2D SPACE',''
  ) );
#946 = ORIENTED_EDGE('',*,*,#947,.T.);
#947 = EDGE_CURVE('',#925,#925,#948,.T.);
#948 = SURFACE_CURVE('',#949,(#954,#961),.PCURVE_S1.);
#949 = CIRCLE('',#950,0.9);
#950 = AXIS2_PLACEMENT_3D('',#951,#952,#953);
#951 = CARTESIAN_POINT('',(0.,0.,-8.E-02));
#952 = DIRECTION('',(0.,0.,1.));
#953 = DIRECTION('',(1.,0.,0.));
#954 = PCURVE('',#900,#955);
#955 = DEFINITIONAL_REPRESENTATION('',(#956),#960);
#956 = LINE('',#957,#958);
#957 = CARTESIAN_POINT('',(0.,0.));
#958 = VECTOR('',#959,1.);
#959 = DIRECTION('',(1.,0.));
#960 = ( GEOMETRIC_REPRESENTATION_CONTEXT(2) 
PARAMETRIC_REPRESENTATION_CONTEXT() REPRESENTATION_CONTEXT('2D SPACE',''
  ) );
#961 = PCURVE('',#962,#967);
#962 = PLANE('',#963);
#963 = AXIS2_PLACEMENT_3D('',#964,#965,#966);
#964 = CARTESIAN_POINT('',(0.,0.,-8.E-02));
#965 = DIRECTION('',(0.,0.,1.));
#966 = DIRECTION('',(1.,0.,0.));
#967 = DEFINITIONAL_REPRESENTATION('',(#968),#972);
#968 = CIRCLE('',#969,0.9);
#969 = AXIS2_PLACEMENT_2D('',#970,#971);
#970 = CARTESIAN_POINT('',(0.,0.));
#971 = DIRECTION('',(1.,0.));
#972 = ( GEOMETRIC_REPRESENTATION_CONTEXT(2) 
PARAMETRIC_REPRESENTATION_CONTEXT() REPRESENTATION_CONTEXT('2D SPACE',''
  ) );
#973 = ORIENTED_EDGE('',*,*,#924,.T.);
#974 = ADVANCED_FACE('',(#975,#978),#912,.T.);
#975 = FACE_BOUND('',#976,.T.);
#976 = EDGE_LOOP('',(#977));
#977 = ORIENTED_EDGE('',*,*,#890,.T.);
#978 = FACE_BOUND('',#979,.T.);
#979 = EDGE_LOOP('',(#980));
#980 = ORIENTED_EDGE('',*,*,#981,.F.);
#981 = EDGE_CURVE('',#982,#982,#984,.T.);
#982 = VERTEX_POINT('',#983);
#983 = CARTESIAN_POINT('',(0.45,-1.102182119233E-16,8.E-02));
#984 = SURFACE_CURVE('',#985,(#990,#997),.PCURVE_S1.);
#985 = CIRCLE('',#986,0.45);
#986 = AXIS2_PLACEMENT_3D('',#987,#988,#989);
#987 = CARTESIAN_POINT('',(0.,0.,8.E-02));
#988 = DIRECTION('',(0.,0.,1.));
#989 = DIRECTION('',(1.,0.,-0.));
#990 = PCURVE('',#912,#991);
#991 = DEFINITIONAL_REPRESENTATION('',(#992),#996);
#992 = CIRCLE('',#993,0.45);
#993 = AXIS2_PLACEMENT_2D('',#994,#995);
#994 = CARTESIAN_POINT('',(0.,0.));
#995 = DIRECTION('',(1.,0.));
#996 = ( GEOMETRIC_REPRESENTATION_CONTEXT(2) 
PARAMETRIC_REPRESENTATION_CONTEXT() REPRESENTATION_CONTEXT('2D SPACE',''
  ) );
#997 = PCURVE('',#998,#1003);
#998 = CYLINDRICAL_SURFACE('',#999,0.45);
#999 = AXIS2_PLACEMENT_3D('',#1000,#1001,#1002);
#1000 = CARTESIAN_POINT('',(0.,0.,-0.13));
#1001 = DIRECTION('',(0.,0.,1.));
#1002 = DIRECTION('',(1.,0.,0.));
#1003 = DEFINITIONAL_REPRESENTATION('',(#1004),#1008);
#1004 = LINE('',#1005,#1006);
#1005 = CARTESIAN_POINT('',(0.,0.21));
#1006 = VECTOR('',#1007,1.);
#1007 = DIRECTION('',(1.,0.));
#1008 = ( GEOMETRIC_REPRESENTATION_CONTEXT(2) 
PARAMETRIC_REPRESENTATION_CONTEXT() REPRESENTATION_CONTEXT('2D SPACE',''
  ) );
#1009 = ADVANCED_FACE('',(#1010,#1013),#962,.F.);
#1010 = FACE_BOUND('',#1011,.F.);
#1011 = EDGE_LOOP('',(#1012));
#1012 = ORIENTED_EDGE('',*,*,#947,.T.);
#1013 = FACE_BOUND('',#1014,.F.);
#1014 = EDGE_LOOP('',(#1015));
#1015 = ORIENTED_EDGE('',*,*,#1016,.F.);
#1016 = EDGE_CURVE('',#1017,#1017,#1019,.T.);
#1017 = VERTEX_POINT('',#1018);
#1018 = CARTESIAN_POINT('',(0.45,-1.102182119233E-16,-8.E-02));
#1019 = SURFACE_CURVE('',#1020,(#1025,#1032),.PCURVE_S1.);
#1020 = CIRCLE('',#1021,0.45);
#1021 = AXIS2_PLACEMENT_3D('',#1022,#1023,#1024);
#1022 = CARTESIAN_POINT('',(0.,0.,-8.E-02));
#1023 = DIRECTION('',(0.,0.,1.));
#1024 = DIRECTION('',(1.,0.,-0.));
#1025 = PCURVE('',#962,#1026);
#1026 = DEFINITIONAL_REPRESENTATION('',(#1027),#1031);
#1027 = CIRCLE('',#1028,0.45);
#1028 = AXIS2_PLACEMENT_2D('',#1029,#1030);
#1029 = CARTESIAN_POINT('',(0.,0.));
#1030 = DIRECTION('',(1.,0.));
#1031 = ( GEOMETRIC_REPRESENTATION_CONTEXT(2) 
PARAMETRIC_REPRESENTATION_CONTEXT() REPRESENTATION_CONTEXT('2D SPACE',''
  ) );
#1032 = PCURVE('',#998,#1033);
#1033 = DEFINITIONAL_REPRESENTATION('',(#1034),#1038);
#1034 = LINE('',#1035,#1036);
#1035 = CARTESIAN_POINT('',(0.,5.E-02));
#1036 = VECTOR('',#1037,1.);
#1037 = DIRECTION('',(1.,0.));
#1038 = ( GEOMETRIC_REPRESENTATION_CONTEXT(2) 
PARAMETRIC_REPRESENTATION_CONTEXT() REPRESENTATION_CONTEXT('2D SPACE',''
  ) );
#1039 = ADVANCED_FACE('',(#1040),#998,.F.);
#1040 = FACE_BOUND('',#1041,.F.);
#1041 = EDGE_LOOP('',(#1042,#1043,#1064,#1065));
#1042 = ORIENTED_EDGE('',*,*,#981,.F.);
#1043 = ORIENTED_EDGE('',*,*,#1044,.F.);
#1044 = EDGE_CURVE('',#1017,#982,#1045,.T.);
#1045 = SEAM_CURVE('',#1046,(#1050,#1057),.PCURVE_S1.);
#1046 = LINE('',#1047,#1048);
#1047 = CARTESIAN_POINT('',(0.45,-1.102182119233E-16,-0.13));
#1048 = VECTOR('',#1049,1.);
#1049 = DIRECTION('',(0.,0.,1.));
#1050 = PCURVE('',#998,#1051);
#1051 = DEFINITIONAL_REPRESENTATION('',(#1052),#1056);
#1052 = LINE('',#1053,#1054);
#1053 = CARTESIAN_POINT('',(6.28318530718,-0.));
#1054 = VECTOR('',#1055,1.);
#1055 = DIRECTION('',(0.,1.));
#1056 = ( GEOMETRIC_REPRESENTATION_CONTEXT(2) 
PARAMETRIC_REPRESENTATION_CONTEXT() REPRESENTATION_CONTEXT('2D SPACE',''
  ) );
#1057 = PCURVE('',#998,#1058);
#1058 = DEFINITIONAL_REPRESENTATION('',(#1059),#1063);
#1059 = LINE('',#1060,#1061);
#1060 = CARTESIAN_POINT('',(0.,-0.));
#1061 = VECTOR('',#1062,1.);
#1062 = DIRECTION('',(0.,1.));
#1063 = ( GEOMETRIC_REPRESENTATION_CONTEXT(2) 
PARAMETRIC_REPRESENTATION_CONTEXT() REPRESENTATION_CONTEXT('2D SPACE',''
  ) );
#1064 = ORIENTED_EDGE('',*,*,#1016,.T.);
#1065 = ORIENTED_EDGE('',*,*,#1044,.T.);
#1066 = MANIFOLD_SOLID_BREP('',#1067);
#1067 = CLOSED_SHELL('',(#1068,#1188,#1264,#1340,#1416,#1492,#1568,#1639
    ,#1686,#1697));
#1068 = ADVANCED_FACE('',(#1069),#1083,.F.);
#1069 = FACE_BOUND('',#1070,.F.);
#1070 = EDGE_LOOP('',(#1071,#1106,#1134,#1162));
#1071 = ORIENTED_EDGE('',*,*,#1072,.T.);
#1072 = EDGE_CURVE('',#1073,#1075,#1077,.T.);
#1073 = VERTEX_POINT('',#1074);
#1074 = CARTESIAN_POINT('',(0.,0.,-4.72));
#1075 = VERTEX_POINT('',#1076);
#1076 = CARTESIAN_POINT('',(0.,0.,-4.88));
#1077 = SURFACE_CURVE('',#1078,(#1082,#1094),.PCURVE_S1.);
#1078 = LINE('',#1079,#1080);
#1079 = CARTESIAN_POINT('',(0.,0.,-4.72));
#1080 = VECTOR('',#1081,1.);
#1081 = DIRECTION('',(0.,0.,-1.));
#1082 = PCURVE('',#1083,#1088);
#1083 = PLANE('',#1084);
#1084 = AXIS2_PLACEMENT_3D('',#1085,#1086,#1087);
#1085 = CARTESIAN_POINT('',(0.,0.,-4.72));
#1086 = DIRECTION('',(0.988447754553,0.151561989031,0.));
#1087 = DIRECTION('',(-0.151561989031,0.988447754553,0.));
#1088 = DEFINITIONAL_REPRESENTATION('',(#1089),#1093);
#1089 = LINE('',#1090,#1091);
#1090 = CARTESIAN_POINT('',(0.,0.));
#1091 = VECTOR('',#1092,1.);
#1092 = DIRECTION('',(0.,-1.));
#1093 = ( GEOMETRIC_REPRESENTATION_CONTEXT(2) 
PARAMETRIC_REPRESENTATION_CONTEXT() REPRESENTATION_CONTEXT('2D SPACE',''
  ) );
#1094 = PCURVE('',#1095,#1100);
#1095 = PLANE('',#1096);
#1096 = AXIS2_PLACEMENT_3D('',#1097,#1098,#1099);
#1097 = CARTESIAN_POINT('',(0.46,3.,-4.72));
#1098 = DIRECTION('',(-0.988447754553,0.151561989031,0.));
#1099 = DIRECTION('',(-0.151561989031,-0.988447754553,0.));
#1100 = DEFINITIONAL_REPRESENTATION('',(#1101),#1105);
#1101 = LINE('',#1102,#1103);
#1102 = CARTESIAN_POINT('',(3.035061778613,0.));
#1103 = VECTOR('',#1104,1.);
#1104 = DIRECTION('',(0.,-1.));
#1105 = ( GEOMETRIC_REPRESENTATION_CONTEXT(2) 
PARAMETRIC_REPRESENTATION_CONTEXT() REPRESENTATION_CONTEXT('2D SPACE',''
  ) );
#1106 = ORIENTED_EDGE('',*,*,#1107,.T.);
#1107 = EDGE_CURVE('',#1075,#1108,#1110,.T.);
#1108 = VERTEX_POINT('',#1109);
#1109 = CARTESIAN_POINT('',(-0.46,3.,-4.88));
#1110 = SURFACE_CURVE('',#1111,(#1115,#1122),.PCURVE_S1.);
#1111 = LINE('',#1112,#1113);
#1112 = CARTESIAN_POINT('',(0.,0.,-4.88));
#1113 = VECTOR('',#1114,1.);
#1114 = DIRECTION('',(-0.151561989031,0.988447754553,0.));
#1115 = PCURVE('',#1083,#1116);
#1116 = DEFINITIONAL_REPRESENTATION('',(#1117),#1121);
#1117 = LINE('',#1118,#1119);
#1118 = CARTESIAN_POINT('',(0.,-0.16));
#1119 = VECTOR('',#1120,1.);
#1120 = DIRECTION('',(1.,0.));
#1121 = ( GEOMETRIC_REPRESENTATION_CONTEXT(2) 
PARAMETRIC_REPRESENTATION_CONTEXT() REPRESENTATION_CONTEXT('2D SPACE',''
  ) );
#1122 = PCURVE('',#1123,#1128);
#1123 = PLANE('',#1124);
#1124 = AXIS2_PLACEMENT_3D('',#1125,#1126,#1127);
#1125 = CARTESIAN_POINT('',(-1.210212290248E-17,7.397243577692,-4.88));
#1126 = DIRECTION('',(0.,-0.,-1.));
#1127 = DIRECTION('',(0.,-1.,0.));
#1128 = DEFINITIONAL_REPRESENTATION('',(#1129),#1133);
#1129 = LINE('',#1130,#1131);
#1130 = CARTESIAN_POINT('',(7.397243577692,-1.210212290248E-17));
#1131 = VECTOR('',#1132,1.);
#1132 = DIRECTION('',(-0.988447754553,0.151561989031));
#1133 = ( GEOMETRIC_REPRESENTATION_CONTEXT(2) 
PARAMETRIC_REPRESENTATION_CONTEXT() REPRESENTATION_CONTEXT('2D SPACE',''
  ) );
#1134 = ORIENTED_EDGE('',*,*,#1135,.F.);
#1135 = EDGE_CURVE('',#1136,#1108,#1138,.T.);
#1136 = VERTEX_POINT('',#1137);
#1137 = CARTESIAN_POINT('',(-0.46,3.,-4.72));
#1138 = SURFACE_CURVE('',#1139,(#1143,#1150),.PCURVE_S1.);
#1139 = LINE('',#1140,#1141);
#1140 = CARTESIAN_POINT('',(-0.46,3.,-4.72));
#1141 = VECTOR('',#1142,1.);
#1142 = DIRECTION('',(0.,0.,-1.));
#1143 = PCURVE('',#1083,#1144);
#1144 = DEFINITIONAL_REPRESENTATION('',(#1145),#1149);
#1145 = LINE('',#1146,#1147);
#1146 = CARTESIAN_POINT('',(3.035061778613,0.));
#1147 = VECTOR('',#1148,1.);
#1148 = DIRECTION('',(0.,-1.));
#1149 = ( GEOMETRIC_REPRESENTATION_CONTEXT(2) 
PARAMETRIC_REPRESENTATION_CONTEXT() REPRESENTATION_CONTEXT('2D SPACE',''
  ) );
#1150 = PCURVE('',#1151,#1156);
#1151 = PLANE('',#1152);
#1152 = AXIS2_PLACEMENT_3D('',#1153,#1154,#1155);
#1153 = CARTESIAN_POINT('',(-0.46,3.,-4.72));
#1154 = DIRECTION('',(0.999673616649,2.554721464769E-02,0.));
#1155 = DIRECTION('',(-2.554721464769E-02,0.999673616649,0.));
#1156 = DEFINITIONAL_REPRESENTATION('',(#1157),#1161);
#1157 = LINE('',#1158,#1159);
#1158 = CARTESIAN_POINT('',(0.,0.));
#1159 = VECTOR('',#1160,1.);
#1160 = DIRECTION('',(0.,-1.));
#1161 = ( GEOMETRIC_REPRESENTATION_CONTEXT(2) 
PARAMETRIC_REPRESENTATION_CONTEXT() REPRESENTATION_CONTEXT('2D SPACE',''
  ) );
#1162 = ORIENTED_EDGE('',*,*,#1163,.F.);
#1163 = EDGE_CURVE('',#1073,#1136,#1164,.T.);
#1164 = SURFACE_CURVE('',#1165,(#1169,#1176),.PCURVE_S1.);
#1165 = LINE('',#1166,#1167);
#1166 = CARTESIAN_POINT('',(0.,0.,-4.72));
#1167 = VECTOR('',#1168,1.);
#1168 = DIRECTION('',(-0.151561989031,0.988447754553,0.));
#1169 = PCURVE('',#1083,#1170);
#1170 = DEFINITIONAL_REPRESENTATION('',(#1171),#1175);
#1171 = LINE('',#1172,#1173);
#1172 = CARTESIAN_POINT('',(0.,0.));
#1173 = VECTOR('',#1174,1.);
#1174 = DIRECTION('',(1.,0.));
#1175 = ( GEOMETRIC_REPRESENTATION_CONTEXT(2) 
PARAMETRIC_REPRESENTATION_CONTEXT() REPRESENTATION_CONTEXT('2D SPACE',''
  ) );
#1176 = PCURVE('',#1177,#1182);
#1177 = PLANE('',#1178);
#1178 = AXIS2_PLACEMENT_3D('',#1179,#1180,#1181);
#1179 = CARTESIAN_POINT('',(-1.210212290248E-17,7.397243577692,-4.72));
#1180 = DIRECTION('',(0.,-0.,-1.));
#1181 = DIRECTION('',(0.,-1.,0.));
#1182 = DEFINITIONAL_REPRESENTATION('',(#1183),#1187);
#1183 = LINE('',#1184,#1185);
#1184 = CARTESIAN_POINT('',(7.397243577692,-1.210212290248E-17));
#1185 = VECTOR('',#1186,1.);
#1186 = DIRECTION('',(-0.988447754553,0.151561989031));
#1187 = ( GEOMETRIC_REPRESENTATION_CONTEXT(2) 
PARAMETRIC_REPRESENTATION_CONTEXT() REPRESENTATION_CONTEXT('2D SPACE',''
  ) );
#1188 = ADVANCED_FACE('',(#1189),#1151,.F.);
#1189 = FACE_BOUND('',#1190,.F.);
#1190 = EDGE_LOOP('',(#1191,#1192,#1215,#1243));
#1191 = ORIENTED_EDGE('',*,*,#1135,.T.);
#1192 = ORIENTED_EDGE('',*,*,#1193,.T.);
#1193 = EDGE_CURVE('',#1108,#1194,#1196,.T.);
#1194 = VERTEX_POINT('',#1195);
#1195 = CARTESIAN_POINT('',(-0.575,7.5,-4.88));
#1196 = SURFACE_CURVE('',#1197,(#1201,#1208),.PCURVE_S1.);
#1197 = LINE('',#1198,#1199);
#1198 = CARTESIAN_POINT('',(-0.46,3.,-4.88));
#1199 = VECTOR('',#1200,1.);
#1200 = DIRECTION('',(-2.554721464769E-02,0.999673616649,0.));
#1201 = PCURVE('',#1151,#1202);
#1202 = DEFINITIONAL_REPRESENTATION('',(#1203),#1207);
#1203 = LINE('',#1204,#1205);
#1204 = CARTESIAN_POINT('',(0.,-0.16));
#1205 = VECTOR('',#1206,1.);
#1206 = DIRECTION('',(1.,0.));
#1207 = ( GEOMETRIC_REPRESENTATION_CONTEXT(2) 
PARAMETRIC_REPRESENTATION_CONTEXT() REPRESENTATION_CONTEXT('2D SPACE',''
  ) );
#1208 = PCURVE('',#1123,#1209);
#1209 = DEFINITIONAL_REPRESENTATION('',(#1210),#1214);
#1210 = LINE('',#1211,#1212);
#1211 = CARTESIAN_POINT('',(4.397243577692,0.46));
#1212 = VECTOR('',#1213,1.);
#1213 = DIRECTION('',(-0.999673616649,2.554721464769E-02));
#1214 = ( GEOMETRIC_REPRESENTATION_CONTEXT(2) 
PARAMETRIC_REPRESENTATION_CONTEXT() REPRESENTATION_CONTEXT('2D SPACE',''
  ) );
#1215 = ORIENTED_EDGE('',*,*,#1216,.F.);
#1216 = EDGE_CURVE('',#1217,#1194,#1219,.T.);
#1217 = VERTEX_POINT('',#1218);
#1218 = CARTESIAN_POINT('',(-0.575,7.5,-4.72));
#1219 = SURFACE_CURVE('',#1220,(#1224,#1231),.PCURVE_S1.);
#1220 = LINE('',#1221,#1222);
#1221 = CARTESIAN_POINT('',(-0.575,7.5,-4.72));
#1222 = VECTOR('',#1223,1.);
#1223 = DIRECTION('',(0.,0.,-1.));
#1224 = PCURVE('',#1151,#1225);
#1225 = DEFINITIONAL_REPRESENTATION('',(#1226),#1230);
#1226 = LINE('',#1227,#1228);
#1227 = CARTESIAN_POINT('',(4.501469204604,0.));
#1228 = VECTOR('',#1229,1.);
#1229 = DIRECTION('',(0.,-1.));
#1230 = ( GEOMETRIC_REPRESENTATION_CONTEXT(2) 
PARAMETRIC_REPRESENTATION_CONTEXT() REPRESENTATION_CONTEXT('2D SPACE',''
  ) );
#1231 = PCURVE('',#1232,#1237);
#1232 = PLANE('',#1233);
#1233 = AXIS2_PLACEMENT_3D('',#1234,#1235,#1236);
#1234 = CARTESIAN_POINT('',(-0.575,7.5,-4.72));
#1235 = DIRECTION('',(0.999211040797,-3.97151853773E-02,0.));
#1236 = DIRECTION('',(3.97151853773E-02,0.999211040797,0.));
#1237 = DEFINITIONAL_REPRESENTATION('',(#1238),#1242);
#1238 = LINE('',#1239,#1240);
#1239 = CARTESIAN_POINT('',(0.,0.));
#1240 = VECTOR('',#1241,1.);
#1241 = DIRECTION('',(0.,-1.));
#1242 = ( GEOMETRIC_REPRESENTATION_CONTEXT(2) 
PARAMETRIC_REPRESENTATION_CONTEXT() REPRESENTATION_CONTEXT('2D SPACE',''
  ) );
#1243 = ORIENTED_EDGE('',*,*,#1244,.F.);
#1244 = EDGE_CURVE('',#1136,#1217,#1245,.T.);
#1245 = SURFACE_CURVE('',#1246,(#1250,#1257),.PCURVE_S1.);
#1246 = LINE('',#1247,#1248);
#1247 = CARTESIAN_POINT('',(-0.46,3.,-4.72));
#1248 = VECTOR('',#1249,1.);
#1249 = DIRECTION('',(-2.554721464769E-02,0.999673616649,0.));
#1250 = PCURVE('',#1151,#1251);
#1251 = DEFINITIONAL_REPRESENTATION('',(#1252),#1256);
#1252 = LINE('',#1253,#1254);
#1253 = CARTESIAN_POINT('',(0.,0.));
#1254 = VECTOR('',#1255,1.);
#1255 = DIRECTION('',(1.,0.));
#1256 = ( GEOMETRIC_REPRESENTATION_CONTEXT(2) 
PARAMETRIC_REPRESENTATION_CONTEXT() REPRESENTATION_CONTEXT('2D SPACE',''
  ) );
#1257 = PCURVE('',#1177,#1258);
#1258 = DEFINITIONAL_REPRESENTATION('',(#1259),#1263);
#1259 = LINE('',#1260,#1261);
#1260 = CARTESIAN_POINT('',(4.397243577692,0.46));
#1261 = VECTOR('',#1262,1.);
#1262 = DIRECTION('',(-0.999673616649,2.554721464769E-02));
#1263 = ( GEOMETRIC_REPRESENTATION_CONTEXT(2) 
PARAMETRIC_REPRESENTATION_CONTEXT() REPRESENTATION_CONTEXT('2D SPACE',''
  ) );
#1264 = ADVANCED_FACE('',(#1265),#1232,.F.);
#1265 = FACE_BOUND('',#1266,.F.);
#1266 = EDGE_LOOP('',(#1267,#1268,#1291,#1319));
#1267 = ORIENTED_EDGE('',*,*,#1216,.T.);
#1268 = ORIENTED_EDGE('',*,*,#1269,.T.);
#1269 = EDGE_CURVE('',#1194,#1270,#1272,.T.);
#1270 = VERTEX_POINT('',#1271);
#1271 = CARTESIAN_POINT('',(-0.4025,11.84,-4.88));
#1272 = SURFACE_CURVE('',#1273,(#1277,#1284),.PCURVE_S1.);
#1273 = LINE('',#1274,#1275);
#1274 = CARTESIAN_POINT('',(-0.575,7.5,-4.88));
#1275 = VECTOR('',#1276,1.);
#1276 = DIRECTION('',(3.97151853773E-02,0.999211040797,0.));
#1277 = PCURVE('',#1232,#1278);
#1278 = DEFINITIONAL_REPRESENTATION('',(#1279),#1283);
#1279 = LINE('',#1280,#1281);
#1280 = CARTESIAN_POINT('',(0.,-0.16));
#1281 = VECTOR('',#1282,1.);
#1282 = DIRECTION('',(1.,0.));
#1283 = ( GEOMETRIC_REPRESENTATION_CONTEXT(2) 
PARAMETRIC_REPRESENTATION_CONTEXT() REPRESENTATION_CONTEXT('2D SPACE',''
  ) );
#1284 = PCURVE('',#1123,#1285);
#1285 = DEFINITIONAL_REPRESENTATION('',(#1286),#1290);
#1286 = LINE('',#1287,#1288);
#1287 = CARTESIAN_POINT('',(-0.102756422308,0.575));
#1288 = VECTOR('',#1289,1.);
#1289 = DIRECTION('',(-0.999211040797,-3.97151853773E-02));
#1290 = ( GEOMETRIC_REPRESENTATION_CONTEXT(2) 
PARAMETRIC_REPRESENTATION_CONTEXT() REPRESENTATION_CONTEXT('2D SPACE',''
  ) );
#1291 = ORIENTED_EDGE('',*,*,#1292,.F.);
#1292 = EDGE_CURVE('',#1293,#1270,#1295,.T.);
#1293 = VERTEX_POINT('',#1294);
#1294 = CARTESIAN_POINT('',(-0.4025,11.84,-4.72));
#1295 = SURFACE_CURVE('',#1296,(#1300,#1307),.PCURVE_S1.);
#1296 = LINE('',#1297,#1298);
#1297 = CARTESIAN_POINT('',(-0.4025,11.84,-4.72));
#1298 = VECTOR('',#1299,1.);
#1299 = DIRECTION('',(0.,0.,-1.));
#1300 = PCURVE('',#1232,#1301);
#1301 = DEFINITIONAL_REPRESENTATION('',(#1302),#1306);
#1302 = LINE('',#1303,#1304);
#1303 = CARTESIAN_POINT('',(4.343426786536,0.));
#1304 = VECTOR('',#1305,1.);
#1305 = DIRECTION('',(0.,-1.));
#1306 = ( GEOMETRIC_REPRESENTATION_CONTEXT(2) 
PARAMETRIC_REPRESENTATION_CONTEXT() REPRESENTATION_CONTEXT('2D SPACE',''
  ) );
#1307 = PCURVE('',#1308,#1313);
#1308 = PLANE('',#1309);
#1309 = AXIS2_PLACEMENT_3D('',#1310,#1311,#1312);
#1310 = CARTESIAN_POINT('',(-0.4025,11.84,-4.72));
#1311 = DIRECTION('',(0.990881024199,-0.134739733865,0.));
#1312 = DIRECTION('',(0.134739733865,0.990881024199,0.));
#1313 = DEFINITIONAL_REPRESENTATION('',(#1314),#1318);
#1314 = LINE('',#1315,#1316);
#1315 = CARTESIAN_POINT('',(0.,0.));
#1316 = VECTOR('',#1317,1.);
#1317 = DIRECTION('',(0.,-1.));
#1318 = ( GEOMETRIC_REPRESENTATION_CONTEXT(2) 
PARAMETRIC_REPRESENTATION_CONTEXT() REPRESENTATION_CONTEXT('2D SPACE',''
  ) );
#1319 = ORIENTED_EDGE('',*,*,#1320,.F.);
#1320 = EDGE_CURVE('',#1217,#1293,#1321,.T.);
#1321 = SURFACE_CURVE('',#1322,(#1326,#1333),.PCURVE_S1.);
#1322 = LINE('',#1323,#1324);
#1323 = CARTESIAN_POINT('',(-0.575,7.5,-4.72));
#1324 = VECTOR('',#1325,1.);
#1325 = DIRECTION('',(3.97151853773E-02,0.999211040797,0.));
#1326 = PCURVE('',#1232,#1327);
#1327 = DEFINITIONAL_REPRESENTATION('',(#1328),#1332);
#1328 = LINE('',#1329,#1330);
#1329 = CARTESIAN_POINT('',(0.,0.));
#1330 = VECTOR('',#1331,1.);
#1331 = DIRECTION('',(1.,0.));
#1332 = ( GEOMETRIC_REPRESENTATION_CONTEXT(2) 
PARAMETRIC_REPRESENTATION_CONTEXT() REPRESENTATION_CONTEXT('2D SPACE',''
  ) );
#1333 = PCURVE('',#1177,#1334);
#1334 = DEFINITIONAL_REPRESENTATION('',(#1335),#1339);
#1335 = LINE('',#1336,#1337);
#1336 = CARTESIAN_POINT('',(-0.102756422308,0.575));
#1337 = VECTOR('',#1338,1.);
#1338 = DIRECTION('',(-0.999211040797,-3.97151853773E-02));
#1339 = ( GEOMETRIC_REPRESENTATION_CONTEXT(2) 
PARAMETRIC_REPRESENTATION_CONTEXT() REPRESENTATION_CONTEXT('2D SPACE',''
  ) );
#1340 = ADVANCED_FACE('',(#1341),#1308,.F.);
#1341 = FACE_BOUND('',#1342,.F.);
#1342 = EDGE_LOOP('',(#1343,#1344,#1367,#1395));
#1343 = ORIENTED_EDGE('',*,*,#1292,.T.);
#1344 = ORIENTED_EDGE('',*,*,#1345,.T.);
#1345 = EDGE_CURVE('',#1270,#1346,#1348,.T.);
#1346 = VERTEX_POINT('',#1347);
#1347 = CARTESIAN_POINT('',(0.,14.8,-4.88));
#1348 = SURFACE_CURVE('',#1349,(#1353,#1360),.PCURVE_S1.);
#1349 = LINE('',#1350,#1351);
#1350 = CARTESIAN_POINT('',(-0.4025,11.84,-4.88));
#1351 = VECTOR('',#1352,1.);
#1352 = DIRECTION('',(0.134739733865,0.990881024199,0.));
#1353 = PCURVE('',#1308,#1354);
#1354 = DEFINITIONAL_REPRESENTATION('',(#1355),#1359);
#1355 = LINE('',#1356,#1357);
#1356 = CARTESIAN_POINT('',(0.,-0.16));
#1357 = VECTOR('',#1358,1.);
#1358 = DIRECTION('',(1.,0.));
#1359 = ( GEOMETRIC_REPRESENTATION_CONTEXT(2) 
PARAMETRIC_REPRESENTATION_CONTEXT() REPRESENTATION_CONTEXT('2D SPACE',''
  ) );
#1360 = PCURVE('',#1123,#1361);
#1361 = DEFINITIONAL_REPRESENTATION('',(#1362),#1366);
#1362 = LINE('',#1363,#1364);
#1363 = CARTESIAN_POINT('',(-4.442756422308,0.4025));
#1364 = VECTOR('',#1365,1.);
#1365 = DIRECTION('',(-0.990881024199,-0.134739733865));
#1366 = ( GEOMETRIC_REPRESENTATION_CONTEXT(2) 
PARAMETRIC_REPRESENTATION_CONTEXT() REPRESENTATION_CONTEXT('2D SPACE',''
  ) );
#1367 = ORIENTED_EDGE('',*,*,#1368,.F.);
#1368 = EDGE_CURVE('',#1369,#1346,#1371,.T.);
#1369 = VERTEX_POINT('',#1370);
#1370 = CARTESIAN_POINT('',(0.,14.8,-4.72));
#1371 = SURFACE_CURVE('',#1372,(#1376,#1383),.PCURVE_S1.);
#1372 = LINE('',#1373,#1374);
#1373 = CARTESIAN_POINT('',(0.,14.8,-4.72));
#1374 = VECTOR('',#1375,1.);
#1375 = DIRECTION('',(0.,0.,-1.));
#1376 = PCURVE('',#1308,#1377);
#1377 = DEFINITIONAL_REPRESENTATION('',(#1378),#1382);
#1378 = LINE('',#1379,#1380);
#1379 = CARTESIAN_POINT('',(2.98724057451,0.));
#1380 = VECTOR('',#1381,1.);
#1381 = DIRECTION('',(0.,-1.));
#1382 = ( GEOMETRIC_REPRESENTATION_CONTEXT(2) 
PARAMETRIC_REPRESENTATION_CONTEXT() REPRESENTATION_CONTEXT('2D SPACE',''
  ) );
#1383 = PCURVE('',#1384,#1389);
#1384 = PLANE('',#1385);
#1385 = AXIS2_PLACEMENT_3D('',#1386,#1387,#1388);
#1386 = CARTESIAN_POINT('',(0.,14.8,-4.72));
#1387 = DIRECTION('',(-0.990881024199,-0.134739733865,0.));
#1388 = DIRECTION('',(0.134739733865,-0.990881024199,0.));
#1389 = DEFINITIONAL_REPRESENTATION('',(#1390),#1394);
#1390 = LINE('',#1391,#1392);
#1391 = CARTESIAN_POINT('',(0.,0.));
#1392 = VECTOR('',#1393,1.);
#1393 = DIRECTION('',(0.,-1.));
#1394 = ( GEOMETRIC_REPRESENTATION_CONTEXT(2) 
PARAMETRIC_REPRESENTATION_CONTEXT() REPRESENTATION_CONTEXT('2D SPACE',''
  ) );
#1395 = ORIENTED_EDGE('',*,*,#1396,.F.);
#1396 = EDGE_CURVE('',#1293,#1369,#1397,.T.);
#1397 = SURFACE_CURVE('',#1398,(#1402,#1409),.PCURVE_S1.);
#1398 = LINE('',#1399,#1400);
#1399 = CARTESIAN_POINT('',(-0.4025,11.84,-4.72));
#1400 = VECTOR('',#1401,1.);
#1401 = DIRECTION('',(0.134739733865,0.990881024199,0.));
#1402 = PCURVE('',#1308,#1403);
#1403 = DEFINITIONAL_REPRESENTATION('',(#1404),#1408);
#1404 = LINE('',#1405,#1406);
#1405 = CARTESIAN_POINT('',(0.,0.));
#1406 = VECTOR('',#1407,1.);
#1407 = DIRECTION('',(1.,0.));
#1408 = ( GEOMETRIC_REPRESENTATION_CONTEXT(2) 
PARAMETRIC_REPRESENTATION_CONTEXT() REPRESENTATION_CONTEXT('2D SPACE',''
  ) );
#1409 = PCURVE('',#1177,#1410);
#1410 = DEFINITIONAL_REPRESENTATION('',(#1411),#1415);
#1411 = LINE('',#1412,#1413);
#1412 = CARTESIAN_POINT('',(-4.442756422308,0.4025));
#1413 = VECTOR('',#1414,1.);
#1414 = DIRECTION('',(-0.990881024199,-0.134739733865));
#1415 = ( GEOMETRIC_REPRESENTATION_CONTEXT(2) 
PARAMETRIC_REPRESENTATION_CONTEXT() REPRESENTATION_CONTEXT('2D SPACE',''
  ) );
#1416 = ADVANCED_FACE('',(#1417),#1384,.F.);
#1417 = FACE_BOUND('',#1418,.F.);
#1418 = EDGE_LOOP('',(#1419,#1420,#1443,#1471));
#1419 = ORIENTED_EDGE('',*,*,#1368,.T.);
#1420 = ORIENTED_EDGE('',*,*,#1421,.T.);
#1421 = EDGE_CURVE('',#1346,#1422,#1424,.T.);
#1422 = VERTEX_POINT('',#1423);
#1423 = CARTESIAN_POINT('',(0.4025,11.84,-4.88));
#1424 = SURFACE_CURVE('',#1425,(#1429,#1436),.PCURVE_S1.);
#1425 = LINE('',#1426,#1427);
#1426 = CARTESIAN_POINT('',(0.,14.8,-4.88));
#1427 = VECTOR('',#1428,1.);
#1428 = DIRECTION('',(0.134739733865,-0.990881024199,0.));
#1429 = PCURVE('',#1384,#1430);
#1430 = DEFINITIONAL_REPRESENTATION('',(#1431),#1435);
#1431 = LINE('',#1432,#1433);
#1432 = CARTESIAN_POINT('',(-0.,-0.16));
#1433 = VECTOR('',#1434,1.);
#1434 = DIRECTION('',(1.,0.));
#1435 = ( GEOMETRIC_REPRESENTATION_CONTEXT(2) 
PARAMETRIC_REPRESENTATION_CONTEXT() REPRESENTATION_CONTEXT('2D SPACE',''
  ) );
#1436 = PCURVE('',#1123,#1437);
#1437 = DEFINITIONAL_REPRESENTATION('',(#1438),#1442);
#1438 = LINE('',#1439,#1440);
#1439 = CARTESIAN_POINT('',(-7.402756422308,-1.210212290248E-17));
#1440 = VECTOR('',#1441,1.);
#1441 = DIRECTION('',(0.990881024199,-0.134739733865));
#1442 = ( GEOMETRIC_REPRESENTATION_CONTEXT(2) 
PARAMETRIC_REPRESENTATION_CONTEXT() REPRESENTATION_CONTEXT('2D SPACE',''
  ) );
#1443 = ORIENTED_EDGE('',*,*,#1444,.F.);
#1444 = EDGE_CURVE('',#1445,#1422,#1447,.T.);
#1445 = VERTEX_POINT('',#1446);
#1446 = CARTESIAN_POINT('',(0.4025,11.84,-4.72));
#1447 = SURFACE_CURVE('',#1448,(#1452,#1459),.PCURVE_S1.);
#1448 = LINE('',#1449,#1450);
#1449 = CARTESIAN_POINT('',(0.4025,11.84,-4.72));
#1450 = VECTOR('',#1451,1.);
#1451 = DIRECTION('',(0.,0.,-1.));
#1452 = PCURVE('',#1384,#1453);
#1453 = DEFINITIONAL_REPRESENTATION('',(#1454),#1458);
#1454 = LINE('',#1455,#1456);
#1455 = CARTESIAN_POINT('',(2.98724057451,0.));
#1456 = VECTOR('',#1457,1.);
#1457 = DIRECTION('',(0.,-1.));
#1458 = ( GEOMETRIC_REPRESENTATION_CONTEXT(2) 
PARAMETRIC_REPRESENTATION_CONTEXT() REPRESENTATION_CONTEXT('2D SPACE',''
  ) );
#1459 = PCURVE('',#1460,#1465);
#1460 = PLANE('',#1461);
#1461 = AXIS2_PLACEMENT_3D('',#1462,#1463,#1464);
#1462 = CARTESIAN_POINT('',(0.4025,11.84,-4.72));
#1463 = DIRECTION('',(-0.999211040797,-3.97151853773E-02,0.));
#1464 = DIRECTION('',(3.97151853773E-02,-0.999211040797,0.));
#1465 = DEFINITIONAL_REPRESENTATION('',(#1466),#1470);
#1466 = LINE('',#1467,#1468);
#1467 = CARTESIAN_POINT('',(0.,0.));
#1468 = VECTOR('',#1469,1.);
#1469 = DIRECTION('',(0.,-1.));
#1470 = ( GEOMETRIC_REPRESENTATION_CONTEXT(2) 
PARAMETRIC_REPRESENTATION_CONTEXT() REPRESENTATION_CONTEXT('2D SPACE',''
  ) );
#1471 = ORIENTED_EDGE('',*,*,#1472,.F.);
#1472 = EDGE_CURVE('',#1369,#1445,#1473,.T.);
#1473 = SURFACE_CURVE('',#1474,(#1478,#1485),.PCURVE_S1.);
#1474 = LINE('',#1475,#1476);
#1475 = CARTESIAN_POINT('',(0.,14.8,-4.72));
#1476 = VECTOR('',#1477,1.);
#1477 = DIRECTION('',(0.134739733865,-0.990881024199,0.));
#1478 = PCURVE('',#1384,#1479);
#1479 = DEFINITIONAL_REPRESENTATION('',(#1480),#1484);
#1480 = LINE('',#1481,#1482);
#1481 = CARTESIAN_POINT('',(0.,0.));
#1482 = VECTOR('',#1483,1.);
#1483 = DIRECTION('',(1.,0.));
#1484 = ( GEOMETRIC_REPRESENTATION_CONTEXT(2) 
PARAMETRIC_REPRESENTATION_CONTEXT() REPRESENTATION_CONTEXT('2D SPACE',''
  ) );
#1485 = PCURVE('',#1177,#1486);
#1486 = DEFINITIONAL_REPRESENTATION('',(#1487),#1491);
#1487 = LINE('',#1488,#1489);
#1488 = CARTESIAN_POINT('',(-7.402756422308,-1.210212290248E-17));
#1489 = VECTOR('',#1490,1.);
#1490 = DIRECTION('',(0.990881024199,-0.134739733865));
#1491 = ( GEOMETRIC_REPRESENTATION_CONTEXT(2) 
PARAMETRIC_REPRESENTATION_CONTEXT() REPRESENTATION_CONTEXT('2D SPACE',''
  ) );
#1492 = ADVANCED_FACE('',(#1493),#1460,.F.);
#1493 = FACE_BOUND('',#1494,.F.);
#1494 = EDGE_LOOP('',(#1495,#1496,#1519,#1547));
#1495 = ORIENTED_EDGE('',*,*,#1444,.T.);
#1496 = ORIENTED_EDGE('',*,*,#1497,.T.);
#1497 = EDGE_CURVE('',#1422,#1498,#1500,.T.);
#1498 = VERTEX_POINT('',#1499);
#1499 = CARTESIAN_POINT('',(0.575,7.5,-4.88));
#1500 = SURFACE_CURVE('',#1501,(#1505,#1512),.PCURVE_S1.);
#1501 = LINE('',#1502,#1503);
#1502 = CARTESIAN_POINT('',(0.4025,11.84,-4.88));
#1503 = VECTOR('',#1504,1.);
#1504 = DIRECTION('',(3.97151853773E-02,-0.999211040797,0.));
#1505 = PCURVE('',#1460,#1506);
#1506 = DEFINITIONAL_REPRESENTATION('',(#1507),#1511);
#1507 = LINE('',#1508,#1509);
#1508 = CARTESIAN_POINT('',(-0.,-0.16));
#1509 = VECTOR('',#1510,1.);
#1510 = DIRECTION('',(1.,0.));
#1511 = ( GEOMETRIC_REPRESENTATION_CONTEXT(2) 
PARAMETRIC_REPRESENTATION_CONTEXT() REPRESENTATION_CONTEXT('2D SPACE',''
  ) );
#1512 = PCURVE('',#1123,#1513);
#1513 = DEFINITIONAL_REPRESENTATION('',(#1514),#1518);
#1514 = LINE('',#1515,#1516);
#1515 = CARTESIAN_POINT('',(-4.442756422308,-0.4025));
#1516 = VECTOR('',#1517,1.);
#1517 = DIRECTION('',(0.999211040797,-3.97151853773E-02));
#1518 = ( GEOMETRIC_REPRESENTATION_CONTEXT(2) 
PARAMETRIC_REPRESENTATION_CONTEXT() REPRESENTATION_CONTEXT('2D SPACE',''
  ) );
#1519 = ORIENTED_EDGE('',*,*,#1520,.F.);
#1520 = EDGE_CURVE('',#1521,#1498,#1523,.T.);
#1521 = VERTEX_POINT('',#1522);
#1522 = CARTESIAN_POINT('',(0.575,7.5,-4.72));
#1523 = SURFACE_CURVE('',#1524,(#1528,#1535),.PCURVE_S1.);
#1524 = LINE('',#1525,#1526);
#1525 = CARTESIAN_POINT('',(0.575,7.5,-4.72));
#1526 = VECTOR('',#1527,1.);
#1527 = DIRECTION('',(0.,0.,-1.));
#1528 = PCURVE('',#1460,#1529);
#1529 = DEFINITIONAL_REPRESENTATION('',(#1530),#1534);
#1530 = LINE('',#1531,#1532);
#1531 = CARTESIAN_POINT('',(4.343426786536,0.));
#1532 = VECTOR('',#1533,1.);
#1533 = DIRECTION('',(0.,-1.));
#1534 = ( GEOMETRIC_REPRESENTATION_CONTEXT(2) 
PARAMETRIC_REPRESENTATION_CONTEXT() REPRESENTATION_CONTEXT('2D SPACE',''
  ) );
#1535 = PCURVE('',#1536,#1541);
#1536 = PLANE('',#1537);
#1537 = AXIS2_PLACEMENT_3D('',#1538,#1539,#1540);
#1538 = CARTESIAN_POINT('',(0.575,7.5,-4.72));
#1539 = DIRECTION('',(-0.999673616649,2.554721464769E-02,0.));
#1540 = DIRECTION('',(-2.554721464769E-02,-0.999673616649,0.));
#1541 = DEFINITIONAL_REPRESENTATION('',(#1542),#1546);
#1542 = LINE('',#1543,#1544);
#1543 = CARTESIAN_POINT('',(0.,0.));
#1544 = VECTOR('',#1545,1.);
#1545 = DIRECTION('',(0.,-1.));
#1546 = ( GEOMETRIC_REPRESENTATION_CONTEXT(2) 
PARAMETRIC_REPRESENTATION_CONTEXT() REPRESENTATION_CONTEXT('2D SPACE',''
  ) );
#1547 = ORIENTED_EDGE('',*,*,#1548,.F.);
#1548 = EDGE_CURVE('',#1445,#1521,#1549,.T.);
#1549 = SURFACE_CURVE('',#1550,(#1554,#1561),.PCURVE_S1.);
#1550 = LINE('',#1551,#1552);
#1551 = CARTESIAN_POINT('',(0.4025,11.84,-4.72));
#1552 = VECTOR('',#1553,1.);
#1553 = DIRECTION('',(3.97151853773E-02,-0.999211040797,0.));
#1554 = PCURVE('',#1460,#1555);
#1555 = DEFINITIONAL_REPRESENTATION('',(#1556),#1560);
#1556 = LINE('',#1557,#1558);
#1557 = CARTESIAN_POINT('',(0.,0.));
#1558 = VECTOR('',#1559,1.);
#1559 = DIRECTION('',(1.,0.));
#1560 = ( GEOMETRIC_REPRESENTATION_CONTEXT(2) 
PARAMETRIC_REPRESENTATION_CONTEXT() REPRESENTATION_CONTEXT('2D SPACE',''
  ) );
#1561 = PCURVE('',#1177,#1562);
#1562 = DEFINITIONAL_REPRESENTATION('',(#1563),#1567);
#1563 = LINE('',#1564,#1565);
#1564 = CARTESIAN_POINT('',(-4.442756422308,-0.4025));
#1565 = VECTOR('',#1566,1.);
#1566 = DIRECTION('',(0.999211040797,-3.97151853773E-02));
#1567 = ( GEOMETRIC_REPRESENTATION_CONTEXT(2) 
PARAMETRIC_REPRESENTATION_CONTEXT() REPRESENTATION_CONTEXT('2D SPACE',''
  ) );
#1568 = ADVANCED_FACE('',(#1569),#1536,.F.);
#1569 = FACE_BOUND('',#1570,.F.);
#1570 = EDGE_LOOP('',(#1571,#1572,#1595,#1618));
#1571 = ORIENTED_EDGE('',*,*,#1520,.T.);
#1572 = ORIENTED_EDGE('',*,*,#1573,.T.);
#1573 = EDGE_CURVE('',#1498,#1574,#1576,.T.);
#1574 = VERTEX_POINT('',#1575);
#1575 = CARTESIAN_POINT('',(0.46,3.,-4.88));
#1576 = SURFACE_CURVE('',#1577,(#1581,#1588),.PCURVE_S1.);
#1577 = LINE('',#1578,#1579);
#1578 = CARTESIAN_POINT('',(0.575,7.5,-4.88));
#1579 = VECTOR('',#1580,1.);
#1580 = DIRECTION('',(-2.554721464769E-02,-0.999673616649,0.));
#1581 = PCURVE('',#1536,#1582);
#1582 = DEFINITIONAL_REPRESENTATION('',(#1583),#1587);
#1583 = LINE('',#1584,#1585);
#1584 = CARTESIAN_POINT('',(0.,-0.16));
#1585 = VECTOR('',#1586,1.);
#1586 = DIRECTION('',(1.,0.));
#1587 = ( GEOMETRIC_REPRESENTATION_CONTEXT(2) 
PARAMETRIC_REPRESENTATION_CONTEXT() REPRESENTATION_CONTEXT('2D SPACE',''
  ) );
#1588 = PCURVE('',#1123,#1589);
#1589 = DEFINITIONAL_REPRESENTATION('',(#1590),#1594);
#1590 = LINE('',#1591,#1592);
#1591 = CARTESIAN_POINT('',(-0.102756422308,-0.575));
#1592 = VECTOR('',#1593,1.);
#1593 = DIRECTION('',(0.999673616649,2.554721464769E-02));
#1594 = ( GEOMETRIC_REPRESENTATION_CONTEXT(2) 
PARAMETRIC_REPRESENTATION_CONTEXT() REPRESENTATION_CONTEXT('2D SPACE',''
  ) );
#1595 = ORIENTED_EDGE('',*,*,#1596,.F.);
#1596 = EDGE_CURVE('',#1597,#1574,#1599,.T.);
#1597 = VERTEX_POINT('',#1598);
#1598 = CARTESIAN_POINT('',(0.46,3.,-4.72));
#1599 = SURFACE_CURVE('',#1600,(#1604,#1611),.PCURVE_S1.);
#1600 = LINE('',#1601,#1602);
#1601 = CARTESIAN_POINT('',(0.46,3.,-4.72));
#1602 = VECTOR('',#1603,1.);
#1603 = DIRECTION('',(0.,0.,-1.));
#1604 = PCURVE('',#1536,#1605);
#1605 = DEFINITIONAL_REPRESENTATION('',(#1606),#1610);
#1606 = LINE('',#1607,#1608);
#1607 = CARTESIAN_POINT('',(4.501469204604,0.));
#1608 = VECTOR('',#1609,1.);
#1609 = DIRECTION('',(0.,-1.));
#1610 = ( GEOMETRIC_REPRESENTATION_CONTEXT(2) 
PARAMETRIC_REPRESENTATION_CONTEXT() REPRESENTATION_CONTEXT('2D SPACE',''
  ) );
#1611 = PCURVE('',#1095,#1612);
#1612 = DEFINITIONAL_REPRESENTATION('',(#1613),#1617);
#1613 = LINE('',#1614,#1615);
#1614 = CARTESIAN_POINT('',(0.,0.));
#1615 = VECTOR('',#1616,1.);
#1616 = DIRECTION('',(0.,-1.));
#1617 = ( GEOMETRIC_REPRESENTATION_CONTEXT(2) 
PARAMETRIC_REPRESENTATION_CONTEXT() REPRESENTATION_CONTEXT('2D SPACE',''
  ) );
#1618 = ORIENTED_EDGE('',*,*,#1619,.F.);
#1619 = EDGE_CURVE('',#1521,#1597,#1620,.T.);
#1620 = SURFACE_CURVE('',#1621,(#1625,#1632),.PCURVE_S1.);
#1621 = LINE('',#1622,#1623);
#1622 = CARTESIAN_POINT('',(0.575,7.5,-4.72));
#1623 = VECTOR('',#1624,1.);
#1624 = DIRECTION('',(-2.554721464769E-02,-0.999673616649,0.));
#1625 = PCURVE('',#1536,#1626);
#1626 = DEFINITIONAL_REPRESENTATION('',(#1627),#1631);
#1627 = LINE('',#1628,#1629);
#1628 = CARTESIAN_POINT('',(0.,0.));
#1629 = VECTOR('',#1630,1.);
#1630 = DIRECTION('',(1.,0.));
#1631 = ( GEOMETRIC_REPRESENTATION_CONTEXT(2) 
PARAMETRIC_REPRESENTATION_CONTEXT() REPRESENTATION_CONTEXT('2D SPACE',''
  ) );
#1632 = PCURVE('',#1177,#1633);
#1633 = DEFINITIONAL_REPRESENTATION('',(#1634),#1638);
#1634 = LINE('',#1635,#1636);
#1635 = CARTESIAN_POINT('',(-0.102756422308,-0.575));
#1636 = VECTOR('',#1637,1.);
#1637 = DIRECTION('',(0.999673616649,2.554721464769E-02));
#1638 = ( GEOMETRIC_REPRESENTATION_CONTEXT(2) 
PARAMETRIC_REPRESENTATION_CONTEXT() REPRESENTATION_CONTEXT('2D SPACE',''
  ) );
#1639 = ADVANCED_FACE('',(#1640),#1095,.F.);
#1640 = FACE_BOUND('',#1641,.F.);
#1641 = EDGE_LOOP('',(#1642,#1643,#1664,#1665));
#1642 = ORIENTED_EDGE('',*,*,#1596,.T.);
#1643 = ORIENTED_EDGE('',*,*,#1644,.T.);
#1644 = EDGE_CURVE('',#1574,#1075,#1645,.T.);
#1645 = SURFACE_CURVE('',#1646,(#1650,#1657),.PCURVE_S1.);
#1646 = LINE('',#1647,#1648);
#1647 = CARTESIAN_POINT('',(0.46,3.,-4.88));
#1648 = VECTOR('',#1649,1.);
#1649 = DIRECTION('',(-0.151561989031,-0.988447754553,0.));
#1650 = PCURVE('',#1095,#1651);
#1651 = DEFINITIONAL_REPRESENTATION('',(#1652),#1656);
#1652 = LINE('',#1653,#1654);
#1653 = CARTESIAN_POINT('',(0.,-0.16));
#1654 = VECTOR('',#1655,1.);
#1655 = DIRECTION('',(1.,0.));
#1656 = ( GEOMETRIC_REPRESENTATION_CONTEXT(2) 
PARAMETRIC_REPRESENTATION_CONTEXT() REPRESENTATION_CONTEXT('2D SPACE',''
  ) );
#1657 = PCURVE('',#1123,#1658);
#1658 = DEFINITIONAL_REPRESENTATION('',(#1659),#1663);
#1659 = LINE('',#1660,#1661);
#1660 = CARTESIAN_POINT('',(4.397243577692,-0.46));
#1661 = VECTOR('',#1662,1.);
#1662 = DIRECTION('',(0.988447754553,0.151561989031));
#1663 = ( GEOMETRIC_REPRESENTATION_CONTEXT(2) 
PARAMETRIC_REPRESENTATION_CONTEXT() REPRESENTATION_CONTEXT('2D SPACE',''
  ) );
#1664 = ORIENTED_EDGE('',*,*,#1072,.F.);
#1665 = ORIENTED_EDGE('',*,*,#1666,.F.);
#1666 = EDGE_CURVE('',#1597,#1073,#1667,.T.);
#1667 = SURFACE_CURVE('',#1668,(#1672,#1679),.PCURVE_S1.);
#1668 = LINE('',#1669,#1670);
#1669 = CARTESIAN_POINT('',(0.46,3.,-4.72));
#1670 = VECTOR('',#1671,1.);
#1671 = DIRECTION('',(-0.151561989031,-0.988447754553,0.));
#1672 = PCURVE('',#1095,#1673);
#1673 = DEFINITIONAL_REPRESENTATION('',(#1674),#1678);
#1674 = LINE('',#1675,#1676);
#1675 = CARTESIAN_POINT('',(0.,0.));
#1676 = VECTOR('',#1677,1.);
#1677 = DIRECTION('',(1.,0.));
#1678 = ( GEOMETRIC_REPRESENTATION_CONTEXT(2) 
PARAMETRIC_REPRESENTATION_CONTEXT() REPRESENTATION_CONTEXT('2D SPACE',''
  ) );
#1679 = PCURVE('',#1177,#1680);
#1680 = DEFINITIONAL_REPRESENTATION('',(#1681),#1685);
#1681 = LINE('',#1682,#1683);
#1682 = CARTESIAN_POINT('',(4.397243577692,-0.46));
#1683 = VECTOR('',#1684,1.);
#1684 = DIRECTION('',(0.988447754553,0.151561989031));
#1685 = ( GEOMETRIC_REPRESENTATION_CONTEXT(2) 
PARAMETRIC_REPRESENTATION_CONTEXT() REPRESENTATION_CONTEXT('2D SPACE',''
  ) );
#1686 = ADVANCED_FACE('',(#1687),#1177,.F.);
#1687 = FACE_BOUND('',#1688,.F.);
#1688 = EDGE_LOOP('',(#1689,#1690,#1691,#1692,#1693,#1694,#1695,#1696));
#1689 = ORIENTED_EDGE('',*,*,#1163,.T.);
#1690 = ORIENTED_EDGE('',*,*,#1244,.T.);
#1691 = ORIENTED_EDGE('',*,*,#1320,.T.);
#1692 = ORIENTED_EDGE('',*,*,#1396,.T.);
#1693 = ORIENTED_EDGE('',*,*,#1472,.T.);
#1694 = ORIENTED_EDGE('',*,*,#1548,.T.);
#1695 = ORIENTED_EDGE('',*,*,#1619,.T.);
#1696 = ORIENTED_EDGE('',*,*,#1666,.T.);
#1697 = ADVANCED_FACE('',(#1698),#1123,.T.);
#1698 = FACE_BOUND('',#1699,.T.);
#1699 = EDGE_LOOP('',(#1700,#1701,#1702,#1703,#1704,#1705,#1706,#1707));
#1700 = ORIENTED_EDGE('',*,*,#1107,.T.);
#1701 = ORIENTED_EDGE('',*,*,#1193,.T.);
#1702 = ORIENTED_EDGE('',*,*,#1269,.T.);
#1703 = ORIENTED_EDGE('',*,*,#1345,.T.);
#1704 = ORIENTED_EDGE('',*,*,#1421,.T.);
#1705 = ORIENTED_EDGE('',*,*,#1497,.T.);
#1706 = ORIENTED_EDGE('',*,*,#1573,.T.);
#1707 = ORIENTED_EDGE('',*,*,#1644,.T.);
#1708 = ( GEOMETRIC_REPRESENTATION_CONTEXT(3) 
GLOBAL_UNCERTAINTY_ASSIGNED_CONTEXT((#1712)) 
GLOBAL_UNIT_ASSIGNED_CONTEXT((#1709,#1710,#1711)) REPRESENTATION_CONTEXT
('Context #1','3D Context with UNIT and UNCERTAINTY') );
#1709 = ( LENGTH_UNIT() NAMED_UNIT(*) SI_UNIT(.MILLI.,.METRE.) );
#1710 = ( NAMED_UNIT(*) PLANE_ANGLE_UNIT() SI_UNIT($,.RADIAN.) );
#1711 = ( NAMED_UNIT(*) SI_UNIT($,.STERADIAN.) SOLID_ANGLE_UNIT() );
#1712 = UNCERTAINTY_MEASURE_WITH_UNIT(LENGTH_MEASURE(1.E-07),#1709,
  'distance_accuracy_value','confusion accuracy');
#1713 = CONTEXT_DEPENDENT_SHAPE_REPRESENTATION(#1714,#1716);
#1714 = ( REPRESENTATION_RELATIONSHIP('','',#883,#10) 
REPRESENTATION_RELATIONSHIP_WITH_TRANSFORMATION(#1715) 
SHAPE_REPRESENTATION_RELATIONSHIP() );
#1715 = ITEM_DEFINED_TRANSFORMATION('','',#11,#19);
#1716 = PRODUCT_DEFINITION_SHAPE('Placement','Placement of an item',
  #1717);
#1717 = NEXT_ASSEMBLY_USAGE_OCCURRENCE('2','part_o1.2','',#5,#878,$);
#1718 = PRODUCT_RELATED_PRODUCT_CATEGORY('part',$,(#880));
#1719 = SHAPE_DEFINITION_REPRESENTATION(#1720,#1726);
#1720 = PRODUCT_DEFINITION_SHAPE('','',#1721);
#1721 = PRODUCT_DEFINITION('design','',#1722,#1725);
#1722 = PRODUCT_DEFINITION_FORMATION('','',#1723);
#1723 = PRODUCT('part_o1.3','part_o1.3','',(#1724));
#1724 = PRODUCT_CONTEXT('',#2,'mechanical');
#1725 = PRODUCT_DEFINITION_CONTEXT('part definition',#2,'design');
#1726 = SHAPE_REPRESENTATION('',(#11,#1727,#2291),#2473);
#1727 = MANIFOLD_SOLID_BREP('',#1728);
#1728 = CLOSED_SHELL('',(#1729,#1849,#1925,#2001,#2107,#2203,#2230,#2257
    ,#2284));
#1729 = ADVANCED_FACE('',(#1730),#1744,.T.);
#1730 = FACE_BOUND('',#1731,.T.);
#1731 = EDGE_LOOP('',(#1732,#1767,#1795,#1823));
#1732 = ORIENTED_EDGE('',*,*,#1733,.T.);
#1733 = EDGE_CURVE('',#1734,#1736,#1738,.T.);
#1734 = VERTEX_POINT('',#1735);
#1735 = CARTESIAN_POINT('',(-9.1,0.,-4.24));
#1736 = VERTEX_POINT('',#1737);
#1737 = CARTESIAN_POINT('',(-9.1,0.,-4.36));
#1738 = SURFACE_CURVE('',#1739,(#1743,#1755),.PCURVE_S1.);
#1739 = LINE('',#1740,#1741);
#1740 = CARTESIAN_POINT('',(-9.1,0.,-4.24));
#1741 = VECTOR('',#1742,1.);
#1742 = DIRECTION('',(-0.,-0.,-1.));
#1743 = PCURVE('',#1744,#1749);
#1744 = PLANE('',#1745);
#1745 = AXIS2_PLACEMENT_3D('',#1746,#1747,#1748);
#1746 = CARTESIAN_POINT('',(-9.1,0.,-4.24));
#1747 = DIRECTION('',(-0.985622254813,0.168963815111,0.));
#1748 = DIRECTION('',(-0.168963815111,-0.985622254813,0.));
#1749 = DEFINITIONAL_REPRESENTATION('',(#1750),#1754);
#1750 = LINE('',#1751,#1752);
#1751 = CARTESIAN_POINT('',(0.,0.));
#1752 = VECTOR('',#1753,1.);
#1753 = DIRECTION('',(0.,-1.));
#1754 = ( GEOMETRIC_REPRESENTATION_CONTEXT(2) 
PARAMETRIC_REPRESENTATION_CONTEXT() REPRESENTATION_CONTEXT('2D SPACE',''
  ) );
#1755 = PCURVE('',#1756,#1761);
#1756 = PLANE('',#1757);
#1757 = AXIS2_PLACEMENT_3D('',#1758,#1759,#1760);
#1758 = CARTESIAN_POINT('',(-9.1,0.,-4.24));
#1759 = DIRECTION('',(0.999903563335,-1.388754949076E-02,0.));
#1760 = DIRECTION('',(1.388754949076E-02,0.999903563335,0.));
#1761 = DEFINITIONAL_REPRESENTATION('',(#1762),#1766);
#1762 = LINE('',#1763,#1764);
#1763 = CARTESIAN_POINT('',(0.,0.));
#1764 = VECTOR('',#1765,1.);
#1765 = DIRECTION('',(0.,-1.));
#1766 = ( GEOMETRIC_REPRESENTATION_CONTEXT(2) 
PARAMETRIC_REPRESENTATION_CONTEXT() REPRESENTATION_CONTEXT('2D SPACE',''
  ) );
#1767 = ORIENTED_EDGE('',*,*,#1768,.T.);
#1768 = EDGE_CURVE('',#1736,#1769,#1771,.T.);
#1769 = VERTEX_POINT('',#1770);
#1770 = CARTESIAN_POINT('',(-9.22,-0.7,-4.36));
#1771 = SURFACE_CURVE('',#1772,(#1776,#1783),.PCURVE_S1.);
#1772 = LINE('',#1773,#1774);
#1773 = CARTESIAN_POINT('',(-9.1,0.,-4.36));
#1774 = VECTOR('',#1775,1.);
#1775 = DIRECTION('',(-0.168963815111,-0.985622254813,0.));
#1776 = PCURVE('',#1744,#1777);
#1777 = DEFINITIONAL_REPRESENTATION('',(#1778),#1782);
#1778 = LINE('',#1779,#1780);
#1779 = CARTESIAN_POINT('',(-0.,-0.12));
#1780 = VECTOR('',#1781,1.);
#1781 = DIRECTION('',(1.,0.));
#1782 = ( GEOMETRIC_REPRESENTATION_CONTEXT(2) 
PARAMETRIC_REPRESENTATION_CONTEXT() REPRESENTATION_CONTEXT('2D SPACE',''
  ) );
#1783 = PCURVE('',#1784,#1789);
#1784 = PLANE('',#1785);
#1785 = AXIS2_PLACEMENT_3D('',#1786,#1787,#1788);
#1786 = CARTESIAN_POINT('',(-9.,-0.520582066762,-4.36));
#1787 = DIRECTION('',(0.,0.,1.));
#1788 = DIRECTION('',(1.,0.,-0.));
#1789 = DEFINITIONAL_REPRESENTATION('',(#1790),#1794);
#1790 = LINE('',#1791,#1792);
#1791 = CARTESIAN_POINT('',(-1.E-01,0.520582066762));
#1792 = VECTOR('',#1793,1.);
#1793 = DIRECTION('',(-0.168963815111,-0.985622254813));
#1794 = ( GEOMETRIC_REPRESENTATION_CONTEXT(2) 
PARAMETRIC_REPRESENTATION_CONTEXT() REPRESENTATION_CONTEXT('2D SPACE',''
  ) );
#1795 = ORIENTED_EDGE('',*,*,#1796,.F.);
#1796 = EDGE_CURVE('',#1797,#1769,#1799,.T.);
#1797 = VERTEX_POINT('',#1798);
#1798 = CARTESIAN_POINT('',(-9.22,-0.7,-4.24));
#1799 = SURFACE_CURVE('',#1800,(#1804,#1811),.PCURVE_S1.);
#1800 = LINE('',#1801,#1802);
#1801 = CARTESIAN_POINT('',(-9.22,-0.7,-4.24));
#1802 = VECTOR('',#1803,1.);
#1803 = DIRECTION('',(-0.,-0.,-1.));
#1804 = PCURVE('',#1744,#1805);
#1805 = DEFINITIONAL_REPRESENTATION('',(#1806),#1810);
#1806 = LINE('',#1807,#1808);
#1807 = CARTESIAN_POINT('',(0.710211236183,0.));
#1808 = VECTOR('',#1809,1.);
#1809 = DIRECTION('',(0.,-1.));
#1810 = ( GEOMETRIC_REPRESENTATION_CONTEXT(2) 
PARAMETRIC_REPRESENTATION_CONTEXT() REPRESENTATION_CONTEXT('2D SPACE',''
  ) );
#1811 = PCURVE('',#1812,#1817);
#1812 = PLANE('',#1813);
#1813 = AXIS2_PLACEMENT_3D('',#1814,#1815,#1816);
#1814 = CARTESIAN_POINT('',(-9.22,-0.7,-4.24));
#1815 = DIRECTION('',(-0.876215908677,-0.481918749772,0.));
#1816 = DIRECTION('',(0.481918749772,-0.876215908677,0.));
#1817 = DEFINITIONAL_REPRESENTATION('',(#1818),#1822);
#1818 = LINE('',#1819,#1820);
#1819 = CARTESIAN_POINT('',(0.,0.));
#1820 = VECTOR('',#1821,1.);
#1821 = DIRECTION('',(0.,-1.));
#1822 = ( GEOMETRIC_REPRESENTATION_CONTEXT(2) 
PARAMETRIC_REPRESENTATION_CONTEXT() REPRESENTATION_CONTEXT('2D SPACE',''
  ) );
#1823 = ORIENTED_EDGE('',*,*,#1824,.F.);
#1824 = EDGE_CURVE('',#1734,#1797,#1825,.T.);
#1825 = SURFACE_CURVE('',#1826,(#1830,#1837),.PCURVE_S1.);
#1826 = LINE('',#1827,#1828);
#1827 = CARTESIAN_POINT('',(-9.1,0.,-4.24));
#1828 = VECTOR('',#1829,1.);
#1829 = DIRECTION('',(-0.168963815111,-0.985622254813,0.));
#1830 = PCURVE('',#1744,#1831);
#1831 = DEFINITIONAL_REPRESENTATION('',(#1832),#1836);
#1832 = LINE('',#1833,#1834);
#1833 = CARTESIAN_POINT('',(0.,0.));
#1834 = VECTOR('',#1835,1.);
#1835 = DIRECTION('',(1.,0.));
#1836 = ( GEOMETRIC_REPRESENTATION_CONTEXT(2) 
PARAMETRIC_REPRESENTATION_CONTEXT() REPRESENTATION_CONTEXT('2D SPACE',''
  ) );
#1837 = PCURVE('',#1838,#1843);
#1838 = PLANE('',#1839);
#1839 = AXIS2_PLACEMENT_3D('',#1840,#1841,#1842);
#1840 = CARTESIAN_POINT('',(-9.,-0.520582066762,-4.24));
#1841 = DIRECTION('',(0.,0.,1.));
#1842 = DIRECTION('',(1.,0.,-0.));
#1843 = DEFINITIONAL_REPRESENTATION('',(#1844),#1848);
#1844 = LINE('',#1845,#1846);
#1845 = CARTESIAN_POINT('',(-1.E-01,0.520582066762));
#1846 = VECTOR('',#1847,1.);
#1847 = DIRECTION('',(-0.168963815111,-0.985622254813));
#1848 = ( GEOMETRIC_REPRESENTATION_CONTEXT(2) 
PARAMETRIC_REPRESENTATION_CONTEXT() REPRESENTATION_CONTEXT('2D SPACE',''
  ) );
#1849 = ADVANCED_FACE('',(#1850),#1756,.F.);
#1850 = FACE_BOUND('',#1851,.F.);
#1851 = EDGE_LOOP('',(#1852,#1853,#1876,#1904));
#1852 = ORIENTED_EDGE('',*,*,#1733,.T.);
#1853 = ORIENTED_EDGE('',*,*,#1854,.T.);
#1854 = EDGE_CURVE('',#1736,#1855,#1857,.T.);
#1855 = VERTEX_POINT('',#1856);
#1856 = CARTESIAN_POINT('',(-9.05,3.6,-4.36));
#1857 = SURFACE_CURVE('',#1858,(#1862,#1869),.PCURVE_S1.);
#1858 = LINE('',#1859,#1860);
#1859 = CARTESIAN_POINT('',(-9.1,0.,-4.36));
#1860 = VECTOR('',#1861,1.);
#1861 = DIRECTION('',(1.388754949076E-02,0.999903563335,0.));
#1862 = PCURVE('',#1756,#1863);
#1863 = DEFINITIONAL_REPRESENTATION('',(#1864),#1868);
#1864 = LINE('',#1865,#1866);
#1865 = CARTESIAN_POINT('',(0.,-0.12));
#1866 = VECTOR('',#1867,1.);
#1867 = DIRECTION('',(1.,0.));
#1868 = ( GEOMETRIC_REPRESENTATION_CONTEXT(2) 
PARAMETRIC_REPRESENTATION_CONTEXT() REPRESENTATION_CONTEXT('2D SPACE',''
  ) );
#1869 = PCURVE('',#1784,#1870);
#1870 = DEFINITIONAL_REPRESENTATION('',(#1871),#1875);
#1871 = LINE('',#1872,#1873);
#1872 = CARTESIAN_POINT('',(-1.E-01,0.520582066762));
#1873 = VECTOR('',#1874,1.);
#1874 = DIRECTION('',(1.388754949076E-02,0.999903563335));
#1875 = ( GEOMETRIC_REPRESENTATION_CONTEXT(2) 
PARAMETRIC_REPRESENTATION_CONTEXT() REPRESENTATION_CONTEXT('2D SPACE',''
  ) );
#1876 = ORIENTED_EDGE('',*,*,#1877,.F.);
#1877 = EDGE_CURVE('',#1878,#1855,#1880,.T.);
#1878 = VERTEX_POINT('',#1879);
#1879 = CARTESIAN_POINT('',(-9.05,3.6,-4.24));
#1880 = SURFACE_CURVE('',#1881,(#1885,#1892),.PCURVE_S1.);
#1881 = LINE('',#1882,#1883);
#1882 = CARTESIAN_POINT('',(-9.05,3.6,-4.24));
#1883 = VECTOR('',#1884,1.);
#1884 = DIRECTION('',(-0.,-0.,-1.));
#1885 = PCURVE('',#1756,#1886);
#1886 = DEFINITIONAL_REPRESENTATION('',(#1887),#1891);
#1887 = LINE('',#1888,#1889);
#1888 = CARTESIAN_POINT('',(3.600347205479,0.));
#1889 = VECTOR('',#1890,1.);
#1890 = DIRECTION('',(0.,-1.));
#1891 = ( GEOMETRIC_REPRESENTATION_CONTEXT(2) 
PARAMETRIC_REPRESENTATION_CONTEXT() REPRESENTATION_CONTEXT('2D SPACE',''
  ) );
#1892 = PCURVE('',#1893,#1898);
#1893 = PLANE('',#1894);
#1894 = AXIS2_PLACEMENT_3D('',#1895,#1896,#1897);
#1895 = CARTESIAN_POINT('',(-9.05,3.6,-4.24));
#1896 = DIRECTION('',(0.,-1.,0.));
#1897 = DIRECTION('',(1.,0.,0.));
#1898 = DEFINITIONAL_REPRESENTATION('',(#1899),#1903);
#1899 = LINE('',#1900,#1901);
#1900 = CARTESIAN_POINT('',(0.,0.));
#1901 = VECTOR('',#1902,1.);
#1902 = DIRECTION('',(0.,-1.));
#1903 = ( GEOMETRIC_REPRESENTATION_CONTEXT(2) 
PARAMETRIC_REPRESENTATION_CONTEXT() REPRESENTATION_CONTEXT('2D SPACE',''
  ) );
#1904 = ORIENTED_EDGE('',*,*,#1905,.F.);
#1905 = EDGE_CURVE('',#1734,#1878,#1906,.T.);
#1906 = SURFACE_CURVE('',#1907,(#1911,#1918),.PCURVE_S1.);
#1907 = LINE('',#1908,#1909);
#1908 = CARTESIAN_POINT('',(-9.1,0.,-4.24));
#1909 = VECTOR('',#1910,1.);
#1910 = DIRECTION('',(1.388754949076E-02,0.999903563335,0.));
#1911 = PCURVE('',#1756,#1912);
#1912 = DEFINITIONAL_REPRESENTATION('',(#1913),#1917);
#1913 = LINE('',#1914,#1915);
#1914 = CARTESIAN_POINT('',(0.,0.));
#1915 = VECTOR('',#1916,1.);
#1916 = DIRECTION('',(1.,0.));
#1917 = ( GEOMETRIC_REPRESENTATION_CONTEXT(2) 
PARAMETRIC_REPRESENTATION_CONTEXT() REPRESENTATION_CONTEXT('2D SPACE',''
  ) );
#1918 = PCURVE('',#1838,#1919);
#1919 = DEFINITIONAL_REPRESENTATION('',(#1920),#1924);
#1920 = LINE('',#1921,#1922);
#1921 = CARTESIAN_POINT('',(-1.E-01,0.520582066762));
#1922 = VECTOR('',#1923,1.);
#1923 = DIRECTION('',(1.388754949076E-02,0.999903563335));
#1924 = ( GEOMETRIC_REPRESENTATION_CONTEXT(2) 
PARAMETRIC_REPRESENTATION_CONTEXT() REPRESENTATION_CONTEXT('2D SPACE',''
  ) );
#1925 = ADVANCED_FACE('',(#1926),#1812,.T.);
#1926 = FACE_BOUND('',#1927,.T.);
#1927 = EDGE_LOOP('',(#1928,#1929,#1952,#1980));
#1928 = ORIENTED_EDGE('',*,*,#1796,.T.);
#1929 = ORIENTED_EDGE('',*,*,#1930,.T.);
#1930 = EDGE_CURVE('',#1769,#1931,#1933,.T.);
#1931 = VERTEX_POINT('',#1932);
#1932 = CARTESIAN_POINT('',(-9.,-1.1,-4.36));
#1933 = SURFACE_CURVE('',#1934,(#1938,#1945),.PCURVE_S1.);
#1934 = LINE('',#1935,#1936);
#1935 = CARTESIAN_POINT('',(-9.22,-0.7,-4.36));
#1936 = VECTOR('',#1937,1.);
#1937 = DIRECTION('',(0.481918749772,-0.876215908677,0.));
#1938 = PCURVE('',#1812,#1939);
#1939 = DEFINITIONAL_REPRESENTATION('',(#1940),#1944);
#1940 = LINE('',#1941,#1942);
#1941 = CARTESIAN_POINT('',(0.,-0.12));
#1942 = VECTOR('',#1943,1.);
#1943 = DIRECTION('',(1.,0.));
#1944 = ( GEOMETRIC_REPRESENTATION_CONTEXT(2) 
PARAMETRIC_REPRESENTATION_CONTEXT() REPRESENTATION_CONTEXT('2D SPACE',''
  ) );
#1945 = PCURVE('',#1784,#1946);
#1946 = DEFINITIONAL_REPRESENTATION('',(#1947),#1951);
#1947 = LINE('',#1948,#1949);
#1948 = CARTESIAN_POINT('',(-0.22,-0.179417933238));
#1949 = VECTOR('',#1950,1.);
#1950 = DIRECTION('',(0.481918749772,-0.876215908677));
#1951 = ( GEOMETRIC_REPRESENTATION_CONTEXT(2) 
PARAMETRIC_REPRESENTATION_CONTEXT() REPRESENTATION_CONTEXT('2D SPACE',''
  ) );
#1952 = ORIENTED_EDGE('',*,*,#1953,.F.);
#1953 = EDGE_CURVE('',#1954,#1931,#1956,.T.);
#1954 = VERTEX_POINT('',#1955);
#1955 = CARTESIAN_POINT('',(-9.,-1.1,-4.24));
#1956 = SURFACE_CURVE('',#1957,(#1961,#1968),.PCURVE_S1.);
#1957 = LINE('',#1958,#1959);
#1958 = CARTESIAN_POINT('',(-9.,-1.1,-4.24));
#1959 = VECTOR('',#1960,1.);
#1960 = DIRECTION('',(-0.,-0.,-1.));
#1961 = PCURVE('',#1812,#1962);
#1962 = DEFINITIONAL_REPRESENTATION('',(#1963),#1967);
#1963 = LINE('',#1964,#1965);
#1964 = CARTESIAN_POINT('',(0.456508488421,0.));
#1965 = VECTOR('',#1966,1.);
#1966 = DIRECTION('',(0.,-1.));
#1967 = ( GEOMETRIC_REPRESENTATION_CONTEXT(2) 
PARAMETRIC_REPRESENTATION_CONTEXT() REPRESENTATION_CONTEXT('2D SPACE',''
  ) );
#1968 = PCURVE('',#1969,#1974);
#1969 = PLANE('',#1970);
#1970 = AXIS2_PLACEMENT_3D('',#1971,#1972,#1973);
#1971 = CARTESIAN_POINT('',(-9.,-1.1,-4.24));
#1972 = DIRECTION('',(0.876215908677,-0.481918749772,0.));
#1973 = DIRECTION('',(0.481918749772,0.876215908677,0.));
#1974 = DEFINITIONAL_REPRESENTATION('',(#1975),#1979);
#1975 = LINE('',#1976,#1977);
#1976 = CARTESIAN_POINT('',(0.,0.));
#1977 = VECTOR('',#1978,1.);
#1978 = DIRECTION('',(0.,-1.));
#1979 = ( GEOMETRIC_REPRESENTATION_CONTEXT(2) 
PARAMETRIC_REPRESENTATION_CONTEXT() REPRESENTATION_CONTEXT('2D SPACE',''
  ) );
#1980 = ORIENTED_EDGE('',*,*,#1981,.F.);
#1981 = EDGE_CURVE('',#1797,#1954,#1982,.T.);
#1982 = SURFACE_CURVE('',#1983,(#1987,#1994),.PCURVE_S1.);
#1983 = LINE('',#1984,#1985);
#1984 = CARTESIAN_POINT('',(-9.22,-0.7,-4.24));
#1985 = VECTOR('',#1986,1.);
#1986 = DIRECTION('',(0.481918749772,-0.876215908677,0.));
#1987 = PCURVE('',#1812,#1988);
#1988 = DEFINITIONAL_REPRESENTATION('',(#1989),#1993);
#1989 = LINE('',#1990,#1991);
#1990 = CARTESIAN_POINT('',(0.,0.));
#1991 = VECTOR('',#1992,1.);
#1992 = DIRECTION('',(1.,0.));
#1993 = ( GEOMETRIC_REPRESENTATION_CONTEXT(2) 
PARAMETRIC_REPRESENTATION_CONTEXT() REPRESENTATION_CONTEXT('2D SPACE',''
  ) );
#1994 = PCURVE('',#1838,#1995);
#1995 = DEFINITIONAL_REPRESENTATION('',(#1996),#2000);
#1996 = LINE('',#1997,#1998);
#1997 = CARTESIAN_POINT('',(-0.22,-0.179417933238));
#1998 = VECTOR('',#1999,1.);
#1999 = DIRECTION('',(0.481918749772,-0.876215908677));
#2000 = ( GEOMETRIC_REPRESENTATION_CONTEXT(2) 
PARAMETRIC_REPRESENTATION_CONTEXT() REPRESENTATION_CONTEXT('2D SPACE',''
  ) );
#2001 = ADVANCED_FACE('',(#2002),#1838,.T.);
#2002 = FACE_BOUND('',#2003,.T.);
#2003 = EDGE_LOOP('',(#2004,#2005,#2006,#2029,#2057,#2085,#2106));
#2004 = ORIENTED_EDGE('',*,*,#1824,.T.);
#2005 = ORIENTED_EDGE('',*,*,#1981,.T.);
#2006 = ORIENTED_EDGE('',*,*,#2007,.T.);
#2007 = EDGE_CURVE('',#1954,#2008,#2010,.T.);
#2008 = VERTEX_POINT('',#2009);
#2009 = CARTESIAN_POINT('',(-8.78,-0.7,-4.24));
#2010 = SURFACE_CURVE('',#2011,(#2015,#2022),.PCURVE_S1.);
#2011 = LINE('',#2012,#2013);
#2012 = CARTESIAN_POINT('',(-9.,-1.1,-4.24));
#2013 = VECTOR('',#2014,1.);
#2014 = DIRECTION('',(0.481918749772,0.876215908677,0.));
#2015 = PCURVE('',#1838,#2016);
#2016 = DEFINITIONAL_REPRESENTATION('',(#2017),#2021);
#2017 = LINE('',#2018,#2019);
#2018 = CARTESIAN_POINT('',(0.,-0.579417933238));
#2019 = VECTOR('',#2020,1.);
#2020 = DIRECTION('',(0.481918749772,0.876215908677));
#2021 = ( GEOMETRIC_REPRESENTATION_CONTEXT(2) 
PARAMETRIC_REPRESENTATION_CONTEXT() REPRESENTATION_CONTEXT('2D SPACE',''
  ) );
#2022 = PCURVE('',#1969,#2023);
#2023 = DEFINITIONAL_REPRESENTATION('',(#2024),#2028);
#2024 = LINE('',#2025,#2026);
#2025 = CARTESIAN_POINT('',(0.,0.));
#2026 = VECTOR('',#2027,1.);
#2027 = DIRECTION('',(1.,0.));
#2028 = ( GEOMETRIC_REPRESENTATION_CONTEXT(2) 
PARAMETRIC_REPRESENTATION_CONTEXT() REPRESENTATION_CONTEXT('2D SPACE',''
  ) );
#2029 = ORIENTED_EDGE('',*,*,#2030,.T.);
#2030 = EDGE_CURVE('',#2008,#2031,#2033,.T.);
#2031 = VERTEX_POINT('',#2032);
#2032 = CARTESIAN_POINT('',(-8.9,0.,-4.24));
#2033 = SURFACE_CURVE('',#2034,(#2038,#2045),.PCURVE_S1.);
#2034 = LINE('',#2035,#2036);
#2035 = CARTESIAN_POINT('',(-8.78,-0.7,-4.24));
#2036 = VECTOR('',#2037,1.);
#2037 = DIRECTION('',(-0.168963815111,0.985622254813,0.));
#2038 = PCURVE('',#1838,#2039);
#2039 = DEFINITIONAL_REPRESENTATION('',(#2040),#2044);
#2040 = LINE('',#2041,#2042);
#2041 = CARTESIAN_POINT('',(0.22,-0.179417933238));
#2042 = VECTOR('',#2043,1.);
#2043 = DIRECTION('',(-0.168963815111,0.985622254813));
#2044 = ( GEOMETRIC_REPRESENTATION_CONTEXT(2) 
PARAMETRIC_REPRESENTATION_CONTEXT() REPRESENTATION_CONTEXT('2D SPACE',''
  ) );
#2045 = PCURVE('',#2046,#2051);
#2046 = PLANE('',#2047);
#2047 = AXIS2_PLACEMENT_3D('',#2048,#2049,#2050);
#2048 = CARTESIAN_POINT('',(-8.78,-0.7,-4.24));
#2049 = DIRECTION('',(0.985622254813,0.168963815111,-0.));
#2050 = DIRECTION('',(-0.168963815111,0.985622254813,0.));
#2051 = DEFINITIONAL_REPRESENTATION('',(#2052),#2056);
#2052 = LINE('',#2053,#2054);
#2053 = CARTESIAN_POINT('',(0.,0.));
#2054 = VECTOR('',#2055,1.);
#2055 = DIRECTION('',(1.,0.));
#2056 = ( GEOMETRIC_REPRESENTATION_CONTEXT(2) 
PARAMETRIC_REPRESENTATION_CONTEXT() REPRESENTATION_CONTEXT('2D SPACE',''
  ) );
#2057 = ORIENTED_EDGE('',*,*,#2058,.F.);
#2058 = EDGE_CURVE('',#2059,#2031,#2061,.T.);
#2059 = VERTEX_POINT('',#2060);
#2060 = CARTESIAN_POINT('',(-8.95,3.6,-4.24));
#2061 = SURFACE_CURVE('',#2062,(#2066,#2073),.PCURVE_S1.);
#2062 = LINE('',#2063,#2064);
#2063 = CARTESIAN_POINT('',(-8.95,3.6,-4.24));
#2064 = VECTOR('',#2065,1.);
#2065 = DIRECTION('',(1.388754949076E-02,-0.999903563335,0.));
#2066 = PCURVE('',#1838,#2067);
#2067 = DEFINITIONAL_REPRESENTATION('',(#2068),#2072);
#2068 = LINE('',#2069,#2070);
#2069 = CARTESIAN_POINT('',(5.E-02,4.120582066762));
#2070 = VECTOR('',#2071,1.);
#2071 = DIRECTION('',(1.388754949076E-02,-0.999903563335));
#2072 = ( GEOMETRIC_REPRESENTATION_CONTEXT(2) 
PARAMETRIC_REPRESENTATION_CONTEXT() REPRESENTATION_CONTEXT('2D SPACE',''
  ) );
#2073 = PCURVE('',#2074,#2079);
#2074 = PLANE('',#2075);
#2075 = AXIS2_PLACEMENT_3D('',#2076,#2077,#2078);
#2076 = CARTESIAN_POINT('',(-8.95,3.6,-4.24));
#2077 = DIRECTION('',(-0.999903563335,-1.388754949076E-02,0.));
#2078 = DIRECTION('',(1.388754949076E-02,-0.999903563335,0.));
#2079 = DEFINITIONAL_REPRESENTATION('',(#2080),#2084);
#2080 = LINE('',#2081,#2082);
#2081 = CARTESIAN_POINT('',(0.,0.));
#2082 = VECTOR('',#2083,1.);
#2083 = DIRECTION('',(1.,0.));
#2084 = ( GEOMETRIC_REPRESENTATION_CONTEXT(2) 
PARAMETRIC_REPRESENTATION_CONTEXT() REPRESENTATION_CONTEXT('2D SPACE',''
  ) );
#2085 = ORIENTED_EDGE('',*,*,#2086,.F.);
#2086 = EDGE_CURVE('',#1878,#2059,#2087,.T.);
#2087 = SURFACE_CURVE('',#2088,(#2092,#2099),.PCURVE_S1.);
#2088 = LINE('',#2089,#2090);
#2089 = CARTESIAN_POINT('',(-9.05,3.6,-4.24));
#2090 = VECTOR('',#2091,1.);
#2091 = DIRECTION('',(1.,0.,0.));
#2092 = PCURVE('',#1838,#2093);
#2093 = DEFINITIONAL_REPRESENTATION('',(#2094),#2098);
#2094 = LINE('',#2095,#2096);
#2095 = CARTESIAN_POINT('',(-5.E-02,4.120582066762));
#2096 = VECTOR('',#2097,1.);
#2097 = DIRECTION('',(1.,0.));
#2098 = ( GEOMETRIC_REPRESENTATION_CONTEXT(2) 
PARAMETRIC_REPRESENTATION_CONTEXT() REPRESENTATION_CONTEXT('2D SPACE',''
  ) );
#2099 = PCURVE('',#1893,#2100);
#2100 = DEFINITIONAL_REPRESENTATION('',(#2101),#2105);
#2101 = LINE('',#2102,#2103);
#2102 = CARTESIAN_POINT('',(0.,0.));
#2103 = VECTOR('',#2104,1.);
#2104 = DIRECTION('',(1.,0.));
#2105 = ( GEOMETRIC_REPRESENTATION_CONTEXT(2) 
PARAMETRIC_REPRESENTATION_CONTEXT() REPRESENTATION_CONTEXT('2D SPACE',''
  ) );
#2106 = ORIENTED_EDGE('',*,*,#1905,.F.);
#2107 = ADVANCED_FACE('',(#2108),#1784,.F.);
#2108 = FACE_BOUND('',#2109,.F.);
#2109 = EDGE_LOOP('',(#2110,#2111,#2112,#2135,#2158,#2181,#2202));
#2110 = ORIENTED_EDGE('',*,*,#1768,.T.);
#2111 = ORIENTED_EDGE('',*,*,#1930,.T.);
#2112 = ORIENTED_EDGE('',*,*,#2113,.T.);
#2113 = EDGE_CURVE('',#1931,#2114,#2116,.T.);
#2114 = VERTEX_POINT('',#2115);
#2115 = CARTESIAN_POINT('',(-8.78,-0.7,-4.36));
#2116 = SURFACE_CURVE('',#2117,(#2121,#2128),.PCURVE_S1.);
#2117 = LINE('',#2118,#2119);
#2118 = CARTESIAN_POINT('',(-9.,-1.1,-4.36));
#2119 = VECTOR('',#2120,1.);
#2120 = DIRECTION('',(0.481918749772,0.876215908677,0.));
#2121 = PCURVE('',#1784,#2122);
#2122 = DEFINITIONAL_REPRESENTATION('',(#2123),#2127);
#2123 = LINE('',#2124,#2125);
#2124 = CARTESIAN_POINT('',(0.,-0.579417933238));
#2125 = VECTOR('',#2126,1.);
#2126 = DIRECTION('',(0.481918749772,0.876215908677));
#2127 = ( GEOMETRIC_REPRESENTATION_CONTEXT(2) 
PARAMETRIC_REPRESENTATION_CONTEXT() REPRESENTATION_CONTEXT('2D SPACE',''
  ) );
#2128 = PCURVE('',#1969,#2129);
#2129 = DEFINITIONAL_REPRESENTATION('',(#2130),#2134);
#2130 = LINE('',#2131,#2132);
#2131 = CARTESIAN_POINT('',(0.,-0.12));
#2132 = VECTOR('',#2133,1.);
#2133 = DIRECTION('',(1.,0.));
#2134 = ( GEOMETRIC_REPRESENTATION_CONTEXT(2) 
PARAMETRIC_REPRESENTATION_CONTEXT() REPRESENTATION_CONTEXT('2D SPACE',''
  ) );
#2135 = ORIENTED_EDGE('',*,*,#2136,.T.);
#2136 = EDGE_CURVE('',#2114,#2137,#2139,.T.);
#2137 = VERTEX_POINT('',#2138);
#2138 = CARTESIAN_POINT('',(-8.9,0.,-4.36));
#2139 = SURFACE_CURVE('',#2140,(#2144,#2151),.PCURVE_S1.);
#2140 = LINE('',#2141,#2142);
#2141 = CARTESIAN_POINT('',(-8.78,-0.7,-4.36));
#2142 = VECTOR('',#2143,1.);
#2143 = DIRECTION('',(-0.168963815111,0.985622254813,0.));
#2144 = PCURVE('',#1784,#2145);
#2145 = DEFINITIONAL_REPRESENTATION('',(#2146),#2150);
#2146 = LINE('',#2147,#2148);
#2147 = CARTESIAN_POINT('',(0.22,-0.179417933238));
#2148 = VECTOR('',#2149,1.);
#2149 = DIRECTION('',(-0.168963815111,0.985622254813));
#2150 = ( GEOMETRIC_REPRESENTATION_CONTEXT(2) 
PARAMETRIC_REPRESENTATION_CONTEXT() REPRESENTATION_CONTEXT('2D SPACE',''
  ) );
#2151 = PCURVE('',#2046,#2152);
#2152 = DEFINITIONAL_REPRESENTATION('',(#2153),#2157);
#2153 = LINE('',#2154,#2155);
#2154 = CARTESIAN_POINT('',(0.,-0.12));
#2155 = VECTOR('',#2156,1.);
#2156 = DIRECTION('',(1.,0.));
#2157 = ( GEOMETRIC_REPRESENTATION_CONTEXT(2) 
PARAMETRIC_REPRESENTATION_CONTEXT() REPRESENTATION_CONTEXT('2D SPACE',''
  ) );
#2158 = ORIENTED_EDGE('',*,*,#2159,.F.);
#2159 = EDGE_CURVE('',#2160,#2137,#2162,.T.);
#2160 = VERTEX_POINT('',#2161);
#2161 = CARTESIAN_POINT('',(-8.95,3.6,-4.36));
#2162 = SURFACE_CURVE('',#2163,(#2167,#2174),.PCURVE_S1.);
#2163 = LINE('',#2164,#2165);
#2164 = CARTESIAN_POINT('',(-8.95,3.6,-4.36));
#2165 = VECTOR('',#2166,1.);
#2166 = DIRECTION('',(1.388754949076E-02,-0.999903563335,0.));
#2167 = PCURVE('',#1784,#2168);
#2168 = DEFINITIONAL_REPRESENTATION('',(#2169),#2173);
#2169 = LINE('',#2170,#2171);
#2170 = CARTESIAN_POINT('',(5.E-02,4.120582066762));
#2171 = VECTOR('',#2172,1.);
#2172 = DIRECTION('',(1.388754949076E-02,-0.999903563335));
#2173 = ( GEOMETRIC_REPRESENTATION_CONTEXT(2) 
PARAMETRIC_REPRESENTATION_CONTEXT() REPRESENTATION_CONTEXT('2D SPACE',''
  ) );
#2174 = PCURVE('',#2074,#2175);
#2175 = DEFINITIONAL_REPRESENTATION('',(#2176),#2180);
#2176 = LINE('',#2177,#2178);
#2177 = CARTESIAN_POINT('',(0.,-0.12));
#2178 = VECTOR('',#2179,1.);
#2179 = DIRECTION('',(1.,0.));
#2180 = ( GEOMETRIC_REPRESENTATION_CONTEXT(2) 
PARAMETRIC_REPRESENTATION_CONTEXT() REPRESENTATION_CONTEXT('2D SPACE',''
  ) );
#2181 = ORIENTED_EDGE('',*,*,#2182,.F.);
#2182 = EDGE_CURVE('',#1855,#2160,#2183,.T.);
#2183 = SURFACE_CURVE('',#2184,(#2188,#2195),.PCURVE_S1.);
#2184 = LINE('',#2185,#2186);
#2185 = CARTESIAN_POINT('',(-9.05,3.6,-4.36));
#2186 = VECTOR('',#2187,1.);
#2187 = DIRECTION('',(1.,0.,0.));
#2188 = PCURVE('',#1784,#2189);
#2189 = DEFINITIONAL_REPRESENTATION('',(#2190),#2194);
#2190 = LINE('',#2191,#2192);
#2191 = CARTESIAN_POINT('',(-5.E-02,4.120582066762));
#2192 = VECTOR('',#2193,1.);
#2193 = DIRECTION('',(1.,0.));
#2194 = ( GEOMETRIC_REPRESENTATION_CONTEXT(2) 
PARAMETRIC_REPRESENTATION_CONTEXT() REPRESENTATION_CONTEXT('2D SPACE',''
  ) );
#2195 = PCURVE('',#1893,#2196);
#2196 = DEFINITIONAL_REPRESENTATION('',(#2197),#2201);
#2197 = LINE('',#2198,#2199);
#2198 = CARTESIAN_POINT('',(0.,-0.12));
#2199 = VECTOR('',#2200,1.);
#2200 = DIRECTION('',(1.,0.));
#2201 = ( GEOMETRIC_REPRESENTATION_CONTEXT(2) 
PARAMETRIC_REPRESENTATION_CONTEXT() REPRESENTATION_CONTEXT('2D SPACE',''
  ) );
#2202 = ORIENTED_EDGE('',*,*,#1854,.F.);
#2203 = ADVANCED_FACE('',(#2204),#1893,.F.);
#2204 = FACE_BOUND('',#2205,.F.);
#2205 = EDGE_LOOP('',(#2206,#2207,#2208,#2229));
#2206 = ORIENTED_EDGE('',*,*,#1877,.T.);
#2207 = ORIENTED_EDGE('',*,*,#2182,.T.);
#2208 = ORIENTED_EDGE('',*,*,#2209,.F.);
#2209 = EDGE_CURVE('',#2059,#2160,#2210,.T.);
#2210 = SURFACE_CURVE('',#2211,(#2215,#2222),.PCURVE_S1.);
#2211 = LINE('',#2212,#2213);
#2212 = CARTESIAN_POINT('',(-8.95,3.6,-4.24));
#2213 = VECTOR('',#2214,1.);
#2214 = DIRECTION('',(-0.,-0.,-1.));
#2215 = PCURVE('',#1893,#2216);
#2216 = DEFINITIONAL_REPRESENTATION('',(#2217),#2221);
#2217 = LINE('',#2218,#2219);
#2218 = CARTESIAN_POINT('',(0.1,0.));
#2219 = VECTOR('',#2220,1.);
#2220 = DIRECTION('',(0.,-1.));
#2221 = ( GEOMETRIC_REPRESENTATION_CONTEXT(2) 
PARAMETRIC_REPRESENTATION_CONTEXT() REPRESENTATION_CONTEXT('2D SPACE',''
  ) );
#2222 = PCURVE('',#2074,#2223);
#2223 = DEFINITIONAL_REPRESENTATION('',(#2224),#2228);
#2224 = LINE('',#2225,#2226);
#2225 = CARTESIAN_POINT('',(0.,0.));
#2226 = VECTOR('',#2227,1.);
#2227 = DIRECTION('',(0.,-1.));
#2228 = ( GEOMETRIC_REPRESENTATION_CONTEXT(2) 
PARAMETRIC_REPRESENTATION_CONTEXT() REPRESENTATION_CONTEXT('2D SPACE',''
  ) );
#2229 = ORIENTED_EDGE('',*,*,#2086,.F.);
#2230 = ADVANCED_FACE('',(#2231),#1969,.T.);
#2231 = FACE_BOUND('',#2232,.T.);
#2232 = EDGE_LOOP('',(#2233,#2234,#2235,#2256));
#2233 = ORIENTED_EDGE('',*,*,#1953,.T.);
#2234 = ORIENTED_EDGE('',*,*,#2113,.T.);
#2235 = ORIENTED_EDGE('',*,*,#2236,.F.);
#2236 = EDGE_CURVE('',#2008,#2114,#2237,.T.);
#2237 = SURFACE_CURVE('',#2238,(#2242,#2249),.PCURVE_S1.);
#2238 = LINE('',#2239,#2240);
#2239 = CARTESIAN_POINT('',(-8.78,-0.7,-4.24));
#2240 = VECTOR('',#2241,1.);
#2241 = DIRECTION('',(-0.,-0.,-1.));
#2242 = PCURVE('',#1969,#2243);
#2243 = DEFINITIONAL_REPRESENTATION('',(#2244),#2248);
#2244 = LINE('',#2245,#2246);
#2245 = CARTESIAN_POINT('',(0.456508488421,0.));
#2246 = VECTOR('',#2247,1.);
#2247 = DIRECTION('',(0.,-1.));
#2248 = ( GEOMETRIC_REPRESENTATION_CONTEXT(2) 
PARAMETRIC_REPRESENTATION_CONTEXT() REPRESENTATION_CONTEXT('2D SPACE',''
  ) );
#2249 = PCURVE('',#2046,#2250);
#2250 = DEFINITIONAL_REPRESENTATION('',(#2251),#2255);
#2251 = LINE('',#2252,#2253);
#2252 = CARTESIAN_POINT('',(0.,0.));
#2253 = VECTOR('',#2254,1.);
#2254 = DIRECTION('',(0.,-1.));
#2255 = ( GEOMETRIC_REPRESENTATION_CONTEXT(2) 
PARAMETRIC_REPRESENTATION_CONTEXT() REPRESENTATION_CONTEXT('2D SPACE',''
  ) );
#2256 = ORIENTED_EDGE('',*,*,#2007,.F.);
#2257 = ADVANCED_FACE('',(#2258),#2046,.T.);
#2258 = FACE_BOUND('',#2259,.T.);
#2259 = EDGE_LOOP('',(#2260,#2261,#2262,#2283));
#2260 = ORIENTED_EDGE('',*,*,#2236,.T.);
#2261 = ORIENTED_EDGE('',*,*,#2136,.T.);
#2262 = ORIENTED_EDGE('',*,*,#2263,.F.);
#2263 = EDGE_CURVE('',#2031,#2137,#2264,.T.);
#2264 = SURFACE_CURVE('',#2265,(#2269,#2276),.PCURVE_S1.);
#2265 = LINE('',#2266,#2267);
#2266 = CARTESIAN_POINT('',(-8.9,0.,-4.24));
#2267 = VECTOR('',#2268,1.);
#2268 = DIRECTION('',(-0.,-0.,-1.));
#2269 = PCURVE('',#2046,#2270);
#2270 = DEFINITIONAL_REPRESENTATION('',(#2271),#2275);
#2271 = LINE('',#2272,#2273);
#2272 = CARTESIAN_POINT('',(0.710211236183,0.));
#2273 = VECTOR('',#2274,1.);
#2274 = DIRECTION('',(0.,-1.));
#2275 = ( GEOMETRIC_REPRESENTATION_CONTEXT(2) 
PARAMETRIC_REPRESENTATION_CONTEXT() REPRESENTATION_CONTEXT('2D SPACE',''
  ) );
#2276 = PCURVE('',#2074,#2277);
#2277 = DEFINITIONAL_REPRESENTATION('',(#2278),#2282);
#2278 = LINE('',#2279,#2280);
#2279 = CARTESIAN_POINT('',(3.600347205479,0.));
#2280 = VECTOR('',#2281,1.);
#2281 = DIRECTION('',(0.,-1.));
#2282 = ( GEOMETRIC_REPRESENTATION_CONTEXT(2) 
PARAMETRIC_REPRESENTATION_CONTEXT() REPRESENTATION_CONTEXT('2D SPACE',''
  ) );
#2283 = ORIENTED_EDGE('',*,*,#2030,.F.);
#2284 = ADVANCED_FACE('',(#2285),#2074,.F.);
#2285 = FACE_BOUND('',#2286,.F.);
#2286 = EDGE_LOOP('',(#2287,#2288,#2289,#2290));
#2287 = ORIENTED_EDGE('',*,*,#2209,.T.);
#2288 = ORIENTED_EDGE('',*,*,#2159,.T.);
#2289 = ORIENTED_EDGE('',*,*,#2263,.F.);
#2290 = ORIENTED_EDGE('',*,*,#2058,.F.);
#2291 = MANIFOLD_SOLID_BREP('',#2292);
#2292 = CLOSED_SHELL('',(#2293,#2381,#2416,#2446));
#2293 = ADVANCED_FACE('',(#2294),#2307,.T.);
#2294 = FACE_BOUND('',#2295,.T.);
#2295 = EDGE_LOOP('',(#2296,#2330,#2353,#2380));
#2296 = ORIENTED_EDGE('',*,*,#2297,.F.);
#2297 = EDGE_CURVE('',#2298,#2298,#2300,.T.);
#2298 = VERTEX_POINT('',#2299);
#2299 = CARTESIAN_POINT('',(0.5,-1.224646799147E-16,6.E-02));
#2300 = SURFACE_CURVE('',#2301,(#2306,#2318),.PCURVE_S1.);
#2301 = CIRCLE('',#2302,0.5);
#2302 = AXIS2_PLACEMENT_3D('',#2303,#2304,#2305);
#2303 = CARTESIAN_POINT('',(0.,0.,6.E-02));
#2304 = DIRECTION('',(0.,0.,1.));
#2305 = DIRECTION('',(1.,0.,0.));
#2306 = PCURVE('',#2307,#2312);
#2307 = CYLINDRICAL_SURFACE('',#2308,0.5);
#2308 = AXIS2_PLACEMENT_3D('',#2309,#2310,#2311);
#2309 = CARTESIAN_POINT('',(0.,0.,-6.E-02));
#2310 = DIRECTION('',(0.,0.,1.));
#2311 = DIRECTION('',(1.,0.,0.));
#2312 = DEFINITIONAL_REPRESENTATION('',(#2313),#2317);
#2313 = LINE('',#2314,#2315);
#2314 = CARTESIAN_POINT('',(0.,0.12));
#2315 = VECTOR('',#2316,1.);
#2316 = DIRECTION('',(1.,0.));
#2317 = ( GEOMETRIC_REPRESENTATION_CONTEXT(2) 
PARAMETRIC_REPRESENTATION_CONTEXT() REPRESENTATION_CONTEXT('2D SPACE',''
  ) );
#2318 = PCURVE('',#2319,#2324);
#2319 = PLANE('',#2320);
#2320 = AXIS2_PLACEMENT_3D('',#2321,#2322,#2323);
#2321 = CARTESIAN_POINT('',(0.,0.,6.E-02));
#2322 = DIRECTION('',(0.,0.,1.));
#2323 = DIRECTION('',(1.,0.,0.));
#2324 = DEFINITIONAL_REPRESENTATION('',(#2325),#2329);
#2325 = CIRCLE('',#2326,0.5);
#2326 = AXIS2_PLACEMENT_2D('',#2327,#2328);
#2327 = CARTESIAN_POINT('',(0.,0.));
#2328 = DIRECTION('',(1.,0.));
#2329 = ( GEOMETRIC_REPRESENTATION_CONTEXT(2) 
PARAMETRIC_REPRESENTATION_CONTEXT() REPRESENTATION_CONTEXT('2D SPACE',''
  ) );
#2330 = ORIENTED_EDGE('',*,*,#2331,.F.);
#2331 = EDGE_CURVE('',#2332,#2298,#2334,.T.);
#2332 = VERTEX_POINT('',#2333);
#2333 = CARTESIAN_POINT('',(0.5,-1.224646799147E-16,-6.E-02));
#2334 = SEAM_CURVE('',#2335,(#2339,#2346),.PCURVE_S1.);
#2335 = LINE('',#2336,#2337);
#2336 = CARTESIAN_POINT('',(0.5,-1.224646799147E-16,-6.E-02));
#2337 = VECTOR('',#2338,1.);
#2338 = DIRECTION('',(0.,0.,1.));
#2339 = PCURVE('',#2307,#2340);
#2340 = DEFINITIONAL_REPRESENTATION('',(#2341),#2345);
#2341 = LINE('',#2342,#2343);
#2342 = CARTESIAN_POINT('',(6.28318530718,-0.));
#2343 = VECTOR('',#2344,1.);
#2344 = DIRECTION('',(0.,1.));
#2345 = ( GEOMETRIC_REPRESENTATION_CONTEXT(2) 
PARAMETRIC_REPRESENTATION_CONTEXT() REPRESENTATION_CONTEXT('2D SPACE',''
  ) );
#2346 = PCURVE('',#2307,#2347);
#2347 = DEFINITIONAL_REPRESENTATION('',(#2348),#2352);
#2348 = LINE('',#2349,#2350);
#2349 = CARTESIAN_POINT('',(0.,-0.));
#2350 = VECTOR('',#2351,1.);
#2351 = DIRECTION('',(0.,1.));
#2352 = ( GEOMETRIC_REPRESENTATION_CONTEXT(2) 
PARAMETRIC_REPRESENTATION_CONTEXT() REPRESENTATION_CONTEXT('2D SPACE',''
  ) );
#2353 = ORIENTED_EDGE('',*,*,#2354,.T.);
#2354 = EDGE_CURVE('',#2332,#2332,#2355,.T.);
#2355 = SURFACE_CURVE('',#2356,(#2361,#2368),.PCURVE_S1.);
#2356 = CIRCLE('',#2357,0.5);
#2357 = AXIS2_PLACEMENT_3D('',#2358,#2359,#2360);
#2358 = CARTESIAN_POINT('',(0.,0.,-6.E-02));
#2359 = DIRECTION('',(0.,0.,1.));
#2360 = DIRECTION('',(1.,0.,0.));
#2361 = PCURVE('',#2307,#2362);
#2362 = DEFINITIONAL_REPRESENTATION('',(#2363),#2367);
#2363 = LINE('',#2364,#2365);
#2364 = CARTESIAN_POINT('',(0.,0.));
#2365 = VECTOR('',#2366,1.);
#2366 = DIRECTION('',(1.,0.));
#2367 = ( GEOMETRIC_REPRESENTATION_CONTEXT(2) 
PARAMETRIC_REPRESENTATION_CONTEXT() REPRESENTATION_CONTEXT('2D SPACE',''
  ) );
#2368 = PCURVE('',#2369,#2374);
#2369 = PLANE('',#2370);
#2370 = AXIS2_PLACEMENT_3D('',#2371,#2372,#2373);
#2371 = CARTESIAN_POINT('',(0.,0.,-6.E-02));
#2372 = DIRECTION('',(0.,0.,1.));
#2373 = DIRECTION('',(1.,0.,0.));
#2374 = DEFINITIONAL_REPRESENTATION('',(#2375),#2379);
#2375 = CIRCLE('',#2376,0.5);
#2376 = AXIS2_PLACEMENT_2D('',#2377,#2378);
#2377 = CARTESIAN_POINT('',(0.,0.));
#2378 = DIRECTION('',(1.,0.));
#2379 = ( GEOMETRIC_REPRESENTATION_CONTEXT(2) 
PARAMETRIC_REPRESENTATION_CONTEXT() REPRESENTATION_CONTEXT('2D SPACE',''
  ) );
#2380 = ORIENTED_EDGE('',*,*,#2331,.T.);
#2381 = ADVANCED_FACE('',(#2382,#2385),#2319,.T.);
#2382 = FACE_BOUND('',#2383,.T.);
#2383 = EDGE_LOOP('',(#2384));
#2384 = ORIENTED_EDGE('',*,*,#2297,.T.);
#2385 = FACE_BOUND('',#2386,.T.);
#2386 = EDGE_LOOP('',(#2387));
#2387 = ORIENTED_EDGE('',*,*,#2388,.F.);
#2388 = EDGE_CURVE('',#2389,#2389,#2391,.T.);
#2389 = VERTEX_POINT('',#2390);
#2390 = CARTESIAN_POINT('',(0.2,-4.898587196589E-17,6.E-02));
#2391 = SURFACE_CURVE('',#2392,(#2397,#2404),.PCURVE_S1.);
#2392 = CIRCLE('',#2393,0.2);
#2393 = AXIS2_PLACEMENT_3D('',#2394,#2395,#2396);
#2394 = CARTESIAN_POINT('',(0.,0.,6.E-02));
#2395 = DIRECTION('',(0.,0.,1.));
#2396 = DIRECTION('',(1.,0.,-0.));
#2397 = PCURVE('',#2319,#2398);
#2398 = DEFINITIONAL_REPRESENTATION('',(#2399),#2403);
#2399 = CIRCLE('',#2400,0.2);
#2400 = AXIS2_PLACEMENT_2D('',#2401,#2402);
#2401 = CARTESIAN_POINT('',(0.,0.));
#2402 = DIRECTION('',(1.,0.));
#2403 = ( GEOMETRIC_REPRESENTATION_CONTEXT(2) 
PARAMETRIC_REPRESENTATION_CONTEXT() REPRESENTATION_CONTEXT('2D SPACE',''
  ) );
#2404 = PCURVE('',#2405,#2410);
#2405 = CYLINDRICAL_SURFACE('',#2406,0.2);
#2406 = AXIS2_PLACEMENT_3D('',#2407,#2408,#2409);
#2407 = CARTESIAN_POINT('',(0.,0.,-0.11));
#2408 = DIRECTION('',(0.,0.,1.));
#2409 = DIRECTION('',(1.,0.,0.));
#2410 = DEFINITIONAL_REPRESENTATION('',(#2411),#2415);
#2411 = LINE('',#2412,#2413);
#2412 = CARTESIAN_POINT('',(0.,0.17));
#2413 = VECTOR('',#2414,1.);
#2414 = DIRECTION('',(1.,0.));
#2415 = ( GEOMETRIC_REPRESENTATION_CONTEXT(2) 
PARAMETRIC_REPRESENTATION_CONTEXT() REPRESENTATION_CONTEXT('2D SPACE',''
  ) );
#2416 = ADVANCED_FACE('',(#2417,#2420),#2369,.F.);
#2417 = FACE_BOUND('',#2418,.F.);
#2418 = EDGE_LOOP('',(#2419));
#2419 = ORIENTED_EDGE('',*,*,#2354,.T.);
#2420 = FACE_BOUND('',#2421,.F.);
#2421 = EDGE_LOOP('',(#2422));
#2422 = ORIENTED_EDGE('',*,*,#2423,.F.);
#2423 = EDGE_CURVE('',#2424,#2424,#2426,.T.);
#2424 = VERTEX_POINT('',#2425);
#2425 = CARTESIAN_POINT('',(0.2,-4.898587196589E-17,-6.E-02));
#2426 = SURFACE_CURVE('',#2427,(#2432,#2439),.PCURVE_S1.);
#2427 = CIRCLE('',#2428,0.2);
#2428 = AXIS2_PLACEMENT_3D('',#2429,#2430,#2431);
#2429 = CARTESIAN_POINT('',(0.,0.,-6.E-02));
#2430 = DIRECTION('',(0.,0.,1.));
#2431 = DIRECTION('',(1.,0.,-0.));
#2432 = PCURVE('',#2369,#2433);
#2433 = DEFINITIONAL_REPRESENTATION('',(#2434),#2438);
#2434 = CIRCLE('',#2435,0.2);
#2435 = AXIS2_PLACEMENT_2D('',#2436,#2437);
#2436 = CARTESIAN_POINT('',(0.,0.));
#2437 = DIRECTION('',(1.,0.));
#2438 = ( GEOMETRIC_REPRESENTATION_CONTEXT(2) 
PARAMETRIC_REPRESENTATION_CONTEXT() REPRESENTATION_CONTEXT('2D SPACE',''
  ) );
#2439 = PCURVE('',#2405,#2440);
#2440 = DEFINITIONAL_REPRESENTATION('',(#2441),#2445);
#2441 = LINE('',#2442,#2443);
#2442 = CARTESIAN_POINT('',(0.,5.E-02));
#2443 = VECTOR('',#2444,1.);
#2444 = DIRECTION('',(1.,0.));
#2445 = ( GEOMETRIC_REPRESENTATION_CONTEXT(2) 
PARAMETRIC_REPRESENTATION_CONTEXT() REPRESENTATION_CONTEXT('2D SPACE',''
  ) );
#2446 = ADVANCED_FACE('',(#2447),#2405,.F.);
#2447 = FACE_BOUND('',#2448,.F.);
#2448 = EDGE_LOOP('',(#2449,#2450,#2471,#2472));
#2449 = ORIENTED_EDGE('',*,*,#2388,.F.);
#2450 = ORIENTED_EDGE('',*,*,#2451,.F.);
#2451 = EDGE_CURVE('',#2424,#2389,#2452,.T.);
#2452 = SEAM_CURVE('',#2453,(#2457,#2464),.PCURVE_S1.);
#2453 = LINE('',#2454,#2455);
#2454 = CARTESIAN_POINT('',(0.2,-4.898587196589E-17,-0.11));
#2455 = VECTOR('',#2456,1.);
#2456 = DIRECTION('',(0.,0.,1.));
#2457 = PCURVE('',#2405,#2458);
#2458 = DEFINITIONAL_REPRESENTATION('',(#2459),#2463);
#2459 = LINE('',#2460,#2461);
#2460 = CARTESIAN_POINT('',(6.28318530718,-0.));
#2461 = VECTOR('',#2462,1.);
#2462 = DIRECTION('',(0.,1.));
#2463 = ( GEOMETRIC_REPRESENTATION_CONTEXT(2) 
PARAMETRIC_REPRESENTATION_CONTEXT() REPRESENTATION_CONTEXT('2D SPACE',''
  ) );
#2464 = PCURVE('',#2405,#2465);
#2465 = DEFINITIONAL_REPRESENTATION('',(#2466),#2470);
#2466 = LINE('',#2467,#2468);
#2467 = CARTESIAN_POINT('',(0.,-0.));
#2468 = VECTOR('',#2469,1.);
#2469 = DIRECTION('',(0.,1.));
#2470 = ( GEOMETRIC_REPRESENTATION_CONTEXT(2) 
PARAMETRIC_REPRESENTATION_CONTEXT() REPRESENTATION_CONTEXT('2D SPACE',''
  ) );
#2471 = ORIENTED_EDGE('',*,*,#2423,.T.);
#2472 = ORIENTED_EDGE('',*,*,#2451,.T.);
#2473 = ( GEOMETRIC_REPRESENTATION_CONTEXT(3) 
GLOBAL_UNCERTAINTY_ASSIGNED_CONTEXT((#2477)) 
GLOBAL_UNIT_ASSIGNED_CONTEXT((#2474,#2475,#2476)) REPRESENTATION_CONTEXT
('Context #1','3D Context with UNIT and UNCERTAINTY') );
#2474 = ( LENGTH_UNIT() NAMED_UNIT(*) SI_UNIT(.MILLI.,.METRE.) );
#2475 = ( NAMED_UNIT(*) PLANE_ANGLE_UNIT() SI_UNIT($,.RADIAN.) );
#2476 = ( NAMED_UNIT(*) SI_UNIT($,.STERADIAN.) SOLID_ANGLE_UNIT() );
#2477 = UNCERTAINTY_MEASURE_WITH_UNIT(LENGTH_MEASURE(1.E-07),#2474,
  'distance_accuracy_value','confusion accuracy');
#2478 = CONTEXT_DEPENDENT_SHAPE_REPRESENTATION(#2479,#2481);
#2479 = ( REPRESENTATION_RELATIONSHIP('','',#1726,#10) 
REPRESENTATION_RELATIONSHIP_WITH_TRANSFORMATION(#2480) 
SHAPE_REPRESENTATION_RELATIONSHIP() );
#2480 = ITEM_DEFINED_TRANSFORMATION('','',#11,#23);
#2481 = PRODUCT_DEFINITION_SHAPE('Placement','Placement of an item',
  #2482);
#2482 = NEXT_ASSEMBLY_USAGE_OCCURRENCE('3','part_o1.3','',#5,#1721,$);
#2483 = PRODUCT_RELATED_PRODUCT_CATEGORY('part',$,(#1723));
#2484 = SHAPE_DEFINITION_REPRESENTATION(#873,#2485);
#2485 = SHAPE_REPRESENTATION('',(#15),#865);
#2486 = SHAPE_DEFINITION_REPRESENTATION(#1716,#2487);
#2487 = SHAPE_REPRESENTATION('',(#19),#1708);
#2488 = SHAPE_DEFINITION_REPRESENTATION(#2481,#2489);
#2489 = SHAPE_REPRESENTATION('',(#23),#2473);
#2490 = SHAPE_DEFINITION_REPRESENTATION(#873,#2491);
#2491 = SHAPE_REPRESENTATION('',(#15),#865);
#2492 = SHAPE_DEFINITION_REPRESENTATION(#1716,#2493);
#2493 = SHAPE_REPRESENTATION('',(#19),#1708);
#2494 = SHAPE_DEFINITION_REPRESENTATION(#2481,#2495);
#2495 = SHAPE_REPRESENTATION('',(#23),#2473);
#2496 = MECHANICAL_DESIGN_GEOMETRIC_PRESENTATION_REPRESENTATION('',(
    #2497,#2505,#2512),#865);
#2497 = STYLED_ITEM('color',(#2498),#41);
#2498 = PRESENTATION_STYLE_ASSIGNMENT((#2499));
#2499 = SURFACE_STYLE_USAGE(.BOTH.,#2500);
#2500 = SURFACE_SIDE_STYLE('',(#2501));
#2501 = SURFACE_STYLE_FILL_AREA(#2502);
#2502 = FILL_AREA_STYLE('',(#2503));
#2503 = FILL_AREA_STYLE_COLOUR('',#2504);
#2504 = COLOUR_RGB('',0.125489968324,0.250980499268,0.501960785193);
#2505 = STYLED_ITEM('color',(#2506),#223);
#2506 = PRESENTATION_STYLE_ASSIGNMENT((#2507));
#2507 = SURFACE_STYLE_USAGE(.BOTH.,#2508);
#2508 = SURFACE_SIDE_STYLE('',(#2509));
#2509 = SURFACE_STYLE_FILL_AREA(#2510);
#2510 = FILL_AREA_STYLE('',(#2511));
#2511 = FILL_AREA_STYLE_COLOUR('',#2504);
#2512 = OVER_RIDING_STYLED_ITEM('overriding color',(#2513),#41,#2497);
#2513 = PRESENTATION_STYLE_BY_CONTEXT((#2514),#2491);
#2514 = SURFACE_STYLE_USAGE(.BOTH.,#2515);
#2515 = SURFACE_SIDE_STYLE('',(#2516));
#2516 = SURFACE_STYLE_FILL_AREA(#2517);
#2517 = FILL_AREA_STYLE('',(#2518));
#2518 = FILL_AREA_STYLE_COLOUR('',#2519);
#2519 = COLOUR_RGB('',0.125489968324,0.250980499268,0.501960785193);
#2520 = MECHANICAL_DESIGN_GEOMETRIC_PRESENTATION_REPRESENTATION('',(
    #2521,#2529,#2536),#1708);
#2521 = STYLED_ITEM('color',(#2522),#884);
#2522 = PRESENTATION_STYLE_ASSIGNMENT((#2523));
#2523 = SURFACE_STYLE_USAGE(.BOTH.,#2524);
#2524 = SURFACE_SIDE_STYLE('',(#2525));
#2525 = SURFACE_STYLE_FILL_AREA(#2526);
#2526 = FILL_AREA_STYLE('',(#2527));
#2527 = FILL_AREA_STYLE_COLOUR('',#2528);
#2528 = COLOUR_RGB('',0.164706016271,0.321568607906,0.745098043297);
#2529 = STYLED_ITEM('color',(#2530),#1066);
#2530 = PRESENTATION_STYLE_ASSIGNMENT((#2531));
#2531 = SURFACE_STYLE_USAGE(.BOTH.,#2532);
#2532 = SURFACE_SIDE_STYLE('',(#2533));
#2533 = SURFACE_STYLE_FILL_AREA(#2534);
#2534 = FILL_AREA_STYLE('',(#2535));
#2535 = FILL_AREA_STYLE_COLOUR('',#2528);
#2536 = OVER_RIDING_STYLED_ITEM('overriding color',(#2537),#884,#2521);
#2537 = PRESENTATION_STYLE_BY_CONTEXT((#2538),#2493);
#2538 = SURFACE_STYLE_USAGE(.BOTH.,#2539);
#2539 = SURFACE_SIDE_STYLE('',(#2540));
#2540 = SURFACE_STYLE_FILL_AREA(#2541);
#2541 = FILL_AREA_STYLE('',(#2542));
#2542 = FILL_AREA_STYLE_COLOUR('',#2543);
#2543 = COLOUR_RGB('',0.164706016271,0.321568607906,0.745098043297);
#2544 = MECHANICAL_DESIGN_GEOMETRIC_PRESENTATION_REPRESENTATION('',(
    #2545,#2553,#2560,#2568),#2473);
#2545 = STYLED_ITEM('color',(#2546),#1727);
#2546 = PRESENTATION_STYLE_ASSIGNMENT((#2547));
#2547 = SURFACE_STYLE_USAGE(.BOTH.,#2548);
#2548 = SURFACE_SIDE_STYLE('',(#2549));
#2549 = SURFACE_STYLE_FILL_AREA(#2550);
#2550 = FILL_AREA_STYLE('',(#2551));
#2551 = FILL_AREA_STYLE_COLOUR('',#2552);
#2552 = COLOUR_RGB('',0.815686249826,0.125489968324,0.125489968324);
#2553 = STYLED_ITEM('color',(#2554),#2291);
#2554 = PRESENTATION_STYLE_ASSIGNMENT((#2555));
#2555 = SURFACE_STYLE_USAGE(.BOTH.,#2556);
#2556 = SURFACE_SIDE_STYLE('',(#2557));
#2557 = SURFACE_STYLE_FILL_AREA(#2558);
#2558 = FILL_AREA_STYLE('',(#2559));
#2559 = FILL_AREA_STYLE_COLOUR('',#2552);
#2560 = OVER_RIDING_STYLED_ITEM('overriding color',(#2561),#1727,#2545);
#2561 = PRESENTATION_STYLE_BY_CONTEXT((#2562),#2495);
#2562 = SURFACE_STYLE_USAGE(.BOTH.,#2563);
#2563 = SURFACE_SIDE_STYLE('',(#2564));
#2564 = SURFACE_STYLE_FILL_AREA(#2565);
#2565 = FILL_AREA_STYLE('',(#2566));
#2566 = FILL_AREA_STYLE_COLOUR('',#2567);
#2567 = COLOUR_RGB('',0.815686249826,0.125489968324,0.125489968324);
#2568 = OVER_RIDING_STYLED_ITEM('overriding color',(#2569),#2291,#2545);
#2569 = PRESENTATION_STYLE_BY_CONTEXT((#2570),#2495);
#2570 = SURFACE_STYLE_USAGE(.BOTH.,#2571);
#2571 = SURFACE_SIDE_STYLE('',(#2572));
#2572 = SURFACE_STYLE_FILL_AREA(#2573);
#2573 = FILL_AREA_STYLE('',(#2574));
#2574 = FILL_AREA_STYLE_COLOUR('',#2567);
ENDSEC;
END-ISO-10303-21;
