ISO-10303-21;
HEADER;
FILE_DESCRIPTION(('Open CASCADE Model'),'2;1');
FILE_NAME('train_bridge','2000-01-01T00:00:00',('Author'),(
    'Open CASCADE'),'Open CASCADE STEP processor 7.9','cadgen','Unknown'
  );
FILE_SCHEMA(('AUTOMOTIVE_DESIGN { 1 0 10303 214 1 1 1 1 }'));
ENDSEC;
DATA;
#1 = APPLICATION_PROTOCOL_DEFINITION('international standard',
  'automotive_design',2000,#2);
#2 = APPLICATION_CONTEXT(
  'core data for automotive mechanical design processes');
#3 = SHAPE_DEFINITION_REPRESENTATION(#4,#10);
#4 = PRODUCT_DEFINITION_SHAPE('','',#5);
#5 = PRODUCT_DEFINITION('design','',#6,#9);
#6 = PRODUCT_DEFINITION_FORMATION('','',#7);
#7 = PRODUCT('=>[0:1:1:2]','=>[0:1:1:2]','',(#8));
#8 = PRODUCT_CONTEXT('',#2,'mechanical');
#9 = PRODUCT_DEFINITION_CONTEXT('part definition',#2,'design');
#10 = SHAPE_REPRESENTATION('',(#11,#15),#19);
#11 = AXIS2_PLACEMENT_3D('',#12,#13,#14);
#12 = CARTESIAN_POINT('',(0.,0.,0.));
#13 = DIRECTION('',(0.,0.,1.));
#14 = DIRECTION('',(1.,0.,-0.));
#15 = AXIS2_PLACEMENT_3D('',#16,#17,#18);
#16 = CARTESIAN_POINT('',(0.,0.,0.));
#17 = DIRECTION('',(0.,0.,1.));
#18 = DIRECTION('',(1.,0.,0.));
#19 = ( GEOMETRIC_REPRESENTATION_CONTEXT(3) 
GLOBAL_UNCERTAINTY_ASSIGNED_CONTEXT((#23)) GLOBAL_UNIT_ASSIGNED_CONTEXT(
(#20,#21,#22)) REPRESENTATION_CONTEXT('Context #1',
  '3D Context with UNIT and UNCERTAINTY') );
#20 = ( LENGTH_UNIT() NAMED_UNIT(*) SI_UNIT(.MILLI.,.METRE.) );
#21 = ( NAMED_UNIT(*) PLANE_ANGLE_UNIT() SI_UNIT($,.RADIAN.) );
#22 = ( NAMED_UNIT(*) SI_UNIT($,.STERADIAN.) SOLID_ANGLE_UNIT() );
#23 = UNCERTAINTY_MEASURE_WITH_UNIT(LENGTH_MEASURE(1.E-07),#20,
  'distance_accuracy_value','confusion accuracy');
#24 = PRODUCT_RELATED_PRODUCT_CATEGORY('part',$,(#7));
#25 = SHAPE_DEFINITION_REPRESENTATION(#26,#32);
#26 = PRODUCT_DEFINITION_SHAPE('','',#27);
#27 = PRODUCT_DEFINITION('design','',#28,#31);
#28 = PRODUCT_DEFINITION_FORMATION('','',#29);
#29 = PRODUCT('train_bridge','train_bridge','',(#30));
#30 = PRODUCT_CONTEXT('',#2,'mechanical');
#31 = PRODUCT_DEFINITION_CONTEXT('part definition',#2,'design');
#32 = ADVANCED_BREP_SHAPE_REPRESENTATION('',(#11,#33),#2385);
#33 = MANIFOLD_SOLID_BREP('',#34);
#34 = CLOSED_SHELL('',(#35,#207,#708,#756,#805,#854,#1329,#1356,#1383,
    #1457,#1551,#1599,#1626,#1693,#1720,#1747,#1754,#1781,#1836,#1891,
    #1918,#1968,#2023,#2078,#2110,#2142,#2192,#2242,#2292,#2342,#2349,
    #2357,#2364,#2371,#2378));
#35 = ADVANCED_FACE('',(#36),#50,.F.);
#36 = FACE_BOUND('',#37,.F.);
#37 = EDGE_LOOP('',(#38,#71,#99,#127,#155,#183));
#38 = ORIENTED_EDGE('',*,*,#39,.F.);
#39 = EDGE_CURVE('',#40,#42,#44,.T.);
#40 = VERTEX_POINT('',#41);
#41 = CARTESIAN_POINT('',(4.,-2.,1.12));
#42 = VERTEX_POINT('',#43);
#43 = CARTESIAN_POINT('',(6.131035894168,1.835864609502,1.12));
#44 = SURFACE_CURVE('',#45,(#49,#60),.PCURVE_S1.);
#45 = LINE('',#46,#47);
#46 = CARTESIAN_POINT('',(3.952830188679,-2.084905660377,1.12));
#47 = VECTOR('',#48,1.);
#48 = DIRECTION('',(0.485642931179,0.874157276122,-0.));
#49 = PCURVE('',#50,#55);
#50 = PLANE('',#51);
#51 = AXIS2_PLACEMENT_3D('',#52,#53,#54);
#52 = CARTESIAN_POINT('',(4.,-2.,0.));
#53 = DIRECTION('',(-0.874157276122,0.485642931179,0.));
#54 = DIRECTION('',(0.485642931179,0.874157276122,0.));
#55 = DEFINITIONAL_REPRESENTATION('',(#56),#59);
#56 = B_SPLINE_CURVE_WITH_KNOTS('',1,(#57,#58),.UNSPECIFIED.,.F.,.F.,(2,
    2),(9.712858623573E-02,5.039031053909),.PIECEWISE_BEZIER_KNOTS.);
#57 = CARTESIAN_POINT('',(0.,-1.12));
#58 = CARTESIAN_POINT('',(4.941902467674,-1.12));
#59 = ( GEOMETRIC_REPRESENTATION_CONTEXT(2) 
PARAMETRIC_REPRESENTATION_CONTEXT() REPRESENTATION_CONTEXT('2D SPACE',''
  ) );
#60 = PCURVE('',#61,#66);
#61 = PLANE('',#62);
#62 = AXIS2_PLACEMENT_3D('',#63,#64,#65);
#63 = CARTESIAN_POINT('',(-2.136625207093E-16,3.797295783098E-16,1.12));
#64 = DIRECTION('',(0.,0.,1.));
#65 = DIRECTION('',(1.,0.,0.));
#66 = DEFINITIONAL_REPRESENTATION('',(#67),#70);
#67 = B_SPLINE_CURVE_WITH_KNOTS('',1,(#68,#69),.UNSPECIFIED.,.F.,.F.,(2,
    2),(9.712858623573E-02,5.039031053909),.PIECEWISE_BEZIER_KNOTS.);
#68 = CARTESIAN_POINT('',(4.,-2.));
#69 = CARTESIAN_POINT('',(6.4,2.32));
#70 = ( GEOMETRIC_REPRESENTATION_CONTEXT(2) 
PARAMETRIC_REPRESENTATION_CONTEXT() REPRESENTATION_CONTEXT('2D SPACE',''
  ) );
#71 = ORIENTED_EDGE('',*,*,#72,.T.);
#72 = EDGE_CURVE('',#40,#73,#75,.T.);
#73 = VERTEX_POINT('',#74);
#74 = CARTESIAN_POINT('',(4.,-2.,1.65));
#75 = SURFACE_CURVE('',#76,(#80,#87),.PCURVE_S1.);
#76 = LINE('',#77,#78);
#77 = CARTESIAN_POINT('',(4.,-2.,0.));
#78 = VECTOR('',#79,1.);
#79 = DIRECTION('',(0.,0.,1.));
#80 = PCURVE('',#50,#81);
#81 = DEFINITIONAL_REPRESENTATION('',(#82),#86);
#82 = LINE('',#83,#84);
#83 = CARTESIAN_POINT('',(0.,0.));
#84 = VECTOR('',#85,1.);
#85 = DIRECTION('',(0.,-1.));
#86 = ( GEOMETRIC_REPRESENTATION_CONTEXT(2) 
PARAMETRIC_REPRESENTATION_CONTEXT() REPRESENTATION_CONTEXT('2D SPACE',''
  ) );
#87 = PCURVE('',#88,#93);
#88 = PLANE('',#89);
#89 = AXIS2_PLACEMENT_3D('',#90,#91,#92);
#90 = CARTESIAN_POINT('',(-8.,-2.,0.));
#91 = DIRECTION('',(0.,1.,0.));
#92 = DIRECTION('',(1.,0.,0.));
#93 = DEFINITIONAL_REPRESENTATION('',(#94),#98);
#94 = LINE('',#95,#96);
#95 = CARTESIAN_POINT('',(12.,0.));
#96 = VECTOR('',#97,1.);
#97 = DIRECTION('',(0.,-1.));
#98 = ( GEOMETRIC_REPRESENTATION_CONTEXT(2) 
PARAMETRIC_REPRESENTATION_CONTEXT() REPRESENTATION_CONTEXT('2D SPACE',''
  ) );
#99 = ORIENTED_EDGE('',*,*,#100,.T.);
#100 = EDGE_CURVE('',#73,#101,#103,.T.);
#101 = VERTEX_POINT('',#102);
#102 = CARTESIAN_POINT('',(6.5,2.5,1.65));
#103 = SURFACE_CURVE('',#104,(#108,#115),.PCURVE_S1.);
#104 = LINE('',#105,#106);
#105 = CARTESIAN_POINT('',(4.,-2.,1.65));
#106 = VECTOR('',#107,1.);
#107 = DIRECTION('',(0.485642931179,0.874157276122,0.));
#108 = PCURVE('',#50,#109);
#109 = DEFINITIONAL_REPRESENTATION('',(#110),#114);
#110 = LINE('',#111,#112);
#111 = CARTESIAN_POINT('',(0.,-1.65));
#112 = VECTOR('',#113,1.);
#113 = DIRECTION('',(1.,0.));
#114 = ( GEOMETRIC_REPRESENTATION_CONTEXT(2) 
PARAMETRIC_REPRESENTATION_CONTEXT() REPRESENTATION_CONTEXT('2D SPACE',''
  ) );
#115 = PCURVE('',#116,#121);
#116 = PLANE('',#117);
#117 = AXIS2_PLACEMENT_3D('',#118,#119,#120);
#118 = CARTESIAN_POINT('',(-2.92557610911,1.519455719697,1.65));
#119 = DIRECTION('',(0.,0.,1.));
#120 = DIRECTION('',(1.,0.,0.));
#121 = DEFINITIONAL_REPRESENTATION('',(#122),#126);
#122 = LINE('',#123,#124);
#123 = CARTESIAN_POINT('',(6.92557610911,-3.519455719697));
#124 = VECTOR('',#125,1.);
#125 = DIRECTION('',(0.485642931179,0.874157276122));
#126 = ( GEOMETRIC_REPRESENTATION_CONTEXT(2) 
PARAMETRIC_REPRESENTATION_CONTEXT() REPRESENTATION_CONTEXT('2D SPACE',''
  ) );
#127 = ORIENTED_EDGE('',*,*,#128,.F.);
#128 = EDGE_CURVE('',#129,#101,#131,.T.);
#129 = VERTEX_POINT('',#130);
#130 = CARTESIAN_POINT('',(6.5,2.5,0.));
#131 = SURFACE_CURVE('',#132,(#136,#143),.PCURVE_S1.);
#132 = LINE('',#133,#134);
#133 = CARTESIAN_POINT('',(6.5,2.5,0.));
#134 = VECTOR('',#135,1.);
#135 = DIRECTION('',(0.,0.,1.));
#136 = PCURVE('',#50,#137);
#137 = DEFINITIONAL_REPRESENTATION('',(#138),#142);
#138 = LINE('',#139,#140);
#139 = CARTESIAN_POINT('',(5.147815070494,0.));
#140 = VECTOR('',#141,1.);
#141 = DIRECTION('',(0.,-1.));
#142 = ( GEOMETRIC_REPRESENTATION_CONTEXT(2) 
PARAMETRIC_REPRESENTATION_CONTEXT() REPRESENTATION_CONTEXT('2D SPACE',''
  ) );
#143 = PCURVE('',#144,#149);
#144 = PLANE('',#145);
#145 = AXIS2_PLACEMENT_3D('',#146,#147,#148);
#146 = CARTESIAN_POINT('',(6.5,2.5,0.));
#147 = DIRECTION('',(-0.754605522164,-0.656178714925,0.));
#148 = DIRECTION('',(-0.656178714925,0.754605522164,0.));
#149 = DEFINITIONAL_REPRESENTATION('',(#150),#154);
#150 = LINE('',#151,#152);
#151 = CARTESIAN_POINT('',(0.,0.));
#152 = VECTOR('',#153,1.);
#153 = DIRECTION('',(0.,-1.));
#154 = ( GEOMETRIC_REPRESENTATION_CONTEXT(2) 
PARAMETRIC_REPRESENTATION_CONTEXT() REPRESENTATION_CONTEXT('2D SPACE',''
  ) );
#155 = ORIENTED_EDGE('',*,*,#156,.F.);
#156 = EDGE_CURVE('',#157,#129,#159,.T.);
#157 = VERTEX_POINT('',#158);
#158 = CARTESIAN_POINT('',(6.131035894168,1.835864609502,0.));
#159 = SURFACE_CURVE('',#160,(#164,#171),.PCURVE_S1.);
#160 = LINE('',#161,#162);
#161 = CARTESIAN_POINT('',(4.,-2.,0.));
#162 = VECTOR('',#163,1.);
#163 = DIRECTION('',(0.485642931179,0.874157276122,0.));
#164 = PCURVE('',#50,#165);
#165 = DEFINITIONAL_REPRESENTATION('',(#166),#170);
#166 = LINE('',#167,#168);
#167 = CARTESIAN_POINT('',(0.,0.));
#168 = VECTOR('',#169,1.);
#169 = DIRECTION('',(1.,0.));
#170 = ( GEOMETRIC_REPRESENTATION_CONTEXT(2) 
PARAMETRIC_REPRESENTATION_CONTEXT() REPRESENTATION_CONTEXT('2D SPACE',''
  ) );
#171 = PCURVE('',#172,#177);
#172 = PLANE('',#173);
#173 = AXIS2_PLACEMENT_3D('',#174,#175,#176);
#174 = CARTESIAN_POINT('',(-2.92557610911,1.519455719697,0.));
#175 = DIRECTION('',(0.,0.,1.));
#176 = DIRECTION('',(1.,0.,0.));
#177 = DEFINITIONAL_REPRESENTATION('',(#178),#182);
#178 = LINE('',#179,#180);
#179 = CARTESIAN_POINT('',(6.92557610911,-3.519455719697));
#180 = VECTOR('',#181,1.);
#181 = DIRECTION('',(0.485642931179,0.874157276122));
#182 = ( GEOMETRIC_REPRESENTATION_CONTEXT(2) 
PARAMETRIC_REPRESENTATION_CONTEXT() REPRESENTATION_CONTEXT('2D SPACE',''
  ) );
#183 = ORIENTED_EDGE('',*,*,#184,.F.);
#184 = EDGE_CURVE('',#42,#157,#185,.T.);
#185 = SURFACE_CURVE('',#186,(#190,#196),.PCURVE_S1.);
#186 = LINE('',#187,#188);
#187 = CARTESIAN_POINT('',(6.131035894168,1.835864609502,0.));
#188 = VECTOR('',#189,1.);
#189 = DIRECTION('',(-0.,-0.,-1.));
#190 = PCURVE('',#50,#191);
#191 = DEFINITIONAL_REPRESENTATION('',(#192),#195);
#192 = B_SPLINE_CURVE_WITH_KNOTS('',1,(#193,#194),.UNSPECIFIED.,.F.,.F.,
  (2,2),(-1.1200006,6.E-07),.PIECEWISE_BEZIER_KNOTS.);
#193 = CARTESIAN_POINT('',(4.388071476704,-1.1200006));
#194 = CARTESIAN_POINT('',(4.388071476704,6.E-07));
#195 = ( GEOMETRIC_REPRESENTATION_CONTEXT(2) 
PARAMETRIC_REPRESENTATION_CONTEXT() REPRESENTATION_CONTEXT('2D SPACE',''
  ) );
#196 = PCURVE('',#197,#202);
#197 = CYLINDRICAL_SURFACE('',#198,6.4);
#198 = AXIS2_PLACEMENT_3D('',#199,#200,#201);
#199 = CARTESIAN_POINT('',(0.,0.,0.));
#200 = DIRECTION('',(-0.,-0.,-1.));
#201 = DIRECTION('',(-0.988845334041,-0.1489459813,0.));
#202 = DEFINITIONAL_REPRESENTATION('',(#203),#206);
#203 = B_SPLINE_CURVE_WITH_KNOTS('',1,(#204,#205),.UNSPECIFIED.,.F.,.F.,
  (2,2),(-1.1200006,6.E-07),.PIECEWISE_BEZIER_KNOTS.);
#204 = CARTESIAN_POINT('',(-3.283031416256,-1.1200006));
#205 = CARTESIAN_POINT('',(-3.283031416256,6.E-07));
#206 = ( GEOMETRIC_REPRESENTATION_CONTEXT(2) 
PARAMETRIC_REPRESENTATION_CONTEXT() REPRESENTATION_CONTEXT('2D SPACE',''
  ) );
#207 = ADVANCED_FACE('',(#208,#491,#522,#553,#584,#615,#646,#677),#61,
  .F.);
#208 = FACE_BOUND('',#209,.F.);
#209 = EDGE_LOOP('',(#210,#211,#235,#261,#290,#316,#342,#368,#394,#420,
    #446,#472));
#210 = ORIENTED_EDGE('',*,*,#39,.T.);
#211 = ORIENTED_EDGE('',*,*,#212,.T.);
#212 = EDGE_CURVE('',#42,#213,#215,.T.);
#213 = VERTEX_POINT('',#214);
#214 = CARTESIAN_POINT('',(4.218998713434,4.81248894607,1.12));
#215 = SURFACE_CURVE('',#216,(#221,#228),.PCURVE_S1.);
#216 = CIRCLE('',#217,6.4);
#217 = AXIS2_PLACEMENT_3D('',#218,#219,#220);
#218 = CARTESIAN_POINT('',(0.,0.,1.12));
#219 = DIRECTION('',(0.,0.,1.));
#220 = DIRECTION('',(-0.988845334041,-0.1489459813,0.));
#221 = PCURVE('',#61,#222);
#222 = DEFINITIONAL_REPRESENTATION('',(#223),#227);
#223 = CIRCLE('',#224,6.4);
#224 = AXIS2_PLACEMENT_2D('',#225,#226);
#225 = CARTESIAN_POINT('',(2.136625207093E-16,-3.797295783098E-16));
#226 = DIRECTION('',(-0.988845334041,-0.1489459813));
#227 = ( GEOMETRIC_REPRESENTATION_CONTEXT(2) 
PARAMETRIC_REPRESENTATION_CONTEXT() REPRESENTATION_CONTEXT('2D SPACE',''
  ) );
#228 = PCURVE('',#197,#229);
#229 = DEFINITIONAL_REPRESENTATION('',(#230),#234);
#230 = LINE('',#231,#232);
#231 = CARTESIAN_POINT('',(-0.,-1.12));
#232 = VECTOR('',#233,1.);
#233 = DIRECTION('',(-1.,0.));
#234 = ( GEOMETRIC_REPRESENTATION_CONTEXT(2) 
PARAMETRIC_REPRESENTATION_CONTEXT() REPRESENTATION_CONTEXT('2D SPACE',''
  ) );
#235 = ORIENTED_EDGE('',*,*,#236,.T.);
#236 = EDGE_CURVE('',#213,#237,#239,.T.);
#237 = VERTEX_POINT('',#238);
#238 = CARTESIAN_POINT('',(3.037853578026,4.864984285421,1.12));
#239 = SURFACE_CURVE('',#240,(#244,#250),.PCURVE_S1.);
#240 = LINE('',#241,#242);
#241 = CARTESIAN_POINT('',(2.360892065057,4.895071463775,1.12));
#242 = VECTOR('',#243,1.);
#243 = DIRECTION('',(-0.999013806466,4.440061362072E-02,0.));
#244 = PCURVE('',#61,#245);
#245 = DEFINITIONAL_REPRESENTATION('',(#246),#249);
#246 = B_SPLINE_CURVE_WITH_KNOTS('',1,(#247,#248),.UNSPECIFIED.,.F.,.F.,
  (2,2),(-2.141219591859,2.363222659963),.PIECEWISE_BEZIER_KNOTS.);
#247 = CARTESIAN_POINT('',(4.5,4.8));
#248 = CARTESIAN_POINT('',(0.,5.));
#249 = ( GEOMETRIC_REPRESENTATION_CONTEXT(2) 
PARAMETRIC_REPRESENTATION_CONTEXT() REPRESENTATION_CONTEXT('2D SPACE',''
  ) );
#250 = PCURVE('',#251,#256);
#251 = PLANE('',#252);
#252 = AXIS2_PLACEMENT_3D('',#253,#254,#255);
#253 = CARTESIAN_POINT('',(4.5,4.8,0.));
#254 = DIRECTION('',(-4.440061362072E-02,-0.999013806466,0.));
#255 = DIRECTION('',(-0.999013806466,4.440061362072E-02,0.));
#256 = DEFINITIONAL_REPRESENTATION('',(#257),#260);
#257 = B_SPLINE_CURVE_WITH_KNOTS('',1,(#258,#259),.UNSPECIFIED.,.F.,.F.,
  (2,2),(-2.141219591859,2.363222659963),.PIECEWISE_BEZIER_KNOTS.);
#258 = CARTESIAN_POINT('',(0.,-1.12));
#259 = CARTESIAN_POINT('',(4.504442251822,-1.12));
#260 = ( GEOMETRIC_REPRESENTATION_CONTEXT(2) 
PARAMETRIC_REPRESENTATION_CONTEXT() REPRESENTATION_CONTEXT('2D SPACE',''
  ) );
#261 = ORIENTED_EDGE('',*,*,#262,.F.);
#262 = EDGE_CURVE('',#263,#237,#265,.T.);
#263 = VERTEX_POINT('',#264);
#264 = CARTESIAN_POINT('',(1.996646175547,4.911260169976,1.12));
#265 = SURFACE_CURVE('',#266,(#271,#278),.PCURVE_S1.);
#266 = CIRCLE('',#267,0.65);
#267 = AXIS2_PLACEMENT_3D('',#268,#269,#270);
#268 = CARTESIAN_POINT('',(2.5,4.5,1.12));
#269 = DIRECTION('',(0.,0.,1.));
#270 = DIRECTION('',(-0.774390499159,0.632707953809,0.));
#271 = PCURVE('',#61,#272);
#272 = DEFINITIONAL_REPRESENTATION('',(#273),#277);
#273 = CIRCLE('',#274,0.65);
#274 = AXIS2_PLACEMENT_2D('',#275,#276);
#275 = CARTESIAN_POINT('',(2.5,4.5));
#276 = DIRECTION('',(-0.774390499159,0.632707953809));
#277 = ( GEOMETRIC_REPRESENTATION_CONTEXT(2) 
PARAMETRIC_REPRESENTATION_CONTEXT() REPRESENTATION_CONTEXT('2D SPACE',''
  ) );
#278 = PCURVE('',#279,#284);
#279 = CYLINDRICAL_SURFACE('',#280,0.65);
#280 = AXIS2_PLACEMENT_3D('',#281,#282,#283);
#281 = CARTESIAN_POINT('',(2.5,4.5,1.65));
#282 = DIRECTION('',(0.,0.,1.));
#283 = DIRECTION('',(1.,0.,-0.));
#284 = DEFINITIONAL_REPRESENTATION('',(#285),#289);
#285 = LINE('',#286,#287);
#286 = CARTESIAN_POINT('',(2.456547532106,-0.53));
#287 = VECTOR('',#288,1.);
#288 = DIRECTION('',(1.,0.));
#289 = ( GEOMETRIC_REPRESENTATION_CONTEXT(2) 
PARAMETRIC_REPRESENTATION_CONTEXT() REPRESENTATION_CONTEXT('2D SPACE',''
  ) );
#290 = ORIENTED_EDGE('',*,*,#291,.T.);
#291 = EDGE_CURVE('',#263,#292,#294,.T.);
#292 = VERTEX_POINT('',#293);
#293 = CARTESIAN_POINT('',(0.,5.,1.12));
#294 = SURFACE_CURVE('',#295,(#299,#305),.PCURVE_S1.);
#295 = LINE('',#296,#297);
#296 = CARTESIAN_POINT('',(2.360892065057,4.895071463775,1.12));
#297 = VECTOR('',#298,1.);
#298 = DIRECTION('',(-0.999013806466,4.440061362072E-02,0.));
#299 = PCURVE('',#61,#300);
#300 = DEFINITIONAL_REPRESENTATION('',(#301),#304);
#301 = B_SPLINE_CURVE_WITH_KNOTS('',1,(#302,#303),.UNSPECIFIED.,.F.,.F.,
  (2,2),(-2.141219591859,2.363222659963),.PIECEWISE_BEZIER_KNOTS.);
#302 = CARTESIAN_POINT('',(4.5,4.8));
#303 = CARTESIAN_POINT('',(0.,5.));
#304 = ( GEOMETRIC_REPRESENTATION_CONTEXT(2) 
PARAMETRIC_REPRESENTATION_CONTEXT() REPRESENTATION_CONTEXT('2D SPACE',''
  ) );
#305 = PCURVE('',#306,#311);
#306 = PLANE('',#307);
#307 = AXIS2_PLACEMENT_3D('',#308,#309,#310);
#308 = CARTESIAN_POINT('',(4.5,4.8,0.));
#309 = DIRECTION('',(-4.440061362072E-02,-0.999013806466,0.));
#310 = DIRECTION('',(-0.999013806466,4.440061362072E-02,0.));
#311 = DEFINITIONAL_REPRESENTATION('',(#312),#315);
#312 = B_SPLINE_CURVE_WITH_KNOTS('',1,(#313,#314),.UNSPECIFIED.,.F.,.F.,
  (2,2),(-2.141219591859,2.363222659963),.PIECEWISE_BEZIER_KNOTS.);
#313 = CARTESIAN_POINT('',(0.,-1.12));
#314 = CARTESIAN_POINT('',(4.504442251822,-1.12));
#315 = ( GEOMETRIC_REPRESENTATION_CONTEXT(2) 
PARAMETRIC_REPRESENTATION_CONTEXT() REPRESENTATION_CONTEXT('2D SPACE',''
  ) );
#316 = ORIENTED_EDGE('',*,*,#317,.T.);
#317 = EDGE_CURVE('',#292,#318,#320,.T.);
#318 = VERTEX_POINT('',#319);
#319 = CARTESIAN_POINT('',(-4.,5.2,1.12));
#320 = SURFACE_CURVE('',#321,(#325,#331),.PCURVE_S1.);
#321 = LINE('',#322,#323);
#322 = CARTESIAN_POINT('',(0.124688279302,4.993765586035,1.12));
#323 = VECTOR('',#324,1.);
#324 = DIRECTION('',(-0.998752338878,4.993761694389E-02,0.));
#325 = PCURVE('',#61,#326);
#326 = DEFINITIONAL_REPRESENTATION('',(#327),#330);
#327 = B_SPLINE_CURVE_WITH_KNOTS('',1,(#328,#329),.UNSPECIFIED.,.F.,.F.,
  (2,2),(0.12484404236,4.12984092126),.PIECEWISE_BEZIER_KNOTS.);
#328 = CARTESIAN_POINT('',(1.942890293094E-16,5.));
#329 = CARTESIAN_POINT('',(-4.,5.2));
#330 = ( GEOMETRIC_REPRESENTATION_CONTEXT(2) 
PARAMETRIC_REPRESENTATION_CONTEXT() REPRESENTATION_CONTEXT('2D SPACE',''
  ) );
#331 = PCURVE('',#332,#337);
#332 = PLANE('',#333);
#333 = AXIS2_PLACEMENT_3D('',#334,#335,#336);
#334 = CARTESIAN_POINT('',(0.,5.,0.));
#335 = DIRECTION('',(-4.993761694389E-02,-0.998752338878,0.));
#336 = DIRECTION('',(-0.998752338878,4.993761694389E-02,0.));
#337 = DEFINITIONAL_REPRESENTATION('',(#338),#341);
#338 = B_SPLINE_CURVE_WITH_KNOTS('',1,(#339,#340),.UNSPECIFIED.,.F.,.F.,
  (2,2),(0.12484404236,4.12984092126),.PIECEWISE_BEZIER_KNOTS.);
#339 = CARTESIAN_POINT('',(0.,-1.12));
#340 = CARTESIAN_POINT('',(4.0049968789,-1.12));
#341 = ( GEOMETRIC_REPRESENTATION_CONTEXT(2) 
PARAMETRIC_REPRESENTATION_CONTEXT() REPRESENTATION_CONTEXT('2D SPACE',''
  ) );
#342 = ORIENTED_EDGE('',*,*,#343,.T.);
#343 = EDGE_CURVE('',#318,#344,#346,.T.);
#344 = VERTEX_POINT('',#345);
#345 = CARTESIAN_POINT('',(-8.5,5.2,1.12));
#346 = SURFACE_CURVE('',#347,(#351,#357),.PCURVE_S1.);
#347 = LINE('',#348,#349);
#348 = CARTESIAN_POINT('',(-2.,5.2,1.12));
#349 = VECTOR('',#350,1.);
#350 = DIRECTION('',(-1.,0.,0.));
#351 = PCURVE('',#61,#352);
#352 = DEFINITIONAL_REPRESENTATION('',(#353),#356);
#353 = B_SPLINE_CURVE_WITH_KNOTS('',1,(#354,#355),.UNSPECIFIED.,.F.,.F.,
  (2,2),(2.,6.5),.PIECEWISE_BEZIER_KNOTS.);
#354 = CARTESIAN_POINT('',(-4.,5.2));
#355 = CARTESIAN_POINT('',(-8.5,5.2));
#356 = ( GEOMETRIC_REPRESENTATION_CONTEXT(2) 
PARAMETRIC_REPRESENTATION_CONTEXT() REPRESENTATION_CONTEXT('2D SPACE',''
  ) );
#357 = PCURVE('',#358,#363);
#358 = PLANE('',#359);
#359 = AXIS2_PLACEMENT_3D('',#360,#361,#362);
#360 = CARTESIAN_POINT('',(-4.,5.2,0.));
#361 = DIRECTION('',(0.,-1.,0.));
#362 = DIRECTION('',(-1.,0.,0.));
#363 = DEFINITIONAL_REPRESENTATION('',(#364),#367);
#364 = B_SPLINE_CURVE_WITH_KNOTS('',1,(#365,#366),.UNSPECIFIED.,.F.,.F.,
  (2,2),(2.,6.5),.PIECEWISE_BEZIER_KNOTS.);
#365 = CARTESIAN_POINT('',(0.,-1.12));
#366 = CARTESIAN_POINT('',(4.5,-1.12));
#367 = ( GEOMETRIC_REPRESENTATION_CONTEXT(2) 
PARAMETRIC_REPRESENTATION_CONTEXT() REPRESENTATION_CONTEXT('2D SPACE',''
  ) );
#368 = ORIENTED_EDGE('',*,*,#369,.T.);
#369 = EDGE_CURVE('',#344,#370,#372,.T.);
#370 = VERTEX_POINT('',#371);
#371 = CARTESIAN_POINT('',(-10.5,4.6,1.12));
#372 = SURFACE_CURVE('',#373,(#377,#383),.PCURVE_S1.);
#373 = LINE('',#374,#375);
#374 = CARTESIAN_POINT('',(-5.316513761468,6.15504587156,1.12));
#375 = VECTOR('',#376,1.);
#376 = DIRECTION('',(-0.957826285221,-0.287347885566,0.));
#377 = PCURVE('',#61,#378);
#378 = DEFINITIONAL_REPRESENTATION('',(#379),#382);
#379 = B_SPLINE_CURVE_WITH_KNOTS('',1,(#380,#381),.UNSPECIFIED.,.F.,.F.,
  (2,2),(3.323657209717,5.4117185115),.PIECEWISE_BEZIER_KNOTS.);
#380 = CARTESIAN_POINT('',(-8.5,5.2));
#381 = CARTESIAN_POINT('',(-10.5,4.6));
#382 = ( GEOMETRIC_REPRESENTATION_CONTEXT(2) 
PARAMETRIC_REPRESENTATION_CONTEXT() REPRESENTATION_CONTEXT('2D SPACE',''
  ) );
#383 = PCURVE('',#384,#389);
#384 = PLANE('',#385);
#385 = AXIS2_PLACEMENT_3D('',#386,#387,#388);
#386 = CARTESIAN_POINT('',(-8.5,5.2,0.));
#387 = DIRECTION('',(0.287347885566,-0.957826285221,0.));
#388 = DIRECTION('',(-0.957826285221,-0.287347885566,0.));
#389 = DEFINITIONAL_REPRESENTATION('',(#390),#393);
#390 = B_SPLINE_CURVE_WITH_KNOTS('',1,(#391,#392),.UNSPECIFIED.,.F.,.F.,
  (2,2),(3.323657209717,5.4117185115),.PIECEWISE_BEZIER_KNOTS.);
#391 = CARTESIAN_POINT('',(0.,-1.12));
#392 = CARTESIAN_POINT('',(2.088061301782,-1.12));
#393 = ( GEOMETRIC_REPRESENTATION_CONTEXT(2) 
PARAMETRIC_REPRESENTATION_CONTEXT() REPRESENTATION_CONTEXT('2D SPACE',''
  ) );
#394 = ORIENTED_EDGE('',*,*,#395,.T.);
#395 = EDGE_CURVE('',#370,#396,#398,.T.);
#396 = VERTEX_POINT('',#397);
#397 = CARTESIAN_POINT('',(-11.5,2.5,1.12));
#398 = SURFACE_CURVE('',#399,(#403,#409),.PCURVE_S1.);
#399 = LINE('',#400,#401);
#400 = CARTESIAN_POINT('',(-10.4223659889,4.76303142329,1.12));
#401 = VECTOR('',#402,1.);
#402 = DIRECTION('',(-0.429933580392,-0.902860518824,0.));
#403 = PCURVE('',#61,#404);
#404 = DEFINITIONAL_REPRESENTATION('',(#405),#408);
#405 = B_SPLINE_CURVE_WITH_KNOTS('',1,(#406,#407),.UNSPECIFIED.,.F.,.F.,
  (2,2),(0.180572103765,2.506512773687),.PIECEWISE_BEZIER_KNOTS.);
#406 = CARTESIAN_POINT('',(-10.5,4.6));
#407 = CARTESIAN_POINT('',(-11.5,2.5));
#408 = ( GEOMETRIC_REPRESENTATION_CONTEXT(2) 
PARAMETRIC_REPRESENTATION_CONTEXT() REPRESENTATION_CONTEXT('2D SPACE',''
  ) );
#409 = PCURVE('',#410,#415);
#410 = PLANE('',#411);
#411 = AXIS2_PLACEMENT_3D('',#412,#413,#414);
#412 = CARTESIAN_POINT('',(-10.5,4.6,0.));
#413 = DIRECTION('',(0.902860518824,-0.429933580392,0.));
#414 = DIRECTION('',(-0.429933580392,-0.902860518824,0.));
#415 = DEFINITIONAL_REPRESENTATION('',(#416),#419);
#416 = B_SPLINE_CURVE_WITH_KNOTS('',1,(#417,#418),.UNSPECIFIED.,.F.,.F.,
  (2,2),(0.180572103765,2.506512773687),.PIECEWISE_BEZIER_KNOTS.);
#417 = CARTESIAN_POINT('',(0.,-1.12));
#418 = CARTESIAN_POINT('',(2.325940669923,-1.12));
#419 = ( GEOMETRIC_REPRESENTATION_CONTEXT(2) 
PARAMETRIC_REPRESENTATION_CONTEXT() REPRESENTATION_CONTEXT('2D SPACE',''
  ) );
#420 = ORIENTED_EDGE('',*,*,#421,.T.);
#421 = EDGE_CURVE('',#396,#422,#424,.T.);
#422 = VERTEX_POINT('',#423);
#423 = CARTESIAN_POINT('',(-11.5,-1.5,1.12));
#424 = SURFACE_CURVE('',#425,(#429,#435),.PCURVE_S1.);
#425 = LINE('',#426,#427);
#426 = CARTESIAN_POINT('',(-11.5,1.25,1.12));
#427 = VECTOR('',#428,1.);
#428 = DIRECTION('',(0.,-1.,0.));
#429 = PCURVE('',#61,#430);
#430 = DEFINITIONAL_REPRESENTATION('',(#431),#434);
#431 = B_SPLINE_CURVE_WITH_KNOTS('',1,(#432,#433),.UNSPECIFIED.,.F.,.F.,
  (2,2),(-1.25,2.75),.PIECEWISE_BEZIER_KNOTS.);
#432 = CARTESIAN_POINT('',(-11.5,2.5));
#433 = CARTESIAN_POINT('',(-11.5,-1.5));
#434 = ( GEOMETRIC_REPRESENTATION_CONTEXT(2) 
PARAMETRIC_REPRESENTATION_CONTEXT() REPRESENTATION_CONTEXT('2D SPACE',''
  ) );
#435 = PCURVE('',#436,#441);
#436 = PLANE('',#437);
#437 = AXIS2_PLACEMENT_3D('',#438,#439,#440);
#438 = CARTESIAN_POINT('',(-11.5,2.5,0.));
#439 = DIRECTION('',(1.,0.,-0.));
#440 = DIRECTION('',(0.,-1.,0.));
#441 = DEFINITIONAL_REPRESENTATION('',(#442),#445);
#442 = B_SPLINE_CURVE_WITH_KNOTS('',1,(#443,#444),.UNSPECIFIED.,.F.,.F.,
  (2,2),(-1.25,2.75),.PIECEWISE_BEZIER_KNOTS.);
#443 = CARTESIAN_POINT('',(0.,-1.12));
#444 = CARTESIAN_POINT('',(4.,-1.12));
#445 = ( GEOMETRIC_REPRESENTATION_CONTEXT(2) 
PARAMETRIC_REPRESENTATION_CONTEXT() REPRESENTATION_CONTEXT('2D SPACE',''
  ) );
#446 = ORIENTED_EDGE('',*,*,#447,.T.);
#447 = EDGE_CURVE('',#422,#448,#450,.T.);
#448 = VERTEX_POINT('',#449);
#449 = CARTESIAN_POINT('',(-8.,-2.,1.12));
#450 = SURFACE_CURVE('',#451,(#455,#461),.PCURVE_S1.);
#451 = LINE('',#452,#453);
#452 = CARTESIAN_POINT('',(-5.97,-2.29,1.12));
#453 = VECTOR('',#454,1.);
#454 = DIRECTION('',(0.989949493661,-0.141421356237,0.));
#455 = PCURVE('',#61,#456);
#456 = DEFINITIONAL_REPRESENTATION('',(#457),#460);
#457 = B_SPLINE_CURVE_WITH_KNOTS('',1,(#458,#459),.UNSPECIFIED.,.F.,.F.,
  (2,2),(-5.586143571374,-2.050609665441),.PIECEWISE_BEZIER_KNOTS.);
#458 = CARTESIAN_POINT('',(-11.5,-1.5));
#459 = CARTESIAN_POINT('',(-8.,-2.));
#460 = ( GEOMETRIC_REPRESENTATION_CONTEXT(2) 
PARAMETRIC_REPRESENTATION_CONTEXT() REPRESENTATION_CONTEXT('2D SPACE',''
  ) );
#461 = PCURVE('',#462,#467);
#462 = PLANE('',#463);
#463 = AXIS2_PLACEMENT_3D('',#464,#465,#466);
#464 = CARTESIAN_POINT('',(-11.5,-1.5,0.));
#465 = DIRECTION('',(0.141421356237,0.989949493661,-0.));
#466 = DIRECTION('',(0.989949493661,-0.141421356237,0.));
#467 = DEFINITIONAL_REPRESENTATION('',(#468),#471);
#468 = B_SPLINE_CURVE_WITH_KNOTS('',1,(#469,#470),.UNSPECIFIED.,.F.,.F.,
  (2,2),(-5.586143571374,-2.050609665441),.PIECEWISE_BEZIER_KNOTS.);
#469 = CARTESIAN_POINT('',(0.,-1.12));
#470 = CARTESIAN_POINT('',(3.535533905933,-1.12));
#471 = ( GEOMETRIC_REPRESENTATION_CONTEXT(2) 
PARAMETRIC_REPRESENTATION_CONTEXT() REPRESENTATION_CONTEXT('2D SPACE',''
  ) );
#472 = ORIENTED_EDGE('',*,*,#473,.T.);
#473 = EDGE_CURVE('',#448,#40,#474,.T.);
#474 = SURFACE_CURVE('',#475,(#479,#485),.PCURVE_S1.);
#475 = LINE('',#476,#477);
#476 = CARTESIAN_POINT('',(-4.,-2.,1.12));
#477 = VECTOR('',#478,1.);
#478 = DIRECTION('',(1.,0.,0.));
#479 = PCURVE('',#61,#480);
#480 = DEFINITIONAL_REPRESENTATION('',(#481),#484);
#481 = B_SPLINE_CURVE_WITH_KNOTS('',1,(#482,#483),.UNSPECIFIED.,.F.,.F.,
  (2,2),(-4.,8.),.PIECEWISE_BEZIER_KNOTS.);
#482 = CARTESIAN_POINT('',(-8.,-2.));
#483 = CARTESIAN_POINT('',(4.,-2.));
#484 = ( GEOMETRIC_REPRESENTATION_CONTEXT(2) 
PARAMETRIC_REPRESENTATION_CONTEXT() REPRESENTATION_CONTEXT('2D SPACE',''
  ) );
#485 = PCURVE('',#88,#486);
#486 = DEFINITIONAL_REPRESENTATION('',(#487),#490);
#487 = B_SPLINE_CURVE_WITH_KNOTS('',1,(#488,#489),.UNSPECIFIED.,.F.,.F.,
  (2,2),(-4.,8.),.PIECEWISE_BEZIER_KNOTS.);
#488 = CARTESIAN_POINT('',(0.,-1.12));
#489 = CARTESIAN_POINT('',(12.,-1.12));
#490 = ( GEOMETRIC_REPRESENTATION_CONTEXT(2) 
PARAMETRIC_REPRESENTATION_CONTEXT() REPRESENTATION_CONTEXT('2D SPACE',''
  ) );
#491 = FACE_BOUND('',#492,.F.);
#492 = EDGE_LOOP('',(#493));
#493 = ORIENTED_EDGE('',*,*,#494,.F.);
#494 = EDGE_CURVE('',#495,#495,#497,.T.);
#495 = VERTEX_POINT('',#496);
#496 = CARTESIAN_POINT('',(-10.4,-0.5,1.12));
#497 = SURFACE_CURVE('',#498,(#503,#510),.PCURVE_S1.);
#498 = CIRCLE('',#499,0.4);
#499 = AXIS2_PLACEMENT_3D('',#500,#501,#502);
#500 = CARTESIAN_POINT('',(-10.8,-0.5,1.12));
#501 = DIRECTION('',(0.,0.,1.));
#502 = DIRECTION('',(1.,0.,-0.));
#503 = PCURVE('',#61,#504);
#504 = DEFINITIONAL_REPRESENTATION('',(#505),#509);
#505 = CIRCLE('',#506,0.4);
#506 = AXIS2_PLACEMENT_2D('',#507,#508);
#507 = CARTESIAN_POINT('',(-10.8,-0.5));
#508 = DIRECTION('',(1.,0.));
#509 = ( GEOMETRIC_REPRESENTATION_CONTEXT(2) 
PARAMETRIC_REPRESENTATION_CONTEXT() REPRESENTATION_CONTEXT('2D SPACE',''
  ) );
#510 = PCURVE('',#511,#516);
#511 = CYLINDRICAL_SURFACE('',#512,0.4);
#512 = AXIS2_PLACEMENT_3D('',#513,#514,#515);
#513 = CARTESIAN_POINT('',(-10.8,-0.5,1.65));
#514 = DIRECTION('',(0.,0.,1.));
#515 = DIRECTION('',(1.,0.,-0.));
#516 = DEFINITIONAL_REPRESENTATION('',(#517),#521);
#517 = LINE('',#518,#519);
#518 = CARTESIAN_POINT('',(0.,-0.53));
#519 = VECTOR('',#520,1.);
#520 = DIRECTION('',(1.,0.));
#521 = ( GEOMETRIC_REPRESENTATION_CONTEXT(2) 
PARAMETRIC_REPRESENTATION_CONTEXT() REPRESENTATION_CONTEXT('2D SPACE',''
  ) );
#522 = FACE_BOUND('',#523,.F.);
#523 = EDGE_LOOP('',(#524));
#524 = ORIENTED_EDGE('',*,*,#525,.F.);
#525 = EDGE_CURVE('',#526,#526,#528,.T.);
#526 = VERTEX_POINT('',#527);
#527 = CARTESIAN_POINT('',(-8.4,0.,1.12));
#528 = SURFACE_CURVE('',#529,(#534,#541),.PCURVE_S1.);
#529 = CIRCLE('',#530,0.6);
#530 = AXIS2_PLACEMENT_3D('',#531,#532,#533);
#531 = CARTESIAN_POINT('',(-9.,0.,1.12));
#532 = DIRECTION('',(0.,0.,1.));
#533 = DIRECTION('',(1.,0.,-0.));
#534 = PCURVE('',#61,#535);
#535 = DEFINITIONAL_REPRESENTATION('',(#536),#540);
#536 = CIRCLE('',#537,0.6);
#537 = AXIS2_PLACEMENT_2D('',#538,#539);
#538 = CARTESIAN_POINT('',(-9.,-3.797295783098E-16));
#539 = DIRECTION('',(1.,0.));
#540 = ( GEOMETRIC_REPRESENTATION_CONTEXT(2) 
PARAMETRIC_REPRESENTATION_CONTEXT() REPRESENTATION_CONTEXT('2D SPACE',''
  ) );
#541 = PCURVE('',#542,#547);
#542 = CYLINDRICAL_SURFACE('',#543,0.6);
#543 = AXIS2_PLACEMENT_3D('',#544,#545,#546);
#544 = CARTESIAN_POINT('',(-9.,0.,1.65));
#545 = DIRECTION('',(0.,0.,1.));
#546 = DIRECTION('',(1.,0.,-0.));
#547 = DEFINITIONAL_REPRESENTATION('',(#548),#552);
#548 = LINE('',#549,#550);
#549 = CARTESIAN_POINT('',(0.,-0.53));
#550 = VECTOR('',#551,1.);
#551 = DIRECTION('',(1.,0.));
#552 = ( GEOMETRIC_REPRESENTATION_CONTEXT(2) 
PARAMETRIC_REPRESENTATION_CONTEXT() REPRESENTATION_CONTEXT('2D SPACE',''
  ) );
#553 = FACE_BOUND('',#554,.F.);
#554 = EDGE_LOOP('',(#555));
#555 = ORIENTED_EDGE('',*,*,#556,.F.);
#556 = EDGE_CURVE('',#557,#557,#559,.T.);
#557 = VERTEX_POINT('',#558);
#558 = CARTESIAN_POINT('',(0.6,0.,1.12));
#559 = SURFACE_CURVE('',#560,(#565,#572),.PCURVE_S1.);
#560 = CIRCLE('',#561,0.6);
#561 = AXIS2_PLACEMENT_3D('',#562,#563,#564);
#562 = CARTESIAN_POINT('',(0.,0.,1.12));
#563 = DIRECTION('',(0.,0.,1.));
#564 = DIRECTION('',(1.,0.,-0.));
#565 = PCURVE('',#61,#566);
#566 = DEFINITIONAL_REPRESENTATION('',(#567),#571);
#567 = CIRCLE('',#568,0.6);
#568 = AXIS2_PLACEMENT_2D('',#569,#570);
#569 = CARTESIAN_POINT('',(2.136625207093E-16,-3.797295783098E-16));
#570 = DIRECTION('',(1.,0.));
#571 = ( GEOMETRIC_REPRESENTATION_CONTEXT(2) 
PARAMETRIC_REPRESENTATION_CONTEXT() REPRESENTATION_CONTEXT('2D SPACE',''
  ) );
#572 = PCURVE('',#573,#578);
#573 = CYLINDRICAL_SURFACE('',#574,0.6);
#574 = AXIS2_PLACEMENT_3D('',#575,#576,#577);
#575 = CARTESIAN_POINT('',(0.,0.,1.65));
#576 = DIRECTION('',(0.,0.,1.));
#577 = DIRECTION('',(1.,0.,-0.));
#578 = DEFINITIONAL_REPRESENTATION('',(#579),#583);
#579 = LINE('',#580,#581);
#580 = CARTESIAN_POINT('',(0.,-0.53));
#581 = VECTOR('',#582,1.);
#582 = DIRECTION('',(1.,0.));
#583 = ( GEOMETRIC_REPRESENTATION_CONTEXT(2) 
PARAMETRIC_REPRESENTATION_CONTEXT() REPRESENTATION_CONTEXT('2D SPACE',''
  ) );
#584 = FACE_BOUND('',#585,.F.);
#585 = EDGE_LOOP('',(#586));
#586 = ORIENTED_EDGE('',*,*,#587,.F.);
#587 = EDGE_CURVE('',#588,#588,#590,.T.);
#588 = VERTEX_POINT('',#589);
#589 = CARTESIAN_POINT('',(3.4,1.5,1.12));
#590 = SURFACE_CURVE('',#591,(#596,#603),.PCURVE_S1.);
#591 = CIRCLE('',#592,0.4);
#592 = AXIS2_PLACEMENT_3D('',#593,#594,#595);
#593 = CARTESIAN_POINT('',(3.,1.5,1.12));
#594 = DIRECTION('',(0.,0.,1.));
#595 = DIRECTION('',(1.,0.,-0.));
#596 = PCURVE('',#61,#597);
#597 = DEFINITIONAL_REPRESENTATION('',(#598),#602);
#598 = CIRCLE('',#599,0.4);
#599 = AXIS2_PLACEMENT_2D('',#600,#601);
#600 = CARTESIAN_POINT('',(3.,1.5));
#601 = DIRECTION('',(1.,0.));
#602 = ( GEOMETRIC_REPRESENTATION_CONTEXT(2) 
PARAMETRIC_REPRESENTATION_CONTEXT() REPRESENTATION_CONTEXT('2D SPACE',''
  ) );
#603 = PCURVE('',#604,#609);
#604 = CYLINDRICAL_SURFACE('',#605,0.4);
#605 = AXIS2_PLACEMENT_3D('',#606,#607,#608);
#606 = CARTESIAN_POINT('',(3.,1.5,1.65));
#607 = DIRECTION('',(0.,0.,1.));
#608 = DIRECTION('',(1.,0.,-0.));
#609 = DEFINITIONAL_REPRESENTATION('',(#610),#614);
#610 = LINE('',#611,#612);
#611 = CARTESIAN_POINT('',(0.,-0.53));
#612 = VECTOR('',#613,1.);
#613 = DIRECTION('',(1.,0.));
#614 = ( GEOMETRIC_REPRESENTATION_CONTEXT(2) 
PARAMETRIC_REPRESENTATION_CONTEXT() REPRESENTATION_CONTEXT('2D SPACE',''
  ) );
#615 = FACE_BOUND('',#616,.F.);
#616 = EDGE_LOOP('',(#617));
#617 = ORIENTED_EDGE('',*,*,#618,.F.);
#618 = EDGE_CURVE('',#619,#619,#621,.T.);
#619 = VERTEX_POINT('',#620);
#620 = CARTESIAN_POINT('',(-9.85,2.,1.12));
#621 = SURFACE_CURVE('',#622,(#627,#634),.PCURVE_S1.);
#622 = CIRCLE('',#623,0.65);
#623 = AXIS2_PLACEMENT_3D('',#624,#625,#626);
#624 = CARTESIAN_POINT('',(-10.5,2.,1.12));
#625 = DIRECTION('',(0.,0.,1.));
#626 = DIRECTION('',(1.,0.,-0.));
#627 = PCURVE('',#61,#628);
#628 = DEFINITIONAL_REPRESENTATION('',(#629),#633);
#629 = CIRCLE('',#630,0.65);
#630 = AXIS2_PLACEMENT_2D('',#631,#632);
#631 = CARTESIAN_POINT('',(-10.5,2.));
#632 = DIRECTION('',(1.,0.));
#633 = ( GEOMETRIC_REPRESENTATION_CONTEXT(2) 
PARAMETRIC_REPRESENTATION_CONTEXT() REPRESENTATION_CONTEXT('2D SPACE',''
  ) );
#634 = PCURVE('',#635,#640);
#635 = CYLINDRICAL_SURFACE('',#636,0.65);
#636 = AXIS2_PLACEMENT_3D('',#637,#638,#639);
#637 = CARTESIAN_POINT('',(-10.5,2.,1.65));
#638 = DIRECTION('',(0.,0.,1.));
#639 = DIRECTION('',(1.,0.,-0.));
#640 = DEFINITIONAL_REPRESENTATION('',(#641),#645);
#641 = LINE('',#642,#643);
#642 = CARTESIAN_POINT('',(0.,-0.53));
#643 = VECTOR('',#644,1.);
#644 = DIRECTION('',(1.,0.));
#645 = ( GEOMETRIC_REPRESENTATION_CONTEXT(2) 
PARAMETRIC_REPRESENTATION_CONTEXT() REPRESENTATION_CONTEXT('2D SPACE',''
  ) );
#646 = FACE_BOUND('',#647,.F.);
#647 = EDGE_LOOP('',(#648));
#648 = ORIENTED_EDGE('',*,*,#649,.F.);
#649 = EDGE_CURVE('',#650,#650,#652,.T.);
#650 = VERTEX_POINT('',#651);
#651 = CARTESIAN_POINT('',(-7.0403,4.1846,1.12));
#652 = SURFACE_CURVE('',#653,(#658,#665),.PCURVE_S1.);
#653 = CIRCLE('',#654,0.6);
#654 = AXIS2_PLACEMENT_3D('',#655,#656,#657);
#655 = CARTESIAN_POINT('',(-7.6403,4.1846,1.12));
#656 = DIRECTION('',(0.,0.,1.));
#657 = DIRECTION('',(1.,0.,-0.));
#658 = PCURVE('',#61,#659);
#659 = DEFINITIONAL_REPRESENTATION('',(#660),#664);
#660 = CIRCLE('',#661,0.6);
#661 = AXIS2_PLACEMENT_2D('',#662,#663);
#662 = CARTESIAN_POINT('',(-7.6403,4.1846));
#663 = DIRECTION('',(1.,0.));
#664 = ( GEOMETRIC_REPRESENTATION_CONTEXT(2) 
PARAMETRIC_REPRESENTATION_CONTEXT() REPRESENTATION_CONTEXT('2D SPACE',''
  ) );
#665 = PCURVE('',#666,#671);
#666 = CYLINDRICAL_SURFACE('',#667,0.6);
#667 = AXIS2_PLACEMENT_3D('',#668,#669,#670);
#668 = CARTESIAN_POINT('',(-7.6403,4.1846,1.65));
#669 = DIRECTION('',(0.,0.,1.));
#670 = DIRECTION('',(1.,0.,-0.));
#671 = DEFINITIONAL_REPRESENTATION('',(#672),#676);
#672 = LINE('',#673,#674);
#673 = CARTESIAN_POINT('',(0.,-0.53));
#674 = VECTOR('',#675,1.);
#675 = DIRECTION('',(1.,0.));
#676 = ( GEOMETRIC_REPRESENTATION_CONTEXT(2) 
PARAMETRIC_REPRESENTATION_CONTEXT() REPRESENTATION_CONTEXT('2D SPACE',''
  ) );
#677 = FACE_BOUND('',#678,.F.);
#678 = EDGE_LOOP('',(#679));
#679 = ORIENTED_EDGE('',*,*,#680,.F.);
#680 = EDGE_CURVE('',#681,#681,#683,.T.);
#681 = VERTEX_POINT('',#682);
#682 = CARTESIAN_POINT('',(-4.9863,3.789,1.12));
#683 = SURFACE_CURVE('',#684,(#689,#696),.PCURVE_S1.);
#684 = CIRCLE('',#685,0.6);
#685 = AXIS2_PLACEMENT_3D('',#686,#687,#688);
#686 = CARTESIAN_POINT('',(-5.5863,3.789,1.12));
#687 = DIRECTION('',(0.,0.,1.));
#688 = DIRECTION('',(1.,0.,-0.));
#689 = PCURVE('',#61,#690);
#690 = DEFINITIONAL_REPRESENTATION('',(#691),#695);
#691 = CIRCLE('',#692,0.6);
#692 = AXIS2_PLACEMENT_2D('',#693,#694);
#693 = CARTESIAN_POINT('',(-5.5863,3.789));
#694 = DIRECTION('',(1.,0.));
#695 = ( GEOMETRIC_REPRESENTATION_CONTEXT(2) 
PARAMETRIC_REPRESENTATION_CONTEXT() REPRESENTATION_CONTEXT('2D SPACE',''
  ) );
#696 = PCURVE('',#697,#702);
#697 = CYLINDRICAL_SURFACE('',#698,0.6);
#698 = AXIS2_PLACEMENT_3D('',#699,#700,#701);
#699 = CARTESIAN_POINT('',(-5.5863,3.789,1.65));
#700 = DIRECTION('',(0.,0.,1.));
#701 = DIRECTION('',(1.,0.,-0.));
#702 = DEFINITIONAL_REPRESENTATION('',(#703),#707);
#703 = LINE('',#704,#705);
#704 = CARTESIAN_POINT('',(0.,-0.53));
#705 = VECTOR('',#706,1.);
#706 = DIRECTION('',(1.,0.));
#707 = ( GEOMETRIC_REPRESENTATION_CONTEXT(2) 
PARAMETRIC_REPRESENTATION_CONTEXT() REPRESENTATION_CONTEXT('2D SPACE',''
  ) );
#708 = ADVANCED_FACE('',(#709),#197,.F.);
#709 = FACE_BOUND('',#710,.T.);
#710 = EDGE_LOOP('',(#711,#735,#736,#737));
#711 = ORIENTED_EDGE('',*,*,#712,.F.);
#712 = EDGE_CURVE('',#157,#713,#715,.T.);
#713 = VERTEX_POINT('',#714);
#714 = CARTESIAN_POINT('',(4.218998713434,4.81248894607,0.));
#715 = SURFACE_CURVE('',#716,(#721,#728),.PCURVE_S1.);
#716 = CIRCLE('',#717,6.4);
#717 = AXIS2_PLACEMENT_3D('',#718,#719,#720);
#718 = CARTESIAN_POINT('',(0.,0.,0.));
#719 = DIRECTION('',(0.,0.,1.));
#720 = DIRECTION('',(-0.988845334041,-0.1489459813,0.));
#721 = PCURVE('',#197,#722);
#722 = DEFINITIONAL_REPRESENTATION('',(#723),#727);
#723 = LINE('',#724,#725);
#724 = CARTESIAN_POINT('',(-0.,0.));
#725 = VECTOR('',#726,1.);
#726 = DIRECTION('',(-1.,0.));
#727 = ( GEOMETRIC_REPRESENTATION_CONTEXT(2) 
PARAMETRIC_REPRESENTATION_CONTEXT() REPRESENTATION_CONTEXT('2D SPACE',''
  ) );
#728 = PCURVE('',#172,#729);
#729 = DEFINITIONAL_REPRESENTATION('',(#730),#734);
#730 = CIRCLE('',#731,6.4);
#731 = AXIS2_PLACEMENT_2D('',#732,#733);
#732 = CARTESIAN_POINT('',(2.92557610911,-1.519455719697));
#733 = DIRECTION('',(-0.988845334041,-0.1489459813));
#734 = ( GEOMETRIC_REPRESENTATION_CONTEXT(2) 
PARAMETRIC_REPRESENTATION_CONTEXT() REPRESENTATION_CONTEXT('2D SPACE',''
  ) );
#735 = ORIENTED_EDGE('',*,*,#184,.F.);
#736 = ORIENTED_EDGE('',*,*,#212,.T.);
#737 = ORIENTED_EDGE('',*,*,#738,.T.);
#738 = EDGE_CURVE('',#213,#713,#739,.T.);
#739 = SURFACE_CURVE('',#740,(#744,#750),.PCURVE_S1.);
#740 = LINE('',#741,#742);
#741 = CARTESIAN_POINT('',(4.218998713434,4.81248894607,0.));
#742 = VECTOR('',#743,1.);
#743 = DIRECTION('',(-0.,-0.,-1.));
#744 = PCURVE('',#197,#745);
#745 = DEFINITIONAL_REPRESENTATION('',(#746),#749);
#746 = B_SPLINE_CURVE_WITH_KNOTS('',1,(#747,#748),.UNSPECIFIED.,.F.,.F.,
  (2,2),(-1.1200006,6.E-07),.PIECEWISE_BEZIER_KNOTS.);
#747 = CARTESIAN_POINT('',(-3.843107645864,-1.1200006));
#748 = CARTESIAN_POINT('',(-3.843107645864,6.E-07));
#749 = ( GEOMETRIC_REPRESENTATION_CONTEXT(2) 
PARAMETRIC_REPRESENTATION_CONTEXT() REPRESENTATION_CONTEXT('2D SPACE',''
  ) );
#750 = PCURVE('',#251,#751);
#751 = DEFINITIONAL_REPRESENTATION('',(#752),#755);
#752 = B_SPLINE_CURVE_WITH_KNOTS('',1,(#753,#754),.UNSPECIFIED.,.F.,.F.,
  (2,2),(-1.1200006,6.E-07),.PIECEWISE_BEZIER_KNOTS.);
#753 = CARTESIAN_POINT('',(0.281278681783,-1.1200006));
#754 = CARTESIAN_POINT('',(0.281278681783,6.E-07));
#755 = ( GEOMETRIC_REPRESENTATION_CONTEXT(2) 
PARAMETRIC_REPRESENTATION_CONTEXT() REPRESENTATION_CONTEXT('2D SPACE',''
  ) );
#756 = ADVANCED_FACE('',(#757),#172,.F.);
#757 = FACE_BOUND('',#758,.F.);
#758 = EDGE_LOOP('',(#759,#760,#761,#784));
#759 = ORIENTED_EDGE('',*,*,#712,.F.);
#760 = ORIENTED_EDGE('',*,*,#156,.T.);
#761 = ORIENTED_EDGE('',*,*,#762,.T.);
#762 = EDGE_CURVE('',#129,#763,#765,.T.);
#763 = VERTEX_POINT('',#764);
#764 = CARTESIAN_POINT('',(4.5,4.8,0.));
#765 = SURFACE_CURVE('',#766,(#770,#777),.PCURVE_S1.);
#766 = LINE('',#767,#768);
#767 = CARTESIAN_POINT('',(6.5,2.5,0.));
#768 = VECTOR('',#769,1.);
#769 = DIRECTION('',(-0.656178714925,0.754605522164,0.));
#770 = PCURVE('',#172,#771);
#771 = DEFINITIONAL_REPRESENTATION('',(#772),#776);
#772 = LINE('',#773,#774);
#773 = CARTESIAN_POINT('',(9.42557610911,0.980544280303));
#774 = VECTOR('',#775,1.);
#775 = DIRECTION('',(-0.656178714925,0.754605522164));
#776 = ( GEOMETRIC_REPRESENTATION_CONTEXT(2) 
PARAMETRIC_REPRESENTATION_CONTEXT() REPRESENTATION_CONTEXT('2D SPACE',''
  ) );
#777 = PCURVE('',#144,#778);
#778 = DEFINITIONAL_REPRESENTATION('',(#779),#783);
#779 = LINE('',#780,#781);
#780 = CARTESIAN_POINT('',(0.,0.));
#781 = VECTOR('',#782,1.);
#782 = DIRECTION('',(1.,0.));
#783 = ( GEOMETRIC_REPRESENTATION_CONTEXT(2) 
PARAMETRIC_REPRESENTATION_CONTEXT() REPRESENTATION_CONTEXT('2D SPACE',''
  ) );
#784 = ORIENTED_EDGE('',*,*,#785,.T.);
#785 = EDGE_CURVE('',#763,#713,#786,.T.);
#786 = SURFACE_CURVE('',#787,(#791,#798),.PCURVE_S1.);
#787 = LINE('',#788,#789);
#788 = CARTESIAN_POINT('',(4.5,4.8,0.));
#789 = VECTOR('',#790,1.);
#790 = DIRECTION('',(-0.999013806466,4.440061362072E-02,0.));
#791 = PCURVE('',#172,#792);
#792 = DEFINITIONAL_REPRESENTATION('',(#793),#797);
#793 = LINE('',#794,#795);
#794 = CARTESIAN_POINT('',(7.42557610911,3.280544280303));
#795 = VECTOR('',#796,1.);
#796 = DIRECTION('',(-0.999013806466,4.440061362072E-02));
#797 = ( GEOMETRIC_REPRESENTATION_CONTEXT(2) 
PARAMETRIC_REPRESENTATION_CONTEXT() REPRESENTATION_CONTEXT('2D SPACE',''
  ) );
#798 = PCURVE('',#251,#799);
#799 = DEFINITIONAL_REPRESENTATION('',(#800),#804);
#800 = LINE('',#801,#802);
#801 = CARTESIAN_POINT('',(0.,0.));
#802 = VECTOR('',#803,1.);
#803 = DIRECTION('',(1.,0.));
#804 = ( GEOMETRIC_REPRESENTATION_CONTEXT(2) 
PARAMETRIC_REPRESENTATION_CONTEXT() REPRESENTATION_CONTEXT('2D SPACE',''
  ) );
#805 = ADVANCED_FACE('',(#806),#144,.F.);
#806 = FACE_BOUND('',#807,.F.);
#807 = EDGE_LOOP('',(#808,#809,#832,#853));
#808 = ORIENTED_EDGE('',*,*,#128,.T.);
#809 = ORIENTED_EDGE('',*,*,#810,.T.);
#810 = EDGE_CURVE('',#101,#811,#813,.T.);
#811 = VERTEX_POINT('',#812);
#812 = CARTESIAN_POINT('',(4.5,4.8,1.65));
#813 = SURFACE_CURVE('',#814,(#818,#825),.PCURVE_S1.);
#814 = LINE('',#815,#816);
#815 = CARTESIAN_POINT('',(6.5,2.5,1.65));
#816 = VECTOR('',#817,1.);
#817 = DIRECTION('',(-0.656178714925,0.754605522164,0.));
#818 = PCURVE('',#144,#819);
#819 = DEFINITIONAL_REPRESENTATION('',(#820),#824);
#820 = LINE('',#821,#822);
#821 = CARTESIAN_POINT('',(0.,-1.65));
#822 = VECTOR('',#823,1.);
#823 = DIRECTION('',(1.,0.));
#824 = ( GEOMETRIC_REPRESENTATION_CONTEXT(2) 
PARAMETRIC_REPRESENTATION_CONTEXT() REPRESENTATION_CONTEXT('2D SPACE',''
  ) );
#825 = PCURVE('',#116,#826);
#826 = DEFINITIONAL_REPRESENTATION('',(#827),#831);
#827 = LINE('',#828,#829);
#828 = CARTESIAN_POINT('',(9.42557610911,0.980544280303));
#829 = VECTOR('',#830,1.);
#830 = DIRECTION('',(-0.656178714925,0.754605522164));
#831 = ( GEOMETRIC_REPRESENTATION_CONTEXT(2) 
PARAMETRIC_REPRESENTATION_CONTEXT() REPRESENTATION_CONTEXT('2D SPACE',''
  ) );
#832 = ORIENTED_EDGE('',*,*,#833,.F.);
#833 = EDGE_CURVE('',#763,#811,#834,.T.);
#834 = SURFACE_CURVE('',#835,(#839,#846),.PCURVE_S1.);
#835 = LINE('',#836,#837);
#836 = CARTESIAN_POINT('',(4.5,4.8,0.));
#837 = VECTOR('',#838,1.);
#838 = DIRECTION('',(0.,0.,1.));
#839 = PCURVE('',#144,#840);
#840 = DEFINITIONAL_REPRESENTATION('',(#841),#845);
#841 = LINE('',#842,#843);
#842 = CARTESIAN_POINT('',(3.047950130826,0.));
#843 = VECTOR('',#844,1.);
#844 = DIRECTION('',(0.,-1.));
#845 = ( GEOMETRIC_REPRESENTATION_CONTEXT(2) 
PARAMETRIC_REPRESENTATION_CONTEXT() REPRESENTATION_CONTEXT('2D SPACE',''
  ) );
#846 = PCURVE('',#251,#847);
#847 = DEFINITIONAL_REPRESENTATION('',(#848),#852);
#848 = LINE('',#849,#850);
#849 = CARTESIAN_POINT('',(0.,0.));
#850 = VECTOR('',#851,1.);
#851 = DIRECTION('',(0.,-1.));
#852 = ( GEOMETRIC_REPRESENTATION_CONTEXT(2) 
PARAMETRIC_REPRESENTATION_CONTEXT() REPRESENTATION_CONTEXT('2D SPACE',''
  ) );
#853 = ORIENTED_EDGE('',*,*,#762,.F.);
#854 = ADVANCED_FACE('',(#855,#1153,#1179,#1210,#1241,#1267,#1298),#116,
  .T.);
#855 = FACE_BOUND('',#856,.T.);
#856 = EDGE_LOOP('',(#857,#882,#905,#926,#927,#928,#951,#984,#1007,#1030
    ,#1053,#1076,#1099,#1122));
#857 = ORIENTED_EDGE('',*,*,#858,.T.);
#858 = EDGE_CURVE('',#859,#861,#863,.T.);
#859 = VERTEX_POINT('',#860);
#860 = CARTESIAN_POINT('',(-11.5,1.541742430505,1.65));
#861 = VERTEX_POINT('',#862);
#862 = CARTESIAN_POINT('',(-11.5,-1.5,1.65));
#863 = SURFACE_CURVE('',#864,(#868,#875),.PCURVE_S1.);
#864 = LINE('',#865,#866);
#865 = CARTESIAN_POINT('',(-11.5,2.5,1.65));
#866 = VECTOR('',#867,1.);
#867 = DIRECTION('',(0.,-1.,0.));
#868 = PCURVE('',#116,#869);
#869 = DEFINITIONAL_REPRESENTATION('',(#870),#874);
#870 = LINE('',#871,#872);
#871 = CARTESIAN_POINT('',(-8.57442389089,0.980544280303));
#872 = VECTOR('',#873,1.);
#873 = DIRECTION('',(0.,-1.));
#874 = ( GEOMETRIC_REPRESENTATION_CONTEXT(2) 
PARAMETRIC_REPRESENTATION_CONTEXT() REPRESENTATION_CONTEXT('2D SPACE',''
  ) );
#875 = PCURVE('',#436,#876);
#876 = DEFINITIONAL_REPRESENTATION('',(#877),#881);
#877 = LINE('',#878,#879);
#878 = CARTESIAN_POINT('',(0.,-1.65));
#879 = VECTOR('',#880,1.);
#880 = DIRECTION('',(1.,0.));
#881 = ( GEOMETRIC_REPRESENTATION_CONTEXT(2) 
PARAMETRIC_REPRESENTATION_CONTEXT() REPRESENTATION_CONTEXT('2D SPACE',''
  ) );
#882 = ORIENTED_EDGE('',*,*,#883,.T.);
#883 = EDGE_CURVE('',#861,#884,#886,.T.);
#884 = VERTEX_POINT('',#885);
#885 = CARTESIAN_POINT('',(-8.,-2.,1.65));
#886 = SURFACE_CURVE('',#887,(#891,#898),.PCURVE_S1.);
#887 = LINE('',#888,#889);
#888 = CARTESIAN_POINT('',(-11.5,-1.5,1.65));
#889 = VECTOR('',#890,1.);
#890 = DIRECTION('',(0.989949493661,-0.141421356237,0.));
#891 = PCURVE('',#116,#892);
#892 = DEFINITIONAL_REPRESENTATION('',(#893),#897);
#893 = LINE('',#894,#895);
#894 = CARTESIAN_POINT('',(-8.57442389089,-3.019455719697));
#895 = VECTOR('',#896,1.);
#896 = DIRECTION('',(0.989949493661,-0.141421356237));
#897 = ( GEOMETRIC_REPRESENTATION_CONTEXT(2) 
PARAMETRIC_REPRESENTATION_CONTEXT() REPRESENTATION_CONTEXT('2D SPACE',''
  ) );
#898 = PCURVE('',#462,#899);
#899 = DEFINITIONAL_REPRESENTATION('',(#900),#904);
#900 = LINE('',#901,#902);
#901 = CARTESIAN_POINT('',(0.,-1.65));
#902 = VECTOR('',#903,1.);
#903 = DIRECTION('',(1.,0.));
#904 = ( GEOMETRIC_REPRESENTATION_CONTEXT(2) 
PARAMETRIC_REPRESENTATION_CONTEXT() REPRESENTATION_CONTEXT('2D SPACE',''
  ) );
#905 = ORIENTED_EDGE('',*,*,#906,.T.);
#906 = EDGE_CURVE('',#884,#73,#907,.T.);
#907 = SURFACE_CURVE('',#908,(#912,#919),.PCURVE_S1.);
#908 = LINE('',#909,#910);
#909 = CARTESIAN_POINT('',(-8.,-2.,1.65));
#910 = VECTOR('',#911,1.);
#911 = DIRECTION('',(1.,0.,0.));
#912 = PCURVE('',#116,#913);
#913 = DEFINITIONAL_REPRESENTATION('',(#914),#918);
#914 = LINE('',#915,#916);
#915 = CARTESIAN_POINT('',(-5.07442389089,-3.519455719697));
#916 = VECTOR('',#917,1.);
#917 = DIRECTION('',(1.,0.));
#918 = ( GEOMETRIC_REPRESENTATION_CONTEXT(2) 
PARAMETRIC_REPRESENTATION_CONTEXT() REPRESENTATION_CONTEXT('2D SPACE',''
  ) );
#919 = PCURVE('',#88,#920);
#920 = DEFINITIONAL_REPRESENTATION('',(#921),#925);
#921 = LINE('',#922,#923);
#922 = CARTESIAN_POINT('',(0.,-1.65));
#923 = VECTOR('',#924,1.);
#924 = DIRECTION('',(1.,0.));
#925 = ( GEOMETRIC_REPRESENTATION_CONTEXT(2) 
PARAMETRIC_REPRESENTATION_CONTEXT() REPRESENTATION_CONTEXT('2D SPACE',''
  ) );
#926 = ORIENTED_EDGE('',*,*,#100,.T.);
#927 = ORIENTED_EDGE('',*,*,#810,.T.);
#928 = ORIENTED_EDGE('',*,*,#929,.T.);
#929 = EDGE_CURVE('',#811,#930,#932,.T.);
#930 = VERTEX_POINT('',#931);
#931 = CARTESIAN_POINT('',(3.545343123936,4.842429194492,1.65));
#932 = SURFACE_CURVE('',#933,(#937,#944),.PCURVE_S1.);
#933 = LINE('',#934,#935);
#934 = CARTESIAN_POINT('',(4.5,4.8,1.65));
#935 = VECTOR('',#936,1.);
#936 = DIRECTION('',(-0.999013806466,4.440061362072E-02,0.));
#937 = PCURVE('',#116,#938);
#938 = DEFINITIONAL_REPRESENTATION('',(#939),#943);
#939 = LINE('',#940,#941);
#940 = CARTESIAN_POINT('',(7.42557610911,3.280544280303));
#941 = VECTOR('',#942,1.);
#942 = DIRECTION('',(-0.999013806466,4.440061362072E-02));
#943 = ( GEOMETRIC_REPRESENTATION_CONTEXT(2) 
PARAMETRIC_REPRESENTATION_CONTEXT() REPRESENTATION_CONTEXT('2D SPACE',''
  ) );
#944 = PCURVE('',#251,#945);
#945 = DEFINITIONAL_REPRESENTATION('',(#946),#950);
#946 = LINE('',#947,#948);
#947 = CARTESIAN_POINT('',(0.,-1.65));
#948 = VECTOR('',#949,1.);
#949 = DIRECTION('',(1.,0.));
#950 = ( GEOMETRIC_REPRESENTATION_CONTEXT(2) 
PARAMETRIC_REPRESENTATION_CONTEXT() REPRESENTATION_CONTEXT('2D SPACE',''
  ) );
#951 = ORIENTED_EDGE('',*,*,#952,.T.);
#952 = EDGE_CURVE('',#930,#953,#955,.T.);
#953 = VERTEX_POINT('',#954);
#954 = CARTESIAN_POINT('',(1.489156629637,4.933815260905,1.65));
#955 = SURFACE_CURVE('',#956,(#961,#972),.PCURVE_S1.);
#956 = CIRCLE('',#957,1.1);
#957 = AXIS2_PLACEMENT_3D('',#958,#959,#960);
#958 = CARTESIAN_POINT('',(2.5,4.5,1.65));
#959 = DIRECTION('',(0.,0.,-1.));
#960 = DIRECTION('',(0.950311930851,0.31129926772,0.));
#961 = PCURVE('',#116,#962);
#962 = DEFINITIONAL_REPRESENTATION('',(#963),#971);
#963 = ( BOUNDED_CURVE() B_SPLINE_CURVE(2,(#964,#965,#966,#967,#968,#969
,#970),.UNSPECIFIED.,.T.,.F.) B_SPLINE_CURVE_WITH_KNOTS((1,2,2,2,2,1),(
    -2.094395102393,0.,2.094395102393,4.188790204786,6.28318530718,
8.377580409573),.UNSPECIFIED.) CURVE() GEOMETRIC_REPRESENTATION_ITEM() 
RATIONAL_B_SPLINE_CURVE((1.,0.5,1.,0.5,1.,0.5,1.)) REPRESENTATION_ITEM(
  '') );
#964 = CARTESIAN_POINT('',(6.470919233045,3.322973474795));
#965 = CARTESIAN_POINT('',(7.0640239959,1.512386072795));
#966 = CARTESIAN_POINT('',(5.199456928569,1.904035982057));
#967 = CARTESIAN_POINT('',(3.334889861238,2.295685891319));
#968 = CARTESIAN_POINT('',(4.606352165715,3.714623384057));
#969 = CARTESIAN_POINT('',(5.877814470191,5.133560876794));
#970 = CARTESIAN_POINT('',(6.470919233045,3.322973474795));
#971 = ( GEOMETRIC_REPRESENTATION_CONTEXT(2) 
PARAMETRIC_REPRESENTATION_CONTEXT() REPRESENTATION_CONTEXT('2D SPACE',''
  ) );
#972 = PCURVE('',#973,#978);
#973 = CYLINDRICAL_SURFACE('',#974,1.1);
#974 = AXIS2_PLACEMENT_3D('',#975,#976,#977);
#975 = CARTESIAN_POINT('',(2.5,4.5,1.65));
#976 = DIRECTION('',(0.,0.,1.));
#977 = DIRECTION('',(1.,0.,-0.));
#978 = DEFINITIONAL_REPRESENTATION('',(#979),#983);
#979 = LINE('',#980,#981);
#980 = CARTESIAN_POINT('',(6.599745235337,0.));
#981 = VECTOR('',#982,1.);
#982 = DIRECTION('',(-1.,-0.));
#983 = ( GEOMETRIC_REPRESENTATION_CONTEXT(2) 
PARAMETRIC_REPRESENTATION_CONTEXT() REPRESENTATION_CONTEXT('2D SPACE',''
  ) );
#984 = ORIENTED_EDGE('',*,*,#985,.T.);
#985 = EDGE_CURVE('',#953,#986,#988,.T.);
#986 = VERTEX_POINT('',#987);
#987 = CARTESIAN_POINT('',(0.,5.,1.65));
#988 = SURFACE_CURVE('',#989,(#993,#1000),.PCURVE_S1.);
#989 = LINE('',#990,#991);
#990 = CARTESIAN_POINT('',(4.5,4.8,1.65));
#991 = VECTOR('',#992,1.);
#992 = DIRECTION('',(-0.999013806466,4.440061362072E-02,0.));
#993 = PCURVE('',#116,#994);
#994 = DEFINITIONAL_REPRESENTATION('',(#995),#999);
#995 = LINE('',#996,#997);
#996 = CARTESIAN_POINT('',(7.42557610911,3.280544280303));
#997 = VECTOR('',#998,1.);
#998 = DIRECTION('',(-0.999013806466,4.440061362072E-02));
#999 = ( GEOMETRIC_REPRESENTATION_CONTEXT(2) 
PARAMETRIC_REPRESENTATION_CONTEXT() REPRESENTATION_CONTEXT('2D SPACE',''
  ) );
#1000 = PCURVE('',#306,#1001);
#1001 = DEFINITIONAL_REPRESENTATION('',(#1002),#1006);
#1002 = LINE('',#1003,#1004);
#1003 = CARTESIAN_POINT('',(0.,-1.65));
#1004 = VECTOR('',#1005,1.);
#1005 = DIRECTION('',(1.,0.));
#1006 = ( GEOMETRIC_REPRESENTATION_CONTEXT(2) 
PARAMETRIC_REPRESENTATION_CONTEXT() REPRESENTATION_CONTEXT('2D SPACE',''
  ) );
#1007 = ORIENTED_EDGE('',*,*,#1008,.T.);
#1008 = EDGE_CURVE('',#986,#1009,#1011,.T.);
#1009 = VERTEX_POINT('',#1010);
#1010 = CARTESIAN_POINT('',(-4.,5.2,1.65));
#1011 = SURFACE_CURVE('',#1012,(#1016,#1023),.PCURVE_S1.);
#1012 = LINE('',#1013,#1014);
#1013 = CARTESIAN_POINT('',(0.,5.,1.65));
#1014 = VECTOR('',#1015,1.);
#1015 = DIRECTION('',(-0.998752338878,4.993761694389E-02,0.));
#1016 = PCURVE('',#116,#1017);
#1017 = DEFINITIONAL_REPRESENTATION('',(#1018),#1022);
#1018 = LINE('',#1019,#1020);
#1019 = CARTESIAN_POINT('',(2.92557610911,3.480544280303));
#1020 = VECTOR('',#1021,1.);
#1021 = DIRECTION('',(-0.998752338878,4.993761694389E-02));
#1022 = ( GEOMETRIC_REPRESENTATION_CONTEXT(2) 
PARAMETRIC_REPRESENTATION_CONTEXT() REPRESENTATION_CONTEXT('2D SPACE',''
  ) );
#1023 = PCURVE('',#332,#1024);
#1024 = DEFINITIONAL_REPRESENTATION('',(#1025),#1029);
#1025 = LINE('',#1026,#1027);
#1026 = CARTESIAN_POINT('',(0.,-1.65));
#1027 = VECTOR('',#1028,1.);
#1028 = DIRECTION('',(1.,0.));
#1029 = ( GEOMETRIC_REPRESENTATION_CONTEXT(2) 
PARAMETRIC_REPRESENTATION_CONTEXT() REPRESENTATION_CONTEXT('2D SPACE',''
  ) );
#1030 = ORIENTED_EDGE('',*,*,#1031,.T.);
#1031 = EDGE_CURVE('',#1009,#1032,#1034,.T.);
#1032 = VERTEX_POINT('',#1033);
#1033 = CARTESIAN_POINT('',(-8.5,5.2,1.65));
#1034 = SURFACE_CURVE('',#1035,(#1039,#1046),.PCURVE_S1.);
#1035 = LINE('',#1036,#1037);
#1036 = CARTESIAN_POINT('',(-4.,5.2,1.65));
#1037 = VECTOR('',#1038,1.);
#1038 = DIRECTION('',(-1.,0.,0.));
#1039 = PCURVE('',#116,#1040);
#1040 = DEFINITIONAL_REPRESENTATION('',(#1041),#1045);
#1041 = LINE('',#1042,#1043);
#1042 = CARTESIAN_POINT('',(-1.07442389089,3.680544280303));
#1043 = VECTOR('',#1044,1.);
#1044 = DIRECTION('',(-1.,0.));
#1045 = ( GEOMETRIC_REPRESENTATION_CONTEXT(2) 
PARAMETRIC_REPRESENTATION_CONTEXT() REPRESENTATION_CONTEXT('2D SPACE',''
  ) );
#1046 = PCURVE('',#358,#1047);
#1047 = DEFINITIONAL_REPRESENTATION('',(#1048),#1052);
#1048 = LINE('',#1049,#1050);
#1049 = CARTESIAN_POINT('',(0.,-1.65));
#1050 = VECTOR('',#1051,1.);
#1051 = DIRECTION('',(1.,0.));
#1052 = ( GEOMETRIC_REPRESENTATION_CONTEXT(2) 
PARAMETRIC_REPRESENTATION_CONTEXT() REPRESENTATION_CONTEXT('2D SPACE',''
  ) );
#1053 = ORIENTED_EDGE('',*,*,#1054,.T.);
#1054 = EDGE_CURVE('',#1032,#1055,#1057,.T.);
#1055 = VERTEX_POINT('',#1056);
#1056 = CARTESIAN_POINT('',(-10.5,4.6,1.65));
#1057 = SURFACE_CURVE('',#1058,(#1062,#1069),.PCURVE_S1.);
#1058 = LINE('',#1059,#1060);
#1059 = CARTESIAN_POINT('',(-8.5,5.2,1.65));
#1060 = VECTOR('',#1061,1.);
#1061 = DIRECTION('',(-0.957826285221,-0.287347885566,0.));
#1062 = PCURVE('',#116,#1063);
#1063 = DEFINITIONAL_REPRESENTATION('',(#1064),#1068);
#1064 = LINE('',#1065,#1066);
#1065 = CARTESIAN_POINT('',(-5.57442389089,3.680544280303));
#1066 = VECTOR('',#1067,1.);
#1067 = DIRECTION('',(-0.957826285221,-0.287347885566));
#1068 = ( GEOMETRIC_REPRESENTATION_CONTEXT(2) 
PARAMETRIC_REPRESENTATION_CONTEXT() REPRESENTATION_CONTEXT('2D SPACE',''
  ) );
#1069 = PCURVE('',#384,#1070);
#1070 = DEFINITIONAL_REPRESENTATION('',(#1071),#1075);
#1071 = LINE('',#1072,#1073);
#1072 = CARTESIAN_POINT('',(0.,-1.65));
#1073 = VECTOR('',#1074,1.);
#1074 = DIRECTION('',(1.,0.));
#1075 = ( GEOMETRIC_REPRESENTATION_CONTEXT(2) 
PARAMETRIC_REPRESENTATION_CONTEXT() REPRESENTATION_CONTEXT('2D SPACE',''
  ) );
#1076 = ORIENTED_EDGE('',*,*,#1077,.T.);
#1077 = EDGE_CURVE('',#1055,#1078,#1080,.T.);
#1078 = VERTEX_POINT('',#1079);
#1079 = CARTESIAN_POINT('',(-11.5,2.5,1.65));
#1080 = SURFACE_CURVE('',#1081,(#1085,#1092),.PCURVE_S1.);
#1081 = LINE('',#1082,#1083);
#1082 = CARTESIAN_POINT('',(-10.5,4.6,1.65));
#1083 = VECTOR('',#1084,1.);
#1084 = DIRECTION('',(-0.429933580392,-0.902860518824,0.));
#1085 = PCURVE('',#116,#1086);
#1086 = DEFINITIONAL_REPRESENTATION('',(#1087),#1091);
#1087 = LINE('',#1088,#1089);
#1088 = CARTESIAN_POINT('',(-7.57442389089,3.080544280303));
#1089 = VECTOR('',#1090,1.);
#1090 = DIRECTION('',(-0.429933580392,-0.902860518824));
#1091 = ( GEOMETRIC_REPRESENTATION_CONTEXT(2) 
PARAMETRIC_REPRESENTATION_CONTEXT() REPRESENTATION_CONTEXT('2D SPACE',''
  ) );
#1092 = PCURVE('',#410,#1093);
#1093 = DEFINITIONAL_REPRESENTATION('',(#1094),#1098);
#1094 = LINE('',#1095,#1096);
#1095 = CARTESIAN_POINT('',(0.,-1.65));
#1096 = VECTOR('',#1097,1.);
#1097 = DIRECTION('',(1.,0.));
#1098 = ( GEOMETRIC_REPRESENTATION_CONTEXT(2) 
PARAMETRIC_REPRESENTATION_CONTEXT() REPRESENTATION_CONTEXT('2D SPACE',''
  ) );
#1099 = ORIENTED_EDGE('',*,*,#1100,.T.);
#1100 = EDGE_CURVE('',#1078,#1101,#1103,.T.);
#1101 = VERTEX_POINT('',#1102);
#1102 = CARTESIAN_POINT('',(-11.5,2.458257569495,1.65));
#1103 = SURFACE_CURVE('',#1104,(#1108,#1115),.PCURVE_S1.);
#1104 = LINE('',#1105,#1106);
#1105 = CARTESIAN_POINT('',(-11.5,2.5,1.65));
#1106 = VECTOR('',#1107,1.);
#1107 = DIRECTION('',(0.,-1.,0.));
#1108 = PCURVE('',#116,#1109);
#1109 = DEFINITIONAL_REPRESENTATION('',(#1110),#1114);
#1110 = LINE('',#1111,#1112);
#1111 = CARTESIAN_POINT('',(-8.57442389089,0.980544280303));
#1112 = VECTOR('',#1113,1.);
#1113 = DIRECTION('',(0.,-1.));
#1114 = ( GEOMETRIC_REPRESENTATION_CONTEXT(2) 
PARAMETRIC_REPRESENTATION_CONTEXT() REPRESENTATION_CONTEXT('2D SPACE',''
  ) );
#1115 = PCURVE('',#436,#1116);
#1116 = DEFINITIONAL_REPRESENTATION('',(#1117),#1121);
#1117 = LINE('',#1118,#1119);
#1118 = CARTESIAN_POINT('',(0.,-1.65));
#1119 = VECTOR('',#1120,1.);
#1120 = DIRECTION('',(1.,0.));
#1121 = ( GEOMETRIC_REPRESENTATION_CONTEXT(2) 
PARAMETRIC_REPRESENTATION_CONTEXT() REPRESENTATION_CONTEXT('2D SPACE',''
  ) );
#1122 = ORIENTED_EDGE('',*,*,#1123,.T.);
#1123 = EDGE_CURVE('',#1101,#859,#1124,.T.);
#1124 = SURFACE_CURVE('',#1125,(#1130,#1141),.PCURVE_S1.);
#1125 = CIRCLE('',#1126,1.1);
#1126 = AXIS2_PLACEMENT_3D('',#1127,#1128,#1129);
#1127 = CARTESIAN_POINT('',(-10.5,2.,1.65));
#1128 = DIRECTION('',(0.,0.,-1.));
#1129 = DIRECTION('',(-0.909090909091,0.41659779045,0.));
#1130 = PCURVE('',#116,#1131);
#1131 = DEFINITIONAL_REPRESENTATION('',(#1132),#1140);
#1132 = ( BOUNDED_CURVE() B_SPLINE_CURVE(2,(#1133,#1134,#1135,#1136,
#1137,#1138,#1139),.UNSPECIFIED.,.T.,.F.) B_SPLINE_CURVE_WITH_KNOTS((1,2
    ,2,2,2,1),(-2.094395102393,0.,2.094395102393,4.188790204786,
6.28318530718,8.377580409573),.UNSPECIFIED.) CURVE() 
GEOMETRIC_REPRESENTATION_ITEM() RATIONAL_B_SPLINE_CURVE((1.,0.5,1.,0.5,
1.,0.5,1.)) REPRESENTATION_ITEM('') );
#1133 = CARTESIAN_POINT('',(-8.57442389089,0.938801849798));
#1134 = CARTESIAN_POINT('',(-7.780698497571,2.670852657367));
#1135 = CARTESIAN_POINT('',(-6.677561194231,1.11744089934));
#1136 = CARTESIAN_POINT('',(-5.57442389089,-0.435970858688));
#1137 = CARTESIAN_POINT('',(-7.47128658755,-0.614609908229));
#1138 = CARTESIAN_POINT('',(-9.368149284209,-0.793248957771));
#1139 = CARTESIAN_POINT('',(-8.57442389089,0.938801849798));
#1140 = ( GEOMETRIC_REPRESENTATION_CONTEXT(2) 
PARAMETRIC_REPRESENTATION_CONTEXT() REPRESENTATION_CONTEXT('2D SPACE',''
  ) );
#1141 = PCURVE('',#1142,#1147);
#1142 = CYLINDRICAL_SURFACE('',#1143,1.1);
#1143 = AXIS2_PLACEMENT_3D('',#1144,#1145,#1146);
#1144 = CARTESIAN_POINT('',(-10.5,2.,1.65));
#1145 = DIRECTION('',(0.,0.,1.));
#1146 = DIRECTION('',(1.,0.,-0.));
#1147 = DEFINITIONAL_REPRESENTATION('',(#1148),#1152);
#1148 = LINE('',#1149,#1150);
#1149 = CARTESIAN_POINT('',(8.995078294618,0.));
#1150 = VECTOR('',#1151,1.);
#1151 = DIRECTION('',(-1.,-0.));
#1152 = ( GEOMETRIC_REPRESENTATION_CONTEXT(2) 
PARAMETRIC_REPRESENTATION_CONTEXT() REPRESENTATION_CONTEXT('2D SPACE',''
  ) );
#1153 = FACE_BOUND('',#1154,.T.);
#1154 = EDGE_LOOP('',(#1155));
#1155 = ORIENTED_EDGE('',*,*,#1156,.F.);
#1156 = EDGE_CURVE('',#1157,#1157,#1159,.T.);
#1157 = VERTEX_POINT('',#1158);
#1158 = CARTESIAN_POINT('',(-10.4,-0.5,1.65));
#1159 = SURFACE_CURVE('',#1160,(#1165,#1172),.PCURVE_S1.);
#1160 = CIRCLE('',#1161,0.4);
#1161 = AXIS2_PLACEMENT_3D('',#1162,#1163,#1164);
#1162 = CARTESIAN_POINT('',(-10.8,-0.5,1.65));
#1163 = DIRECTION('',(0.,0.,1.));
#1164 = DIRECTION('',(1.,0.,0.));
#1165 = PCURVE('',#116,#1166);
#1166 = DEFINITIONAL_REPRESENTATION('',(#1167),#1171);
#1167 = CIRCLE('',#1168,0.4);
#1168 = AXIS2_PLACEMENT_2D('',#1169,#1170);
#1169 = CARTESIAN_POINT('',(-7.87442389089,-2.019455719697));
#1170 = DIRECTION('',(1.,0.));
#1171 = ( GEOMETRIC_REPRESENTATION_CONTEXT(2) 
PARAMETRIC_REPRESENTATION_CONTEXT() REPRESENTATION_CONTEXT('2D SPACE',''
  ) );
#1172 = PCURVE('',#511,#1173);
#1173 = DEFINITIONAL_REPRESENTATION('',(#1174),#1178);
#1174 = LINE('',#1175,#1176);
#1175 = CARTESIAN_POINT('',(0.,0.));
#1176 = VECTOR('',#1177,1.);
#1177 = DIRECTION('',(1.,0.));
#1178 = ( GEOMETRIC_REPRESENTATION_CONTEXT(2) 
PARAMETRIC_REPRESENTATION_CONTEXT() REPRESENTATION_CONTEXT('2D SPACE',''
  ) );
#1179 = FACE_BOUND('',#1180,.T.);
#1180 = EDGE_LOOP('',(#1181));
#1181 = ORIENTED_EDGE('',*,*,#1182,.F.);
#1182 = EDGE_CURVE('',#1183,#1183,#1185,.T.);
#1183 = VERTEX_POINT('',#1184);
#1184 = CARTESIAN_POINT('',(-8.1,0.,1.65));
#1185 = SURFACE_CURVE('',#1186,(#1191,#1198),.PCURVE_S1.);
#1186 = CIRCLE('',#1187,0.9);
#1187 = AXIS2_PLACEMENT_3D('',#1188,#1189,#1190);
#1188 = CARTESIAN_POINT('',(-9.,0.,1.65));
#1189 = DIRECTION('',(0.,0.,1.));
#1190 = DIRECTION('',(1.,0.,0.));
#1191 = PCURVE('',#116,#1192);
#1192 = DEFINITIONAL_REPRESENTATION('',(#1193),#1197);
#1193 = CIRCLE('',#1194,0.9);
#1194 = AXIS2_PLACEMENT_2D('',#1195,#1196);
#1195 = CARTESIAN_POINT('',(-6.07442389089,-1.519455719697));
#1196 = DIRECTION('',(1.,0.));
#1197 = ( GEOMETRIC_REPRESENTATION_CONTEXT(2) 
PARAMETRIC_REPRESENTATION_CONTEXT() REPRESENTATION_CONTEXT('2D SPACE',''
  ) );
#1198 = PCURVE('',#1199,#1204);
#1199 = CYLINDRICAL_SURFACE('',#1200,0.9);
#1200 = AXIS2_PLACEMENT_3D('',#1201,#1202,#1203);
#1201 = CARTESIAN_POINT('',(-9.,0.,1.65));
#1202 = DIRECTION('',(0.,0.,1.));
#1203 = DIRECTION('',(1.,0.,-0.));
#1204 = DEFINITIONAL_REPRESENTATION('',(#1205),#1209);
#1205 = LINE('',#1206,#1207);
#1206 = CARTESIAN_POINT('',(0.,0.));
#1207 = VECTOR('',#1208,1.);
#1208 = DIRECTION('',(1.,0.));
#1209 = ( GEOMETRIC_REPRESENTATION_CONTEXT(2) 
PARAMETRIC_REPRESENTATION_CONTEXT() REPRESENTATION_CONTEXT('2D SPACE',''
  ) );
#1210 = FACE_BOUND('',#1211,.T.);
#1211 = EDGE_LOOP('',(#1212));
#1212 = ORIENTED_EDGE('',*,*,#1213,.F.);
#1213 = EDGE_CURVE('',#1214,#1214,#1216,.T.);
#1214 = VERTEX_POINT('',#1215);
#1215 = CARTESIAN_POINT('',(0.9,0.,1.65));
#1216 = SURFACE_CURVE('',#1217,(#1222,#1229),.PCURVE_S1.);
#1217 = CIRCLE('',#1218,0.9);
#1218 = AXIS2_PLACEMENT_3D('',#1219,#1220,#1221);
#1219 = CARTESIAN_POINT('',(0.,0.,1.65));
#1220 = DIRECTION('',(0.,0.,1.));
#1221 = DIRECTION('',(1.,0.,0.));
#1222 = PCURVE('',#116,#1223);
#1223 = DEFINITIONAL_REPRESENTATION('',(#1224),#1228);
#1224 = CIRCLE('',#1225,0.9);
#1225 = AXIS2_PLACEMENT_2D('',#1226,#1227);
#1226 = CARTESIAN_POINT('',(2.92557610911,-1.519455719697));
#1227 = DIRECTION('',(1.,0.));
#1228 = ( GEOMETRIC_REPRESENTATION_CONTEXT(2) 
PARAMETRIC_REPRESENTATION_CONTEXT() REPRESENTATION_CONTEXT('2D SPACE',''
  ) );
#1229 = PCURVE('',#1230,#1235);
#1230 = CYLINDRICAL_SURFACE('',#1231,0.9);
#1231 = AXIS2_PLACEMENT_3D('',#1232,#1233,#1234);
#1232 = CARTESIAN_POINT('',(0.,0.,1.65));
#1233 = DIRECTION('',(0.,0.,1.));
#1234 = DIRECTION('',(1.,0.,-0.));
#1235 = DEFINITIONAL_REPRESENTATION('',(#1236),#1240);
#1236 = LINE('',#1237,#1238);
#1237 = CARTESIAN_POINT('',(0.,0.));
#1238 = VECTOR('',#1239,1.);
#1239 = DIRECTION('',(1.,0.));
#1240 = ( GEOMETRIC_REPRESENTATION_CONTEXT(2) 
PARAMETRIC_REPRESENTATION_CONTEXT() REPRESENTATION_CONTEXT('2D SPACE',''
  ) );
#1241 = FACE_BOUND('',#1242,.T.);
#1242 = EDGE_LOOP('',(#1243));
#1243 = ORIENTED_EDGE('',*,*,#1244,.F.);
#1244 = EDGE_CURVE('',#1245,#1245,#1247,.T.);
#1245 = VERTEX_POINT('',#1246);
#1246 = CARTESIAN_POINT('',(3.4,1.5,1.65));
#1247 = SURFACE_CURVE('',#1248,(#1253,#1260),.PCURVE_S1.);
#1248 = CIRCLE('',#1249,0.4);
#1249 = AXIS2_PLACEMENT_3D('',#1250,#1251,#1252);
#1250 = CARTESIAN_POINT('',(3.,1.5,1.65));
#1251 = DIRECTION('',(0.,0.,1.));
#1252 = DIRECTION('',(1.,0.,0.));
#1253 = PCURVE('',#116,#1254);
#1254 = DEFINITIONAL_REPRESENTATION('',(#1255),#1259);
#1255 = CIRCLE('',#1256,0.4);
#1256 = AXIS2_PLACEMENT_2D('',#1257,#1258);
#1257 = CARTESIAN_POINT('',(5.92557610911,-1.945571969706E-02));
#1258 = DIRECTION('',(1.,0.));
#1259 = ( GEOMETRIC_REPRESENTATION_CONTEXT(2) 
PARAMETRIC_REPRESENTATION_CONTEXT() REPRESENTATION_CONTEXT('2D SPACE',''
  ) );
#1260 = PCURVE('',#604,#1261);
#1261 = DEFINITIONAL_REPRESENTATION('',(#1262),#1266);
#1262 = LINE('',#1263,#1264);
#1263 = CARTESIAN_POINT('',(0.,0.));
#1264 = VECTOR('',#1265,1.);
#1265 = DIRECTION('',(1.,0.));
#1266 = ( GEOMETRIC_REPRESENTATION_CONTEXT(2) 
PARAMETRIC_REPRESENTATION_CONTEXT() REPRESENTATION_CONTEXT('2D SPACE',''
  ) );
#1267 = FACE_BOUND('',#1268,.T.);
#1268 = EDGE_LOOP('',(#1269));
#1269 = ORIENTED_EDGE('',*,*,#1270,.F.);
#1270 = EDGE_CURVE('',#1271,#1271,#1273,.T.);
#1271 = VERTEX_POINT('',#1272);
#1272 = CARTESIAN_POINT('',(-6.7403,4.1846,1.65));
#1273 = SURFACE_CURVE('',#1274,(#1279,#1286),.PCURVE_S1.);
#1274 = CIRCLE('',#1275,0.9);
#1275 = AXIS2_PLACEMENT_3D('',#1276,#1277,#1278);
#1276 = CARTESIAN_POINT('',(-7.6403,4.1846,1.65));
#1277 = DIRECTION('',(0.,0.,1.));
#1278 = DIRECTION('',(1.,0.,0.));
#1279 = PCURVE('',#116,#1280);
#1280 = DEFINITIONAL_REPRESENTATION('',(#1281),#1285);
#1281 = CIRCLE('',#1282,0.9);
#1282 = AXIS2_PLACEMENT_2D('',#1283,#1284);
#1283 = CARTESIAN_POINT('',(-4.71472389089,2.665144280303));
#1284 = DIRECTION('',(1.,0.));
#1285 = ( GEOMETRIC_REPRESENTATION_CONTEXT(2) 
PARAMETRIC_REPRESENTATION_CONTEXT() REPRESENTATION_CONTEXT('2D SPACE',''
  ) );
#1286 = PCURVE('',#1287,#1292);
#1287 = CYLINDRICAL_SURFACE('',#1288,0.9);
#1288 = AXIS2_PLACEMENT_3D('',#1289,#1290,#1291);
#1289 = CARTESIAN_POINT('',(-7.6403,4.1846,1.65));
#1290 = DIRECTION('',(0.,0.,1.));
#1291 = DIRECTION('',(1.,0.,-0.));
#1292 = DEFINITIONAL_REPRESENTATION('',(#1293),#1297);
#1293 = LINE('',#1294,#1295);
#1294 = CARTESIAN_POINT('',(0.,0.));
#1295 = VECTOR('',#1296,1.);
#1296 = DIRECTION('',(1.,0.));
#1297 = ( GEOMETRIC_REPRESENTATION_CONTEXT(2) 
PARAMETRIC_REPRESENTATION_CONTEXT() REPRESENTATION_CONTEXT('2D SPACE',''
  ) );
#1298 = FACE_BOUND('',#1299,.T.);
#1299 = EDGE_LOOP('',(#1300));
#1300 = ORIENTED_EDGE('',*,*,#1301,.F.);
#1301 = EDGE_CURVE('',#1302,#1302,#1304,.T.);
#1302 = VERTEX_POINT('',#1303);
#1303 = CARTESIAN_POINT('',(-4.6863,3.789,1.65));
#1304 = SURFACE_CURVE('',#1305,(#1310,#1317),.PCURVE_S1.);
#1305 = CIRCLE('',#1306,0.9);
#1306 = AXIS2_PLACEMENT_3D('',#1307,#1308,#1309);
#1307 = CARTESIAN_POINT('',(-5.5863,3.789,1.65));
#1308 = DIRECTION('',(0.,0.,1.));
#1309 = DIRECTION('',(1.,0.,0.));
#1310 = PCURVE('',#116,#1311);
#1311 = DEFINITIONAL_REPRESENTATION('',(#1312),#1316);
#1312 = CIRCLE('',#1313,0.9);
#1313 = AXIS2_PLACEMENT_2D('',#1314,#1315);
#1314 = CARTESIAN_POINT('',(-2.66072389089,2.269544280303));
#1315 = DIRECTION('',(1.,0.));
#1316 = ( GEOMETRIC_REPRESENTATION_CONTEXT(2) 
PARAMETRIC_REPRESENTATION_CONTEXT() REPRESENTATION_CONTEXT('2D SPACE',''
  ) );
#1317 = PCURVE('',#1318,#1323);
#1318 = CYLINDRICAL_SURFACE('',#1319,0.9);
#1319 = AXIS2_PLACEMENT_3D('',#1320,#1321,#1322);
#1320 = CARTESIAN_POINT('',(-5.5863,3.789,1.65));
#1321 = DIRECTION('',(0.,0.,1.));
#1322 = DIRECTION('',(1.,0.,-0.));
#1323 = DEFINITIONAL_REPRESENTATION('',(#1324),#1328);
#1324 = LINE('',#1325,#1326);
#1325 = CARTESIAN_POINT('',(0.,0.));
#1326 = VECTOR('',#1327,1.);
#1327 = DIRECTION('',(1.,0.));
#1328 = ( GEOMETRIC_REPRESENTATION_CONTEXT(2) 
PARAMETRIC_REPRESENTATION_CONTEXT() REPRESENTATION_CONTEXT('2D SPACE',''
  ) );
#1329 = ADVANCED_FACE('',(#1330),#88,.F.);
#1330 = FACE_BOUND('',#1331,.F.);
#1331 = EDGE_LOOP('',(#1332,#1333,#1354,#1355));
#1332 = ORIENTED_EDGE('',*,*,#473,.F.);
#1333 = ORIENTED_EDGE('',*,*,#1334,.T.);
#1334 = EDGE_CURVE('',#448,#884,#1335,.T.);
#1335 = SURFACE_CURVE('',#1336,(#1340,#1347),.PCURVE_S1.);
#1336 = LINE('',#1337,#1338);
#1337 = CARTESIAN_POINT('',(-8.,-2.,0.));
#1338 = VECTOR('',#1339,1.);
#1339 = DIRECTION('',(0.,0.,1.));
#1340 = PCURVE('',#88,#1341);
#1341 = DEFINITIONAL_REPRESENTATION('',(#1342),#1346);
#1342 = LINE('',#1343,#1344);
#1343 = CARTESIAN_POINT('',(0.,0.));
#1344 = VECTOR('',#1345,1.);
#1345 = DIRECTION('',(0.,-1.));
#1346 = ( GEOMETRIC_REPRESENTATION_CONTEXT(2) 
PARAMETRIC_REPRESENTATION_CONTEXT() REPRESENTATION_CONTEXT('2D SPACE',''
  ) );
#1347 = PCURVE('',#462,#1348);
#1348 = DEFINITIONAL_REPRESENTATION('',(#1349),#1353);
#1349 = LINE('',#1350,#1351);
#1350 = CARTESIAN_POINT('',(3.535533905933,0.));
#1351 = VECTOR('',#1352,1.);
#1352 = DIRECTION('',(0.,-1.));
#1353 = ( GEOMETRIC_REPRESENTATION_CONTEXT(2) 
PARAMETRIC_REPRESENTATION_CONTEXT() REPRESENTATION_CONTEXT('2D SPACE',''
  ) );
#1354 = ORIENTED_EDGE('',*,*,#906,.T.);
#1355 = ORIENTED_EDGE('',*,*,#72,.F.);
#1356 = ADVANCED_FACE('',(#1357),#462,.F.);
#1357 = FACE_BOUND('',#1358,.F.);
#1358 = EDGE_LOOP('',(#1359,#1360,#1381,#1382));
#1359 = ORIENTED_EDGE('',*,*,#447,.F.);
#1360 = ORIENTED_EDGE('',*,*,#1361,.T.);
#1361 = EDGE_CURVE('',#422,#861,#1362,.T.);
#1362 = SURFACE_CURVE('',#1363,(#1367,#1374),.PCURVE_S1.);
#1363 = LINE('',#1364,#1365);
#1364 = CARTESIAN_POINT('',(-11.5,-1.5,0.));
#1365 = VECTOR('',#1366,1.);
#1366 = DIRECTION('',(0.,0.,1.));
#1367 = PCURVE('',#462,#1368);
#1368 = DEFINITIONAL_REPRESENTATION('',(#1369),#1373);
#1369 = LINE('',#1370,#1371);
#1370 = CARTESIAN_POINT('',(0.,0.));
#1371 = VECTOR('',#1372,1.);
#1372 = DIRECTION('',(0.,-1.));
#1373 = ( GEOMETRIC_REPRESENTATION_CONTEXT(2) 
PARAMETRIC_REPRESENTATION_CONTEXT() REPRESENTATION_CONTEXT('2D SPACE',''
  ) );
#1374 = PCURVE('',#436,#1375);
#1375 = DEFINITIONAL_REPRESENTATION('',(#1376),#1380);
#1376 = LINE('',#1377,#1378);
#1377 = CARTESIAN_POINT('',(4.,0.));
#1378 = VECTOR('',#1379,1.);
#1379 = DIRECTION('',(0.,-1.));
#1380 = ( GEOMETRIC_REPRESENTATION_CONTEXT(2) 
PARAMETRIC_REPRESENTATION_CONTEXT() REPRESENTATION_CONTEXT('2D SPACE',''
  ) );
#1381 = ORIENTED_EDGE('',*,*,#883,.T.);
#1382 = ORIENTED_EDGE('',*,*,#1334,.F.);
#1383 = ADVANCED_FACE('',(#1384),#251,.F.);
#1384 = FACE_BOUND('',#1385,.F.);
#1385 = EDGE_LOOP('',(#1386,#1387,#1388,#1389,#1410,#1436,#1455,#1456));
#1386 = ORIENTED_EDGE('',*,*,#785,.F.);
#1387 = ORIENTED_EDGE('',*,*,#833,.T.);
#1388 = ORIENTED_EDGE('',*,*,#929,.T.);
#1389 = ORIENTED_EDGE('',*,*,#1390,.F.);
#1390 = EDGE_CURVE('',#1391,#930,#1393,.T.);
#1391 = VERTEX_POINT('',#1392);
#1392 = CARTESIAN_POINT('',(3.545343123936,4.842429194492,1.15));
#1393 = SURFACE_CURVE('',#1394,(#1398,#1404),.PCURVE_S1.);
#1394 = LINE('',#1395,#1396);
#1395 = CARTESIAN_POINT('',(3.545343123936,4.842429194492,1.65));
#1396 = VECTOR('',#1397,1.);
#1397 = DIRECTION('',(0.,0.,1.));
#1398 = PCURVE('',#251,#1399);
#1399 = DEFINITIONAL_REPRESENTATION('',(#1400),#1403);
#1400 = B_SPLINE_CURVE_WITH_KNOTS('',1,(#1401,#1402),.UNSPECIFIED.,.F.,
  .F.,(2,2),(-0.5000006,5.999999999062E-07),.PIECEWISE_BEZIER_KNOTS.);
#1401 = CARTESIAN_POINT('',(0.955599281897,-1.1499994));
#1402 = CARTESIAN_POINT('',(0.955599281897,-1.6500006));
#1403 = ( GEOMETRIC_REPRESENTATION_CONTEXT(2) 
PARAMETRIC_REPRESENTATION_CONTEXT() REPRESENTATION_CONTEXT('2D SPACE',''
  ) );
#1404 = PCURVE('',#973,#1405);
#1405 = DEFINITIONAL_REPRESENTATION('',(#1406),#1409);
#1406 = B_SPLINE_CURVE_WITH_KNOTS('',1,(#1407,#1408),.UNSPECIFIED.,.F.,
  .F.,(2,2),(-0.5,0.),.PIECEWISE_BEZIER_KNOTS.);
#1407 = CARTESIAN_POINT('',(6.599745235337,-0.5));
#1408 = CARTESIAN_POINT('',(6.599745235337,0.));
#1409 = ( GEOMETRIC_REPRESENTATION_CONTEXT(2) 
PARAMETRIC_REPRESENTATION_CONTEXT() REPRESENTATION_CONTEXT('2D SPACE',''
  ) );
#1410 = ORIENTED_EDGE('',*,*,#1411,.T.);
#1411 = EDGE_CURVE('',#1391,#1412,#1414,.T.);
#1412 = VERTEX_POINT('',#1413);
#1413 = CARTESIAN_POINT('',(3.037853578026,4.864984285421,1.15));
#1414 = SURFACE_CURVE('',#1415,(#1419,#1425),.PCURVE_S1.);
#1415 = LINE('',#1416,#1417);
#1416 = CARTESIAN_POINT('',(3.508624938393,4.844061113849,1.15));
#1417 = VECTOR('',#1418,1.);
#1418 = DIRECTION('',(-0.999013806466,4.440061362072E-02,0.));
#1419 = PCURVE('',#251,#1420);
#1420 = DEFINITIONAL_REPRESENTATION('',(#1421),#1424);
#1421 = B_SPLINE_CURVE_WITH_KNOTS('',1,(#1422,#1423),.UNSPECIFIED.,.F.,
  .F.,(2,2),(-9.146526405868E-02,0.471236090352),
  .PIECEWISE_BEZIER_KNOTS.);
#1422 = CARTESIAN_POINT('',(0.900888450364,-1.15));
#1423 = CARTESIAN_POINT('',(1.463589804775,-1.15));
#1424 = ( GEOMETRIC_REPRESENTATION_CONTEXT(2) 
PARAMETRIC_REPRESENTATION_CONTEXT() REPRESENTATION_CONTEXT('2D SPACE',''
  ) );
#1425 = PCURVE('',#1426,#1431);
#1426 = PLANE('',#1427);
#1427 = AXIS2_PLACEMENT_3D('',#1428,#1429,#1430);
#1428 = CARTESIAN_POINT('',(2.5,4.5,1.15));
#1429 = DIRECTION('',(0.,0.,1.));
#1430 = DIRECTION('',(1.,0.,0.));
#1431 = DEFINITIONAL_REPRESENTATION('',(#1432),#1435);
#1432 = B_SPLINE_CURVE_WITH_KNOTS('',1,(#1433,#1434),.UNSPECIFIED.,.F.,
  .F.,(2,2),(-9.146526405868E-02,0.471236090352),
  .PIECEWISE_BEZIER_KNOTS.);
#1433 = CARTESIAN_POINT('',(1.1,0.34));
#1434 = CARTESIAN_POINT('',(0.537853578026,0.364984285421));
#1435 = ( GEOMETRIC_REPRESENTATION_CONTEXT(2) 
PARAMETRIC_REPRESENTATION_CONTEXT() REPRESENTATION_CONTEXT('2D SPACE',''
  ) );
#1436 = ORIENTED_EDGE('',*,*,#1437,.F.);
#1437 = EDGE_CURVE('',#237,#1412,#1438,.T.);
#1438 = SURFACE_CURVE('',#1439,(#1443,#1449),.PCURVE_S1.);
#1439 = LINE('',#1440,#1441);
#1440 = CARTESIAN_POINT('',(3.037853578026,4.864984285421,1.65));
#1441 = VECTOR('',#1442,1.);
#1442 = DIRECTION('',(0.,0.,1.));
#1443 = PCURVE('',#251,#1444);
#1444 = DEFINITIONAL_REPRESENTATION('',(#1445),#1448);
#1445 = B_SPLINE_CURVE_WITH_KNOTS('',1,(#1446,#1447),.UNSPECIFIED.,.F.,
  .F.,(2,2),(-1.6500006,5.999999999062E-07),.PIECEWISE_BEZIER_KNOTS.);
#1446 = CARTESIAN_POINT('',(1.463589804775,5.999999999062E-07));
#1447 = CARTESIAN_POINT('',(1.463589804775,-1.6500006));
#1448 = ( GEOMETRIC_REPRESENTATION_CONTEXT(2) 
PARAMETRIC_REPRESENTATION_CONTEXT() REPRESENTATION_CONTEXT('2D SPACE',''
  ) );
#1449 = PCURVE('',#279,#1450);
#1450 = DEFINITIONAL_REPRESENTATION('',(#1451),#1454);
#1451 = B_SPLINE_CURVE_WITH_KNOTS('',1,(#1452,#1453),.UNSPECIFIED.,.F.,
  .F.,(2,2),(-0.53,0.),.PIECEWISE_BEZIER_KNOTS.);
#1452 = CARTESIAN_POINT('',(6.879399998169,-0.53));
#1453 = CARTESIAN_POINT('',(6.879399998169,0.));
#1454 = ( GEOMETRIC_REPRESENTATION_CONTEXT(2) 
PARAMETRIC_REPRESENTATION_CONTEXT() REPRESENTATION_CONTEXT('2D SPACE',''
  ) );
#1455 = ORIENTED_EDGE('',*,*,#236,.F.);
#1456 = ORIENTED_EDGE('',*,*,#738,.T.);
#1457 = ADVANCED_FACE('',(#1458),#436,.F.);
#1458 = FACE_BOUND('',#1459,.F.);
#1459 = EDGE_LOOP('',(#1460,#1461,#1482,#1483,#1504,#1530,#1549,#1550));
#1460 = ORIENTED_EDGE('',*,*,#421,.F.);
#1461 = ORIENTED_EDGE('',*,*,#1462,.T.);
#1462 = EDGE_CURVE('',#396,#1078,#1463,.T.);
#1463 = SURFACE_CURVE('',#1464,(#1468,#1475),.PCURVE_S1.);
#1464 = LINE('',#1465,#1466);
#1465 = CARTESIAN_POINT('',(-11.5,2.5,0.));
#1466 = VECTOR('',#1467,1.);
#1467 = DIRECTION('',(0.,0.,1.));
#1468 = PCURVE('',#436,#1469);
#1469 = DEFINITIONAL_REPRESENTATION('',(#1470),#1474);
#1470 = LINE('',#1471,#1472);
#1471 = CARTESIAN_POINT('',(0.,0.));
#1472 = VECTOR('',#1473,1.);
#1473 = DIRECTION('',(0.,-1.));
#1474 = ( GEOMETRIC_REPRESENTATION_CONTEXT(2) 
PARAMETRIC_REPRESENTATION_CONTEXT() REPRESENTATION_CONTEXT('2D SPACE',''
  ) );
#1475 = PCURVE('',#410,#1476);
#1476 = DEFINITIONAL_REPRESENTATION('',(#1477),#1481);
#1477 = LINE('',#1478,#1479);
#1478 = CARTESIAN_POINT('',(2.325940669923,0.));
#1479 = VECTOR('',#1480,1.);
#1480 = DIRECTION('',(0.,-1.));
#1481 = ( GEOMETRIC_REPRESENTATION_CONTEXT(2) 
PARAMETRIC_REPRESENTATION_CONTEXT() REPRESENTATION_CONTEXT('2D SPACE',''
  ) );
#1482 = ORIENTED_EDGE('',*,*,#1100,.T.);
#1483 = ORIENTED_EDGE('',*,*,#1484,.F.);
#1484 = EDGE_CURVE('',#1485,#1101,#1487,.T.);
#1485 = VERTEX_POINT('',#1486);
#1486 = CARTESIAN_POINT('',(-11.5,2.458257569496,1.15));
#1487 = SURFACE_CURVE('',#1488,(#1492,#1498),.PCURVE_S1.);
#1488 = LINE('',#1489,#1490);
#1489 = CARTESIAN_POINT('',(-11.5,2.458257569496,1.65));
#1490 = VECTOR('',#1491,1.);
#1491 = DIRECTION('',(0.,0.,1.));
#1492 = PCURVE('',#436,#1493);
#1493 = DEFINITIONAL_REPRESENTATION('',(#1494),#1497);
#1494 = B_SPLINE_CURVE_WITH_KNOTS('',1,(#1495,#1496),.UNSPECIFIED.,.F.,
  .F.,(2,2),(-0.5000006,5.999999999062E-07),.PIECEWISE_BEZIER_KNOTS.);
#1495 = CARTESIAN_POINT('',(4.174243050442E-02,-1.1499994));
#1496 = CARTESIAN_POINT('',(4.174243050442E-02,-1.6500006));
#1497 = ( GEOMETRIC_REPRESENTATION_CONTEXT(2) 
PARAMETRIC_REPRESENTATION_CONTEXT() REPRESENTATION_CONTEXT('2D SPACE',''
  ) );
#1498 = PCURVE('',#1142,#1499);
#1499 = DEFINITIONAL_REPRESENTATION('',(#1500),#1503);
#1500 = B_SPLINE_CURVE_WITH_KNOTS('',1,(#1501,#1502),.UNSPECIFIED.,.F.,
  .F.,(2,2),(-0.5,0.),.PIECEWISE_BEZIER_KNOTS.);
#1501 = CARTESIAN_POINT('',(8.995078294618,-0.5));
#1502 = CARTESIAN_POINT('',(8.995078294618,0.));
#1503 = ( GEOMETRIC_REPRESENTATION_CONTEXT(2) 
PARAMETRIC_REPRESENTATION_CONTEXT() REPRESENTATION_CONTEXT('2D SPACE',''
  ) );
#1504 = ORIENTED_EDGE('',*,*,#1505,.T.);
#1505 = EDGE_CURVE('',#1485,#1506,#1508,.T.);
#1506 = VERTEX_POINT('',#1507);
#1507 = CARTESIAN_POINT('',(-11.5,1.541742430504,1.15));
#1508 = SURFACE_CURVE('',#1509,(#1513,#1519),.PCURVE_S1.);
#1509 = LINE('',#1510,#1511);
#1510 = CARTESIAN_POINT('',(-11.5,2.25,1.15));
#1511 = VECTOR('',#1512,1.);
#1512 = DIRECTION('',(0.,-1.,0.));
#1513 = PCURVE('',#436,#1514);
#1514 = DEFINITIONAL_REPRESENTATION('',(#1515),#1518);
#1515 = B_SPLINE_CURVE_WITH_KNOTS('',1,(#1516,#1517),.UNSPECIFIED.,.F.,
  .F.,(2,2),(-0.25,1.35),.PIECEWISE_BEZIER_KNOTS.);
#1516 = CARTESIAN_POINT('',(0.,-1.15));
#1517 = CARTESIAN_POINT('',(1.6,-1.15));
#1518 = ( GEOMETRIC_REPRESENTATION_CONTEXT(2) 
PARAMETRIC_REPRESENTATION_CONTEXT() REPRESENTATION_CONTEXT('2D SPACE',''
  ) );
#1519 = PCURVE('',#1520,#1525);
#1520 = PLANE('',#1521);
#1521 = AXIS2_PLACEMENT_3D('',#1522,#1523,#1524);
#1522 = CARTESIAN_POINT('',(-10.5,2.,1.15));
#1523 = DIRECTION('',(0.,0.,1.));
#1524 = DIRECTION('',(1.,0.,0.));
#1525 = DEFINITIONAL_REPRESENTATION('',(#1526),#1529);
#1526 = B_SPLINE_CURVE_WITH_KNOTS('',1,(#1527,#1528),.UNSPECIFIED.,.F.,
  .F.,(2,2),(-0.25,1.35),.PIECEWISE_BEZIER_KNOTS.);
#1527 = CARTESIAN_POINT('',(-1.,0.5));
#1528 = CARTESIAN_POINT('',(-1.,-1.1));
#1529 = ( GEOMETRIC_REPRESENTATION_CONTEXT(2) 
PARAMETRIC_REPRESENTATION_CONTEXT() REPRESENTATION_CONTEXT('2D SPACE',''
  ) );
#1530 = ORIENTED_EDGE('',*,*,#1531,.T.);
#1531 = EDGE_CURVE('',#1506,#859,#1532,.T.);
#1532 = SURFACE_CURVE('',#1533,(#1537,#1543),.PCURVE_S1.);
#1533 = LINE('',#1534,#1535);
#1534 = CARTESIAN_POINT('',(-11.5,1.541742430504,1.65));
#1535 = VECTOR('',#1536,1.);
#1536 = DIRECTION('',(0.,0.,1.));
#1537 = PCURVE('',#436,#1538);
#1538 = DEFINITIONAL_REPRESENTATION('',(#1539),#1542);
#1539 = B_SPLINE_CURVE_WITH_KNOTS('',1,(#1540,#1541),.UNSPECIFIED.,.F.,
  .F.,(2,2),(-0.5000006,5.999999999062E-07),.PIECEWISE_BEZIER_KNOTS.);
#1540 = CARTESIAN_POINT('',(0.958257569496,-1.1499994));
#1541 = CARTESIAN_POINT('',(0.958257569496,-1.6500006));
#1542 = ( GEOMETRIC_REPRESENTATION_CONTEXT(2) 
PARAMETRIC_REPRESENTATION_CONTEXT() REPRESENTATION_CONTEXT('2D SPACE',''
  ) );
#1543 = PCURVE('',#1142,#1544);
#1544 = DEFINITIONAL_REPRESENTATION('',(#1545),#1548);
#1545 = B_SPLINE_CURVE_WITH_KNOTS('',1,(#1546,#1547),.UNSPECIFIED.,.F.,
  .F.,(2,2),(-0.5,0.),.PIECEWISE_BEZIER_KNOTS.);
#1546 = CARTESIAN_POINT('',(3.571292319741,-0.5));
#1547 = CARTESIAN_POINT('',(3.571292319741,0.));
#1548 = ( GEOMETRIC_REPRESENTATION_CONTEXT(2) 
PARAMETRIC_REPRESENTATION_CONTEXT() REPRESENTATION_CONTEXT('2D SPACE',''
  ) );
#1549 = ORIENTED_EDGE('',*,*,#858,.T.);
#1550 = ORIENTED_EDGE('',*,*,#1361,.F.);
#1551 = ADVANCED_FACE('',(#1552),#279,.F.);
#1552 = FACE_BOUND('',#1553,.F.);
#1553 = EDGE_LOOP('',(#1554,#1575,#1576,#1577));
#1554 = ORIENTED_EDGE('',*,*,#1555,.F.);
#1555 = EDGE_CURVE('',#263,#1556,#1558,.T.);
#1556 = VERTEX_POINT('',#1557);
#1557 = CARTESIAN_POINT('',(1.996646175547,4.911260169976,1.15));
#1558 = SURFACE_CURVE('',#1559,(#1563,#1569),.PCURVE_S1.);
#1559 = LINE('',#1560,#1561);
#1560 = CARTESIAN_POINT('',(1.996646175547,4.911260169976,1.65));
#1561 = VECTOR('',#1562,1.);
#1562 = DIRECTION('',(0.,0.,1.));
#1563 = PCURVE('',#279,#1564);
#1564 = DEFINITIONAL_REPRESENTATION('',(#1565),#1568);
#1565 = B_SPLINE_CURVE_WITH_KNOTS('',1,(#1566,#1567),.UNSPECIFIED.,.F.,
  .F.,(2,2),(-0.53,0.),.PIECEWISE_BEZIER_KNOTS.);
#1566 = CARTESIAN_POINT('',(2.456547532106,-0.53));
#1567 = CARTESIAN_POINT('',(2.456547532106,0.));
#1568 = ( GEOMETRIC_REPRESENTATION_CONTEXT(2) 
PARAMETRIC_REPRESENTATION_CONTEXT() REPRESENTATION_CONTEXT('2D SPACE',''
  ) );
#1569 = PCURVE('',#306,#1570);
#1570 = DEFINITIONAL_REPRESENTATION('',(#1571),#1574);
#1571 = B_SPLINE_CURVE_WITH_KNOTS('',1,(#1572,#1573),.UNSPECIFIED.,.F.,
  .F.,(2,2),(-1.6500006,5.999999999062E-07),.PIECEWISE_BEZIER_KNOTS.);
#1572 = CARTESIAN_POINT('',(2.505825052917,5.999999999062E-07));
#1573 = CARTESIAN_POINT('',(2.505825052917,-1.6500006));
#1574 = ( GEOMETRIC_REPRESENTATION_CONTEXT(2) 
PARAMETRIC_REPRESENTATION_CONTEXT() REPRESENTATION_CONTEXT('2D SPACE',''
  ) );
#1575 = ORIENTED_EDGE('',*,*,#262,.T.);
#1576 = ORIENTED_EDGE('',*,*,#1437,.T.);
#1577 = ORIENTED_EDGE('',*,*,#1578,.F.);
#1578 = EDGE_CURVE('',#1556,#1412,#1579,.T.);
#1579 = SURFACE_CURVE('',#1580,(#1585,#1592),.PCURVE_S1.);
#1580 = CIRCLE('',#1581,0.65);
#1581 = AXIS2_PLACEMENT_3D('',#1582,#1583,#1584);
#1582 = CARTESIAN_POINT('',(2.5,4.5,1.15));
#1583 = DIRECTION('',(0.,0.,1.));
#1584 = DIRECTION('',(1.,0.,-0.));
#1585 = PCURVE('',#279,#1586);
#1586 = DEFINITIONAL_REPRESENTATION('',(#1587),#1591);
#1587 = LINE('',#1588,#1589);
#1588 = CARTESIAN_POINT('',(0.,-0.5));
#1589 = VECTOR('',#1590,1.);
#1590 = DIRECTION('',(1.,0.));
#1591 = ( GEOMETRIC_REPRESENTATION_CONTEXT(2) 
PARAMETRIC_REPRESENTATION_CONTEXT() REPRESENTATION_CONTEXT('2D SPACE',''
  ) );
#1592 = PCURVE('',#1426,#1593);
#1593 = DEFINITIONAL_REPRESENTATION('',(#1594),#1598);
#1594 = CIRCLE('',#1595,0.65);
#1595 = AXIS2_PLACEMENT_2D('',#1596,#1597);
#1596 = CARTESIAN_POINT('',(0.,0.));
#1597 = DIRECTION('',(1.,0.));
#1598 = ( GEOMETRIC_REPRESENTATION_CONTEXT(2) 
PARAMETRIC_REPRESENTATION_CONTEXT() REPRESENTATION_CONTEXT('2D SPACE',''
  ) );
#1599 = ADVANCED_FACE('',(#1600),#410,.F.);
#1600 = FACE_BOUND('',#1601,.F.);
#1601 = EDGE_LOOP('',(#1602,#1603,#1624,#1625));
#1602 = ORIENTED_EDGE('',*,*,#395,.F.);
#1603 = ORIENTED_EDGE('',*,*,#1604,.T.);
#1604 = EDGE_CURVE('',#370,#1055,#1605,.T.);
#1605 = SURFACE_CURVE('',#1606,(#1610,#1617),.PCURVE_S1.);
#1606 = LINE('',#1607,#1608);
#1607 = CARTESIAN_POINT('',(-10.5,4.6,0.));
#1608 = VECTOR('',#1609,1.);
#1609 = DIRECTION('',(0.,0.,1.));
#1610 = PCURVE('',#410,#1611);
#1611 = DEFINITIONAL_REPRESENTATION('',(#1612),#1616);
#1612 = LINE('',#1613,#1614);
#1613 = CARTESIAN_POINT('',(0.,0.));
#1614 = VECTOR('',#1615,1.);
#1615 = DIRECTION('',(0.,-1.));
#1616 = ( GEOMETRIC_REPRESENTATION_CONTEXT(2) 
PARAMETRIC_REPRESENTATION_CONTEXT() REPRESENTATION_CONTEXT('2D SPACE',''
  ) );
#1617 = PCURVE('',#384,#1618);
#1618 = DEFINITIONAL_REPRESENTATION('',(#1619),#1623);
#1619 = LINE('',#1620,#1621);
#1620 = CARTESIAN_POINT('',(2.088061301782,0.));
#1621 = VECTOR('',#1622,1.);
#1622 = DIRECTION('',(0.,-1.));
#1623 = ( GEOMETRIC_REPRESENTATION_CONTEXT(2) 
PARAMETRIC_REPRESENTATION_CONTEXT() REPRESENTATION_CONTEXT('2D SPACE',''
  ) );
#1624 = ORIENTED_EDGE('',*,*,#1077,.T.);
#1625 = ORIENTED_EDGE('',*,*,#1462,.F.);
#1626 = ADVANCED_FACE('',(#1627),#306,.F.);
#1627 = FACE_BOUND('',#1628,.F.);
#1628 = EDGE_LOOP('',(#1629,#1630,#1631,#1652,#1671,#1672));
#1629 = ORIENTED_EDGE('',*,*,#291,.F.);
#1630 = ORIENTED_EDGE('',*,*,#1555,.T.);
#1631 = ORIENTED_EDGE('',*,*,#1632,.T.);
#1632 = EDGE_CURVE('',#1556,#1633,#1635,.T.);
#1633 = VERTEX_POINT('',#1634);
#1634 = CARTESIAN_POINT('',(1.489156629637,4.933815260905,1.15));
#1635 = SURFACE_CURVE('',#1636,(#1640,#1646),.PCURVE_S1.);
#1636 = LINE('',#1637,#1638);
#1637 = CARTESIAN_POINT('',(3.508624938393,4.844061113849,1.15));
#1638 = VECTOR('',#1639,1.);
#1639 = DIRECTION('',(-0.999013806466,4.440061362072E-02,0.));
#1640 = PCURVE('',#306,#1641);
#1641 = DEFINITIONAL_REPRESENTATION('',(#1642),#1645);
#1642 = B_SPLINE_CURVE_WITH_KNOTS('',1,(#1643,#1644),.UNSPECIFIED.,.F.,
  .F.,(2,2),(1.513471338494,2.110706503499),.PIECEWISE_BEZIER_KNOTS.);
#1643 = CARTESIAN_POINT('',(2.505825052917,-1.15));
#1644 = CARTESIAN_POINT('',(3.103060217922,-1.15));
#1645 = ( GEOMETRIC_REPRESENTATION_CONTEXT(2) 
PARAMETRIC_REPRESENTATION_CONTEXT() REPRESENTATION_CONTEXT('2D SPACE',''
  ) );
#1646 = PCURVE('',#1426,#1647);
#1647 = DEFINITIONAL_REPRESENTATION('',(#1648),#1651);
#1648 = B_SPLINE_CURVE_WITH_KNOTS('',1,(#1649,#1650),.UNSPECIFIED.,.F.,
  .F.,(2,2),(1.513471338494,2.110706503499),.PIECEWISE_BEZIER_KNOTS.);
#1649 = CARTESIAN_POINT('',(-0.503353824453,0.411260169976));
#1650 = CARTESIAN_POINT('',(-1.1,0.437777777778));
#1651 = ( GEOMETRIC_REPRESENTATION_CONTEXT(2) 
PARAMETRIC_REPRESENTATION_CONTEXT() REPRESENTATION_CONTEXT('2D SPACE',''
  ) );
#1652 = ORIENTED_EDGE('',*,*,#1653,.T.);
#1653 = EDGE_CURVE('',#1633,#953,#1654,.T.);
#1654 = SURFACE_CURVE('',#1655,(#1659,#1665),.PCURVE_S1.);
#1655 = LINE('',#1656,#1657);
#1656 = CARTESIAN_POINT('',(1.489156629637,4.933815260905,1.65));
#1657 = VECTOR('',#1658,1.);
#1658 = DIRECTION('',(0.,0.,1.));
#1659 = PCURVE('',#306,#1660);
#1660 = DEFINITIONAL_REPRESENTATION('',(#1661),#1664);
#1661 = B_SPLINE_CURVE_WITH_KNOTS('',1,(#1662,#1663),.UNSPECIFIED.,.F.,
  .F.,(2,2),(-0.5000006,5.999999999062E-07),.PIECEWISE_BEZIER_KNOTS.);
#1662 = CARTESIAN_POINT('',(3.013815575795,-1.1499994));
#1663 = CARTESIAN_POINT('',(3.013815575795,-1.6500006));
#1664 = ( GEOMETRIC_REPRESENTATION_CONTEXT(2) 
PARAMETRIC_REPRESENTATION_CONTEXT() REPRESENTATION_CONTEXT('2D SPACE',''
  ) );
#1665 = PCURVE('',#973,#1666);
#1666 = DEFINITIONAL_REPRESENTATION('',(#1667),#1670);
#1667 = B_SPLINE_CURVE_WITH_KNOTS('',1,(#1668,#1669),.UNSPECIFIED.,.F.,
  .F.,(2,2),(-0.5,0.),.PIECEWISE_BEZIER_KNOTS.);
#1668 = CARTESIAN_POINT('',(2.736202294938,-0.5));
#1669 = CARTESIAN_POINT('',(2.736202294938,0.));
#1670 = ( GEOMETRIC_REPRESENTATION_CONTEXT(2) 
PARAMETRIC_REPRESENTATION_CONTEXT() REPRESENTATION_CONTEXT('2D SPACE',''
  ) );
#1671 = ORIENTED_EDGE('',*,*,#985,.T.);
#1672 = ORIENTED_EDGE('',*,*,#1673,.F.);
#1673 = EDGE_CURVE('',#292,#986,#1674,.T.);
#1674 = SURFACE_CURVE('',#1675,(#1679,#1686),.PCURVE_S1.);
#1675 = LINE('',#1676,#1677);
#1676 = CARTESIAN_POINT('',(0.,5.,0.));
#1677 = VECTOR('',#1678,1.);
#1678 = DIRECTION('',(0.,0.,1.));
#1679 = PCURVE('',#306,#1680);
#1680 = DEFINITIONAL_REPRESENTATION('',(#1681),#1685);
#1681 = LINE('',#1682,#1683);
#1682 = CARTESIAN_POINT('',(4.504442251822,0.));
#1683 = VECTOR('',#1684,1.);
#1684 = DIRECTION('',(0.,-1.));
#1685 = ( GEOMETRIC_REPRESENTATION_CONTEXT(2) 
PARAMETRIC_REPRESENTATION_CONTEXT() REPRESENTATION_CONTEXT('2D SPACE',''
  ) );
#1686 = PCURVE('',#332,#1687);
#1687 = DEFINITIONAL_REPRESENTATION('',(#1688),#1692);
#1688 = LINE('',#1689,#1690);
#1689 = CARTESIAN_POINT('',(0.,0.));
#1690 = VECTOR('',#1691,1.);
#1691 = DIRECTION('',(0.,-1.));
#1692 = ( GEOMETRIC_REPRESENTATION_CONTEXT(2) 
PARAMETRIC_REPRESENTATION_CONTEXT() REPRESENTATION_CONTEXT('2D SPACE',''
  ) );
#1693 = ADVANCED_FACE('',(#1694),#384,.F.);
#1694 = FACE_BOUND('',#1695,.F.);
#1695 = EDGE_LOOP('',(#1696,#1697,#1718,#1719));
#1696 = ORIENTED_EDGE('',*,*,#369,.F.);
#1697 = ORIENTED_EDGE('',*,*,#1698,.T.);
#1698 = EDGE_CURVE('',#344,#1032,#1699,.T.);
#1699 = SURFACE_CURVE('',#1700,(#1704,#1711),.PCURVE_S1.);
#1700 = LINE('',#1701,#1702);
#1701 = CARTESIAN_POINT('',(-8.5,5.2,0.));
#1702 = VECTOR('',#1703,1.);
#1703 = DIRECTION('',(0.,0.,1.));
#1704 = PCURVE('',#384,#1705);
#1705 = DEFINITIONAL_REPRESENTATION('',(#1706),#1710);
#1706 = LINE('',#1707,#1708);
#1707 = CARTESIAN_POINT('',(0.,0.));
#1708 = VECTOR('',#1709,1.);
#1709 = DIRECTION('',(0.,-1.));
#1710 = ( GEOMETRIC_REPRESENTATION_CONTEXT(2) 
PARAMETRIC_REPRESENTATION_CONTEXT() REPRESENTATION_CONTEXT('2D SPACE',''
  ) );
#1711 = PCURVE('',#358,#1712);
#1712 = DEFINITIONAL_REPRESENTATION('',(#1713),#1717);
#1713 = LINE('',#1714,#1715);
#1714 = CARTESIAN_POINT('',(4.5,0.));
#1715 = VECTOR('',#1716,1.);
#1716 = DIRECTION('',(0.,-1.));
#1717 = ( GEOMETRIC_REPRESENTATION_CONTEXT(2) 
PARAMETRIC_REPRESENTATION_CONTEXT() REPRESENTATION_CONTEXT('2D SPACE',''
  ) );
#1718 = ORIENTED_EDGE('',*,*,#1054,.T.);
#1719 = ORIENTED_EDGE('',*,*,#1604,.F.);
#1720 = ADVANCED_FACE('',(#1721),#332,.F.);
#1721 = FACE_BOUND('',#1722,.F.);
#1722 = EDGE_LOOP('',(#1723,#1724,#1725,#1726));
#1723 = ORIENTED_EDGE('',*,*,#317,.F.);
#1724 = ORIENTED_EDGE('',*,*,#1673,.T.);
#1725 = ORIENTED_EDGE('',*,*,#1008,.T.);
#1726 = ORIENTED_EDGE('',*,*,#1727,.F.);
#1727 = EDGE_CURVE('',#318,#1009,#1728,.T.);
#1728 = SURFACE_CURVE('',#1729,(#1733,#1740),.PCURVE_S1.);
#1729 = LINE('',#1730,#1731);
#1730 = CARTESIAN_POINT('',(-4.,5.2,0.));
#1731 = VECTOR('',#1732,1.);
#1732 = DIRECTION('',(0.,0.,1.));
#1733 = PCURVE('',#332,#1734);
#1734 = DEFINITIONAL_REPRESENTATION('',(#1735),#1739);
#1735 = LINE('',#1736,#1737);
#1736 = CARTESIAN_POINT('',(4.0049968789,0.));
#1737 = VECTOR('',#1738,1.);
#1738 = DIRECTION('',(0.,-1.));
#1739 = ( GEOMETRIC_REPRESENTATION_CONTEXT(2) 
PARAMETRIC_REPRESENTATION_CONTEXT() REPRESENTATION_CONTEXT('2D SPACE',''
  ) );
#1740 = PCURVE('',#358,#1741);
#1741 = DEFINITIONAL_REPRESENTATION('',(#1742),#1746);
#1742 = LINE('',#1743,#1744);
#1743 = CARTESIAN_POINT('',(0.,-0.));
#1744 = VECTOR('',#1745,1.);
#1745 = DIRECTION('',(0.,-1.));
#1746 = ( GEOMETRIC_REPRESENTATION_CONTEXT(2) 
PARAMETRIC_REPRESENTATION_CONTEXT() REPRESENTATION_CONTEXT('2D SPACE',''
  ) );
#1747 = ADVANCED_FACE('',(#1748),#358,.F.);
#1748 = FACE_BOUND('',#1749,.F.);
#1749 = EDGE_LOOP('',(#1750,#1751,#1752,#1753));
#1750 = ORIENTED_EDGE('',*,*,#343,.F.);
#1751 = ORIENTED_EDGE('',*,*,#1727,.T.);
#1752 = ORIENTED_EDGE('',*,*,#1031,.T.);
#1753 = ORIENTED_EDGE('',*,*,#1698,.F.);
#1754 = ADVANCED_FACE('',(#1755),#511,.F.);
#1755 = FACE_BOUND('',#1756,.F.);
#1756 = EDGE_LOOP('',(#1757,#1758,#1779,#1780));
#1757 = ORIENTED_EDGE('',*,*,#1156,.F.);
#1758 = ORIENTED_EDGE('',*,*,#1759,.T.);
#1759 = EDGE_CURVE('',#1157,#495,#1760,.T.);
#1760 = SEAM_CURVE('',#1761,(#1765,#1772),.PCURVE_S1.);
#1761 = LINE('',#1762,#1763);
#1762 = CARTESIAN_POINT('',(-10.4,-0.5,1.65));
#1763 = VECTOR('',#1764,1.);
#1764 = DIRECTION('',(-0.,-0.,-1.));
#1765 = PCURVE('',#511,#1766);
#1766 = DEFINITIONAL_REPRESENTATION('',(#1767),#1771);
#1767 = LINE('',#1768,#1769);
#1768 = CARTESIAN_POINT('',(6.28318530718,0.));
#1769 = VECTOR('',#1770,1.);
#1770 = DIRECTION('',(0.,-1.));
#1771 = ( GEOMETRIC_REPRESENTATION_CONTEXT(2) 
PARAMETRIC_REPRESENTATION_CONTEXT() REPRESENTATION_CONTEXT('2D SPACE',''
  ) );
#1772 = PCURVE('',#511,#1773);
#1773 = DEFINITIONAL_REPRESENTATION('',(#1774),#1778);
#1774 = LINE('',#1775,#1776);
#1775 = CARTESIAN_POINT('',(0.,0.));
#1776 = VECTOR('',#1777,1.);
#1777 = DIRECTION('',(0.,-1.));
#1778 = ( GEOMETRIC_REPRESENTATION_CONTEXT(2) 
PARAMETRIC_REPRESENTATION_CONTEXT() REPRESENTATION_CONTEXT('2D SPACE',''
  ) );
#1779 = ORIENTED_EDGE('',*,*,#494,.T.);
#1780 = ORIENTED_EDGE('',*,*,#1759,.F.);
#1781 = ADVANCED_FACE('',(#1782),#542,.F.);
#1782 = FACE_BOUND('',#1783,.F.);
#1783 = EDGE_LOOP('',(#1784,#1813,#1834,#1835));
#1784 = ORIENTED_EDGE('',*,*,#1785,.F.);
#1785 = EDGE_CURVE('',#1786,#1786,#1788,.T.);
#1786 = VERTEX_POINT('',#1787);
#1787 = CARTESIAN_POINT('',(-8.4,0.,1.3));
#1788 = SURFACE_CURVE('',#1789,(#1794,#1801),.PCURVE_S1.);
#1789 = CIRCLE('',#1790,0.6);
#1790 = AXIS2_PLACEMENT_3D('',#1791,#1792,#1793);
#1791 = CARTESIAN_POINT('',(-9.,0.,1.3));
#1792 = DIRECTION('',(0.,0.,1.));
#1793 = DIRECTION('',(1.,0.,-0.));
#1794 = PCURVE('',#542,#1795);
#1795 = DEFINITIONAL_REPRESENTATION('',(#1796),#1800);
#1796 = LINE('',#1797,#1798);
#1797 = CARTESIAN_POINT('',(0.,-0.35));
#1798 = VECTOR('',#1799,1.);
#1799 = DIRECTION('',(1.,0.));
#1800 = ( GEOMETRIC_REPRESENTATION_CONTEXT(2) 
PARAMETRIC_REPRESENTATION_CONTEXT() REPRESENTATION_CONTEXT('2D SPACE',''
  ) );
#1801 = PCURVE('',#1802,#1807);
#1802 = PLANE('',#1803);
#1803 = AXIS2_PLACEMENT_3D('',#1804,#1805,#1806);
#1804 = CARTESIAN_POINT('',(-9.,1.07411561832E-17,1.3));
#1805 = DIRECTION('',(0.,0.,1.));
#1806 = DIRECTION('',(1.,0.,0.));
#1807 = DEFINITIONAL_REPRESENTATION('',(#1808),#1812);
#1808 = CIRCLE('',#1809,0.6);
#1809 = AXIS2_PLACEMENT_2D('',#1810,#1811);
#1810 = CARTESIAN_POINT('',(0.,-1.07411561832E-17));
#1811 = DIRECTION('',(1.,0.));
#1812 = ( GEOMETRIC_REPRESENTATION_CONTEXT(2) 
PARAMETRIC_REPRESENTATION_CONTEXT() REPRESENTATION_CONTEXT('2D SPACE',''
  ) );
#1813 = ORIENTED_EDGE('',*,*,#1814,.T.);
#1814 = EDGE_CURVE('',#1786,#526,#1815,.T.);
#1815 = SEAM_CURVE('',#1816,(#1820,#1827),.PCURVE_S1.);
#1816 = LINE('',#1817,#1818);
#1817 = CARTESIAN_POINT('',(-8.4,0.,1.65));
#1818 = VECTOR('',#1819,1.);
#1819 = DIRECTION('',(-0.,-0.,-1.));
#1820 = PCURVE('',#542,#1821);
#1821 = DEFINITIONAL_REPRESENTATION('',(#1822),#1826);
#1822 = LINE('',#1823,#1824);
#1823 = CARTESIAN_POINT('',(6.28318530718,0.));
#1824 = VECTOR('',#1825,1.);
#1825 = DIRECTION('',(0.,-1.));
#1826 = ( GEOMETRIC_REPRESENTATION_CONTEXT(2) 
PARAMETRIC_REPRESENTATION_CONTEXT() REPRESENTATION_CONTEXT('2D SPACE',''
  ) );
#1827 = PCURVE('',#542,#1828);
#1828 = DEFINITIONAL_REPRESENTATION('',(#1829),#1833);
#1829 = LINE('',#1830,#1831);
#1830 = CARTESIAN_POINT('',(0.,0.));
#1831 = VECTOR('',#1832,1.);
#1832 = DIRECTION('',(0.,-1.));
#1833 = ( GEOMETRIC_REPRESENTATION_CONTEXT(2) 
PARAMETRIC_REPRESENTATION_CONTEXT() REPRESENTATION_CONTEXT('2D SPACE',''
  ) );
#1834 = ORIENTED_EDGE('',*,*,#525,.T.);
#1835 = ORIENTED_EDGE('',*,*,#1814,.F.);
#1836 = ADVANCED_FACE('',(#1837),#573,.F.);
#1837 = FACE_BOUND('',#1838,.F.);
#1838 = EDGE_LOOP('',(#1839,#1868,#1889,#1890));
#1839 = ORIENTED_EDGE('',*,*,#1840,.F.);
#1840 = EDGE_CURVE('',#1841,#1841,#1843,.T.);
#1841 = VERTEX_POINT('',#1842);
#1842 = CARTESIAN_POINT('',(0.6,0.,1.3));
#1843 = SURFACE_CURVE('',#1844,(#1849,#1856),.PCURVE_S1.);
#1844 = CIRCLE('',#1845,0.6);
#1845 = AXIS2_PLACEMENT_3D('',#1846,#1847,#1848);
#1846 = CARTESIAN_POINT('',(0.,0.,1.3));
#1847 = DIRECTION('',(0.,0.,1.));
#1848 = DIRECTION('',(1.,0.,-0.));
#1849 = PCURVE('',#573,#1850);
#1850 = DEFINITIONAL_REPRESENTATION('',(#1851),#1855);
#1851 = LINE('',#1852,#1853);
#1852 = CARTESIAN_POINT('',(0.,-0.35));
#1853 = VECTOR('',#1854,1.);
#1854 = DIRECTION('',(1.,0.));
#1855 = ( GEOMETRIC_REPRESENTATION_CONTEXT(2) 
PARAMETRIC_REPRESENTATION_CONTEXT() REPRESENTATION_CONTEXT('2D SPACE',''
  ) );
#1856 = PCURVE('',#1857,#1862);
#1857 = PLANE('',#1858);
#1858 = AXIS2_PLACEMENT_3D('',#1859,#1860,#1861);
#1859 = CARTESIAN_POINT('',(-2.374028007881E-17,1.07411561832E-17,1.3));
#1860 = DIRECTION('',(0.,0.,1.));
#1861 = DIRECTION('',(1.,0.,0.));
#1862 = DEFINITIONAL_REPRESENTATION('',(#1863),#1867);
#1863 = CIRCLE('',#1864,0.6);
#1864 = AXIS2_PLACEMENT_2D('',#1865,#1866);
#1865 = CARTESIAN_POINT('',(2.374028007881E-17,-1.07411561832E-17));
#1866 = DIRECTION('',(1.,0.));
#1867 = ( GEOMETRIC_REPRESENTATION_CONTEXT(2) 
PARAMETRIC_REPRESENTATION_CONTEXT() REPRESENTATION_CONTEXT('2D SPACE',''
  ) );
#1868 = ORIENTED_EDGE('',*,*,#1869,.T.);
#1869 = EDGE_CURVE('',#1841,#557,#1870,.T.);
#1870 = SEAM_CURVE('',#1871,(#1875,#1882),.PCURVE_S1.);
#1871 = LINE('',#1872,#1873);
#1872 = CARTESIAN_POINT('',(0.6,0.,1.65));
#1873 = VECTOR('',#1874,1.);
#1874 = DIRECTION('',(-0.,-0.,-1.));
#1875 = PCURVE('',#573,#1876);
#1876 = DEFINITIONAL_REPRESENTATION('',(#1877),#1881);
#1877 = LINE('',#1878,#1879);
#1878 = CARTESIAN_POINT('',(6.28318530718,0.));
#1879 = VECTOR('',#1880,1.);
#1880 = DIRECTION('',(0.,-1.));
#1881 = ( GEOMETRIC_REPRESENTATION_CONTEXT(2) 
PARAMETRIC_REPRESENTATION_CONTEXT() REPRESENTATION_CONTEXT('2D SPACE',''
  ) );
#1882 = PCURVE('',#573,#1883);
#1883 = DEFINITIONAL_REPRESENTATION('',(#1884),#1888);
#1884 = LINE('',#1885,#1886);
#1885 = CARTESIAN_POINT('',(0.,0.));
#1886 = VECTOR('',#1887,1.);
#1887 = DIRECTION('',(0.,-1.));
#1888 = ( GEOMETRIC_REPRESENTATION_CONTEXT(2) 
PARAMETRIC_REPRESENTATION_CONTEXT() REPRESENTATION_CONTEXT('2D SPACE',''
  ) );
#1889 = ORIENTED_EDGE('',*,*,#556,.T.);
#1890 = ORIENTED_EDGE('',*,*,#1869,.F.);
#1891 = ADVANCED_FACE('',(#1892),#604,.F.);
#1892 = FACE_BOUND('',#1893,.F.);
#1893 = EDGE_LOOP('',(#1894,#1895,#1916,#1917));
#1894 = ORIENTED_EDGE('',*,*,#1244,.F.);
#1895 = ORIENTED_EDGE('',*,*,#1896,.T.);
#1896 = EDGE_CURVE('',#1245,#588,#1897,.T.);
#1897 = SEAM_CURVE('',#1898,(#1902,#1909),.PCURVE_S1.);
#1898 = LINE('',#1899,#1900);
#1899 = CARTESIAN_POINT('',(3.4,1.5,1.65));
#1900 = VECTOR('',#1901,1.);
#1901 = DIRECTION('',(-0.,-0.,-1.));
#1902 = PCURVE('',#604,#1903);
#1903 = DEFINITIONAL_REPRESENTATION('',(#1904),#1908);
#1904 = LINE('',#1905,#1906);
#1905 = CARTESIAN_POINT('',(6.28318530718,0.));
#1906 = VECTOR('',#1907,1.);
#1907 = DIRECTION('',(0.,-1.));
#1908 = ( GEOMETRIC_REPRESENTATION_CONTEXT(2) 
PARAMETRIC_REPRESENTATION_CONTEXT() REPRESENTATION_CONTEXT('2D SPACE',''
  ) );
#1909 = PCURVE('',#604,#1910);
#1910 = DEFINITIONAL_REPRESENTATION('',(#1911),#1915);
#1911 = LINE('',#1912,#1913);
#1912 = CARTESIAN_POINT('',(0.,0.));
#1913 = VECTOR('',#1914,1.);
#1914 = DIRECTION('',(0.,-1.));
#1915 = ( GEOMETRIC_REPRESENTATION_CONTEXT(2) 
PARAMETRIC_REPRESENTATION_CONTEXT() REPRESENTATION_CONTEXT('2D SPACE',''
  ) );
#1916 = ORIENTED_EDGE('',*,*,#587,.T.);
#1917 = ORIENTED_EDGE('',*,*,#1896,.F.);
#1918 = ADVANCED_FACE('',(#1919),#635,.F.);
#1919 = FACE_BOUND('',#1920,.F.);
#1920 = EDGE_LOOP('',(#1921,#1945,#1966,#1967));
#1921 = ORIENTED_EDGE('',*,*,#1922,.F.);
#1922 = EDGE_CURVE('',#1923,#1923,#1925,.T.);
#1923 = VERTEX_POINT('',#1924);
#1924 = CARTESIAN_POINT('',(-9.85,2.,1.15));
#1925 = SURFACE_CURVE('',#1926,(#1931,#1938),.PCURVE_S1.);
#1926 = CIRCLE('',#1927,0.65);
#1927 = AXIS2_PLACEMENT_3D('',#1928,#1929,#1930);
#1928 = CARTESIAN_POINT('',(-10.5,2.,1.15));
#1929 = DIRECTION('',(0.,0.,1.));
#1930 = DIRECTION('',(1.,0.,-0.));
#1931 = PCURVE('',#635,#1932);
#1932 = DEFINITIONAL_REPRESENTATION('',(#1933),#1937);
#1933 = LINE('',#1934,#1935);
#1934 = CARTESIAN_POINT('',(0.,-0.5));
#1935 = VECTOR('',#1936,1.);
#1936 = DIRECTION('',(1.,0.));
#1937 = ( GEOMETRIC_REPRESENTATION_CONTEXT(2) 
PARAMETRIC_REPRESENTATION_CONTEXT() REPRESENTATION_CONTEXT('2D SPACE',''
  ) );
#1938 = PCURVE('',#1520,#1939);
#1939 = DEFINITIONAL_REPRESENTATION('',(#1940),#1944);
#1940 = CIRCLE('',#1941,0.65);
#1941 = AXIS2_PLACEMENT_2D('',#1942,#1943);
#1942 = CARTESIAN_POINT('',(0.,0.));
#1943 = DIRECTION('',(1.,0.));
#1944 = ( GEOMETRIC_REPRESENTATION_CONTEXT(2) 
PARAMETRIC_REPRESENTATION_CONTEXT() REPRESENTATION_CONTEXT('2D SPACE',''
  ) );
#1945 = ORIENTED_EDGE('',*,*,#1946,.T.);
#1946 = EDGE_CURVE('',#1923,#619,#1947,.T.);
#1947 = SEAM_CURVE('',#1948,(#1952,#1959),.PCURVE_S1.);
#1948 = LINE('',#1949,#1950);
#1949 = CARTESIAN_POINT('',(-9.85,2.,1.65));
#1950 = VECTOR('',#1951,1.);
#1951 = DIRECTION('',(-0.,-0.,-1.));
#1952 = PCURVE('',#635,#1953);
#1953 = DEFINITIONAL_REPRESENTATION('',(#1954),#1958);
#1954 = LINE('',#1955,#1956);
#1955 = CARTESIAN_POINT('',(6.28318530718,0.));
#1956 = VECTOR('',#1957,1.);
#1957 = DIRECTION('',(0.,-1.));
#1958 = ( GEOMETRIC_REPRESENTATION_CONTEXT(2) 
PARAMETRIC_REPRESENTATION_CONTEXT() REPRESENTATION_CONTEXT('2D SPACE',''
  ) );
#1959 = PCURVE('',#635,#1960);
#1960 = DEFINITIONAL_REPRESENTATION('',(#1961),#1965);
#1961 = LINE('',#1962,#1963);
#1962 = CARTESIAN_POINT('',(0.,0.));
#1963 = VECTOR('',#1964,1.);
#1964 = DIRECTION('',(0.,-1.));
#1965 = ( GEOMETRIC_REPRESENTATION_CONTEXT(2) 
PARAMETRIC_REPRESENTATION_CONTEXT() REPRESENTATION_CONTEXT('2D SPACE',''
  ) );
#1966 = ORIENTED_EDGE('',*,*,#618,.T.);
#1967 = ORIENTED_EDGE('',*,*,#1946,.F.);
#1968 = ADVANCED_FACE('',(#1969),#666,.F.);
#1969 = FACE_BOUND('',#1970,.F.);
#1970 = EDGE_LOOP('',(#1971,#2000,#2021,#2022));
#1971 = ORIENTED_EDGE('',*,*,#1972,.F.);
#1972 = EDGE_CURVE('',#1973,#1973,#1975,.T.);
#1973 = VERTEX_POINT('',#1974);
#1974 = CARTESIAN_POINT('',(-7.0403,4.1846,1.3));
#1975 = SURFACE_CURVE('',#1976,(#1981,#1988),.PCURVE_S1.);
#1976 = CIRCLE('',#1977,0.6);
#1977 = AXIS2_PLACEMENT_3D('',#1978,#1979,#1980);
#1978 = CARTESIAN_POINT('',(-7.6403,4.1846,1.3));
#1979 = DIRECTION('',(0.,0.,1.));
#1980 = DIRECTION('',(1.,0.,-0.));
#1981 = PCURVE('',#666,#1982);
#1982 = DEFINITIONAL_REPRESENTATION('',(#1983),#1987);
#1983 = LINE('',#1984,#1985);
#1984 = CARTESIAN_POINT('',(0.,-0.35));
#1985 = VECTOR('',#1986,1.);
#1986 = DIRECTION('',(1.,0.));
#1987 = ( GEOMETRIC_REPRESENTATION_CONTEXT(2) 
PARAMETRIC_REPRESENTATION_CONTEXT() REPRESENTATION_CONTEXT('2D SPACE',''
  ) );
#1988 = PCURVE('',#1989,#1994);
#1989 = PLANE('',#1990);
#1990 = AXIS2_PLACEMENT_3D('',#1991,#1992,#1993);
#1991 = CARTESIAN_POINT('',(-7.6403,4.1846,1.3));
#1992 = DIRECTION('',(0.,0.,1.));
#1993 = DIRECTION('',(1.,0.,0.));
#1994 = DEFINITIONAL_REPRESENTATION('',(#1995),#1999);
#1995 = CIRCLE('',#1996,0.6);
#1996 = AXIS2_PLACEMENT_2D('',#1997,#1998);
#1997 = CARTESIAN_POINT('',(0.,0.));
#1998 = DIRECTION('',(1.,0.));
#1999 = ( GEOMETRIC_REPRESENTATION_CONTEXT(2) 
PARAMETRIC_REPRESENTATION_CONTEXT() REPRESENTATION_CONTEXT('2D SPACE',''
  ) );
#2000 = ORIENTED_EDGE('',*,*,#2001,.T.);
#2001 = EDGE_CURVE('',#1973,#650,#2002,.T.);
#2002 = SEAM_CURVE('',#2003,(#2007,#2014),.PCURVE_S1.);
#2003 = LINE('',#2004,#2005);
#2004 = CARTESIAN_POINT('',(-7.0403,4.1846,1.65));
#2005 = VECTOR('',#2006,1.);
#2006 = DIRECTION('',(-0.,-0.,-1.));
#2007 = PCURVE('',#666,#2008);
#2008 = DEFINITIONAL_REPRESENTATION('',(#2009),#2013);
#2009 = LINE('',#2010,#2011);
#2010 = CARTESIAN_POINT('',(6.28318530718,0.));
#2011 = VECTOR('',#2012,1.);
#2012 = DIRECTION('',(0.,-1.));
#2013 = ( GEOMETRIC_REPRESENTATION_CONTEXT(2) 
PARAMETRIC_REPRESENTATION_CONTEXT() REPRESENTATION_CONTEXT('2D SPACE',''
  ) );
#2014 = PCURVE('',#666,#2015);
#2015 = DEFINITIONAL_REPRESENTATION('',(#2016),#2020);
#2016 = LINE('',#2017,#2018);
#2017 = CARTESIAN_POINT('',(0.,0.));
#2018 = VECTOR('',#2019,1.);
#2019 = DIRECTION('',(0.,-1.));
#2020 = ( GEOMETRIC_REPRESENTATION_CONTEXT(2) 
PARAMETRIC_REPRESENTATION_CONTEXT() REPRESENTATION_CONTEXT('2D SPACE',''
  ) );
#2021 = ORIENTED_EDGE('',*,*,#649,.T.);
#2022 = ORIENTED_EDGE('',*,*,#2001,.F.);
#2023 = ADVANCED_FACE('',(#2024),#697,.F.);
#2024 = FACE_BOUND('',#2025,.F.);
#2025 = EDGE_LOOP('',(#2026,#2055,#2076,#2077));
#2026 = ORIENTED_EDGE('',*,*,#2027,.F.);
#2027 = EDGE_CURVE('',#2028,#2028,#2030,.T.);
#2028 = VERTEX_POINT('',#2029);
#2029 = CARTESIAN_POINT('',(-4.9863,3.789,1.3));
#2030 = SURFACE_CURVE('',#2031,(#2036,#2043),.PCURVE_S1.);
#2031 = CIRCLE('',#2032,0.6);
#2032 = AXIS2_PLACEMENT_3D('',#2033,#2034,#2035);
#2033 = CARTESIAN_POINT('',(-5.5863,3.789,1.3));
#2034 = DIRECTION('',(0.,0.,1.));
#2035 = DIRECTION('',(1.,0.,-0.));
#2036 = PCURVE('',#697,#2037);
#2037 = DEFINITIONAL_REPRESENTATION('',(#2038),#2042);
#2038 = LINE('',#2039,#2040);
#2039 = CARTESIAN_POINT('',(0.,-0.35));
#2040 = VECTOR('',#2041,1.);
#2041 = DIRECTION('',(1.,0.));
#2042 = ( GEOMETRIC_REPRESENTATION_CONTEXT(2) 
PARAMETRIC_REPRESENTATION_CONTEXT() REPRESENTATION_CONTEXT('2D SPACE',''
  ) );
#2043 = PCURVE('',#2044,#2049);
#2044 = PLANE('',#2045);
#2045 = AXIS2_PLACEMENT_3D('',#2046,#2047,#2048);
#2046 = CARTESIAN_POINT('',(-5.5863,3.789,1.3));
#2047 = DIRECTION('',(0.,0.,1.));
#2048 = DIRECTION('',(1.,0.,0.));
#2049 = DEFINITIONAL_REPRESENTATION('',(#2050),#2054);
#2050 = CIRCLE('',#2051,0.6);
#2051 = AXIS2_PLACEMENT_2D('',#2052,#2053);
#2052 = CARTESIAN_POINT('',(0.,0.));
#2053 = DIRECTION('',(1.,0.));
#2054 = ( GEOMETRIC_REPRESENTATION_CONTEXT(2) 
PARAMETRIC_REPRESENTATION_CONTEXT() REPRESENTATION_CONTEXT('2D SPACE',''
  ) );
#2055 = ORIENTED_EDGE('',*,*,#2056,.T.);
#2056 = EDGE_CURVE('',#2028,#681,#2057,.T.);
#2057 = SEAM_CURVE('',#2058,(#2062,#2069),.PCURVE_S1.);
#2058 = LINE('',#2059,#2060);
#2059 = CARTESIAN_POINT('',(-4.9863,3.789,1.65));
#2060 = VECTOR('',#2061,1.);
#2061 = DIRECTION('',(-0.,-0.,-1.));
#2062 = PCURVE('',#697,#2063);
#2063 = DEFINITIONAL_REPRESENTATION('',(#2064),#2068);
#2064 = LINE('',#2065,#2066);
#2065 = CARTESIAN_POINT('',(6.28318530718,0.));
#2066 = VECTOR('',#2067,1.);
#2067 = DIRECTION('',(0.,-1.));
#2068 = ( GEOMETRIC_REPRESENTATION_CONTEXT(2) 
PARAMETRIC_REPRESENTATION_CONTEXT() REPRESENTATION_CONTEXT('2D SPACE',''
  ) );
#2069 = PCURVE('',#697,#2070);
#2070 = DEFINITIONAL_REPRESENTATION('',(#2071),#2075);
#2071 = LINE('',#2072,#2073);
#2072 = CARTESIAN_POINT('',(0.,0.));
#2073 = VECTOR('',#2074,1.);
#2074 = DIRECTION('',(0.,-1.));
#2075 = ( GEOMETRIC_REPRESENTATION_CONTEXT(2) 
PARAMETRIC_REPRESENTATION_CONTEXT() REPRESENTATION_CONTEXT('2D SPACE',''
  ) );
#2076 = ORIENTED_EDGE('',*,*,#680,.T.);
#2077 = ORIENTED_EDGE('',*,*,#2056,.F.);
#2078 = ADVANCED_FACE('',(#2079),#1142,.F.);
#2079 = FACE_BOUND('',#2080,.F.);
#2080 = EDGE_LOOP('',(#2081,#2107,#2108,#2109));
#2081 = ORIENTED_EDGE('',*,*,#2082,.F.);
#2082 = EDGE_CURVE('',#1485,#1506,#2083,.T.);
#2083 = SURFACE_CURVE('',#2084,(#2089,#2096),.PCURVE_S1.);
#2084 = CIRCLE('',#2085,1.1);
#2085 = AXIS2_PLACEMENT_3D('',#2086,#2087,#2088);
#2086 = CARTESIAN_POINT('',(-10.5,2.,1.15));
#2087 = DIRECTION('',(0.,0.,-1.));
#2088 = DIRECTION('',(-0.909090909091,0.416597790451,0.));
#2089 = PCURVE('',#1142,#2090);
#2090 = DEFINITIONAL_REPRESENTATION('',(#2091),#2095);
#2091 = LINE('',#2092,#2093);
#2092 = CARTESIAN_POINT('',(8.995078294618,-0.5));
#2093 = VECTOR('',#2094,1.);
#2094 = DIRECTION('',(-1.,-0.));
#2095 = ( GEOMETRIC_REPRESENTATION_CONTEXT(2) 
PARAMETRIC_REPRESENTATION_CONTEXT() REPRESENTATION_CONTEXT('2D SPACE',''
  ) );
#2096 = PCURVE('',#1520,#2097);
#2097 = DEFINITIONAL_REPRESENTATION('',(#2098),#2106);
#2098 = ( BOUNDED_CURVE() B_SPLINE_CURVE(2,(#2099,#2100,#2101,#2102,
#2103,#2104,#2105),.UNSPECIFIED.,.T.,.F.) B_SPLINE_CURVE_WITH_KNOTS((1,2
    ,2,2,2,1),(-2.094395102393,0.,2.094395102393,4.188790204786,
6.28318530718,8.377580409573),.UNSPECIFIED.) CURVE() 
GEOMETRIC_REPRESENTATION_ITEM() RATIONAL_B_SPLINE_CURVE((1.,0.5,1.,0.5,
1.,0.5,1.)) REPRESENTATION_ITEM('') );
#2099 = CARTESIAN_POINT('',(-1.,0.458257569496));
#2100 = CARTESIAN_POINT('',(-0.206274606681,2.190308377064));
#2101 = CARTESIAN_POINT('',(0.89686269666,0.636896619037));
#2102 = CARTESIAN_POINT('',(2.,-0.916515138991));
#2103 = CARTESIAN_POINT('',(0.10313730334,-1.095154188532));
#2104 = CARTESIAN_POINT('',(-1.793725393319,-1.273793238073));
#2105 = CARTESIAN_POINT('',(-1.,0.458257569496));
#2106 = ( GEOMETRIC_REPRESENTATION_CONTEXT(2) 
PARAMETRIC_REPRESENTATION_CONTEXT() REPRESENTATION_CONTEXT('2D SPACE',''
  ) );
#2107 = ORIENTED_EDGE('',*,*,#1484,.T.);
#2108 = ORIENTED_EDGE('',*,*,#1123,.T.);
#2109 = ORIENTED_EDGE('',*,*,#1531,.F.);
#2110 = ADVANCED_FACE('',(#2111),#973,.F.);
#2111 = FACE_BOUND('',#2112,.F.);
#2112 = EDGE_LOOP('',(#2113,#2139,#2140,#2141));
#2113 = ORIENTED_EDGE('',*,*,#2114,.F.);
#2114 = EDGE_CURVE('',#1391,#1633,#2115,.T.);
#2115 = SURFACE_CURVE('',#2116,(#2121,#2128),.PCURVE_S1.);
#2116 = CIRCLE('',#2117,1.1);
#2117 = AXIS2_PLACEMENT_3D('',#2118,#2119,#2120);
#2118 = CARTESIAN_POINT('',(2.5,4.5,1.15));
#2119 = DIRECTION('',(0.,0.,-1.));
#2120 = DIRECTION('',(0.950311930851,0.31129926772,0.));
#2121 = PCURVE('',#973,#2122);
#2122 = DEFINITIONAL_REPRESENTATION('',(#2123),#2127);
#2123 = LINE('',#2124,#2125);
#2124 = CARTESIAN_POINT('',(6.599745235337,-0.5));
#2125 = VECTOR('',#2126,1.);
#2126 = DIRECTION('',(-1.,-0.));
#2127 = ( GEOMETRIC_REPRESENTATION_CONTEXT(2) 
PARAMETRIC_REPRESENTATION_CONTEXT() REPRESENTATION_CONTEXT('2D SPACE',''
  ) );
#2128 = PCURVE('',#1426,#2129);
#2129 = DEFINITIONAL_REPRESENTATION('',(#2130),#2138);
#2130 = ( BOUNDED_CURVE() B_SPLINE_CURVE(2,(#2131,#2132,#2133,#2134,
#2135,#2136,#2137),.UNSPECIFIED.,.T.,.F.) B_SPLINE_CURVE_WITH_KNOTS((1,2
    ,2,2,2,1),(-2.094395102393,0.,2.094395102393,4.188790204786,
6.28318530718,8.377580409573),.UNSPECIFIED.) CURVE() 
GEOMETRIC_REPRESENTATION_ITEM() RATIONAL_B_SPLINE_CURVE((1.,0.5,1.,0.5,
1.,0.5,1.)) REPRESENTATION_ITEM('') );
#2131 = CARTESIAN_POINT('',(1.045343123936,0.342429194492));
#2132 = CARTESIAN_POINT('',(1.63844788679,-1.468158207508));
#2133 = CARTESIAN_POINT('',(-0.226119180541,-1.076508298246));
#2134 = CARTESIAN_POINT('',(-2.090686247871,-0.684858388983));
#2135 = CARTESIAN_POINT('',(-0.819223943395,0.734079103754));
#2136 = CARTESIAN_POINT('',(0.452238361081,2.153016596491));
#2137 = CARTESIAN_POINT('',(1.045343123936,0.342429194492));
#2138 = ( GEOMETRIC_REPRESENTATION_CONTEXT(2) 
PARAMETRIC_REPRESENTATION_CONTEXT() REPRESENTATION_CONTEXT('2D SPACE',''
  ) );
#2139 = ORIENTED_EDGE('',*,*,#1390,.T.);
#2140 = ORIENTED_EDGE('',*,*,#952,.T.);
#2141 = ORIENTED_EDGE('',*,*,#1653,.F.);
#2142 = ADVANCED_FACE('',(#2143),#1199,.F.);
#2143 = FACE_BOUND('',#2144,.F.);
#2144 = EDGE_LOOP('',(#2145,#2168,#2190,#2191));
#2145 = ORIENTED_EDGE('',*,*,#2146,.T.);
#2146 = EDGE_CURVE('',#1183,#2147,#2149,.T.);
#2147 = VERTEX_POINT('',#2148);
#2148 = CARTESIAN_POINT('',(-8.1,0.,1.3));
#2149 = SEAM_CURVE('',#2150,(#2154,#2161),.PCURVE_S1.);
#2150 = LINE('',#2151,#2152);
#2151 = CARTESIAN_POINT('',(-8.1,0.,1.65));
#2152 = VECTOR('',#2153,1.);
#2153 = DIRECTION('',(-0.,-0.,-1.));
#2154 = PCURVE('',#1199,#2155);
#2155 = DEFINITIONAL_REPRESENTATION('',(#2156),#2160);
#2156 = LINE('',#2157,#2158);
#2157 = CARTESIAN_POINT('',(0.,0.));
#2158 = VECTOR('',#2159,1.);
#2159 = DIRECTION('',(0.,-1.));
#2160 = ( GEOMETRIC_REPRESENTATION_CONTEXT(2) 
PARAMETRIC_REPRESENTATION_CONTEXT() REPRESENTATION_CONTEXT('2D SPACE',''
  ) );
#2161 = PCURVE('',#1199,#2162);
#2162 = DEFINITIONAL_REPRESENTATION('',(#2163),#2167);
#2163 = LINE('',#2164,#2165);
#2164 = CARTESIAN_POINT('',(6.28318530718,0.));
#2165 = VECTOR('',#2166,1.);
#2166 = DIRECTION('',(0.,-1.));
#2167 = ( GEOMETRIC_REPRESENTATION_CONTEXT(2) 
PARAMETRIC_REPRESENTATION_CONTEXT() REPRESENTATION_CONTEXT('2D SPACE',''
  ) );
#2168 = ORIENTED_EDGE('',*,*,#2169,.T.);
#2169 = EDGE_CURVE('',#2147,#2147,#2170,.T.);
#2170 = SURFACE_CURVE('',#2171,(#2176,#2183),.PCURVE_S1.);
#2171 = CIRCLE('',#2172,0.9);
#2172 = AXIS2_PLACEMENT_3D('',#2173,#2174,#2175);
#2173 = CARTESIAN_POINT('',(-9.,0.,1.3));
#2174 = DIRECTION('',(0.,0.,1.));
#2175 = DIRECTION('',(1.,0.,0.));
#2176 = PCURVE('',#1199,#2177);
#2177 = DEFINITIONAL_REPRESENTATION('',(#2178),#2182);
#2178 = LINE('',#2179,#2180);
#2179 = CARTESIAN_POINT('',(0.,-0.35));
#2180 = VECTOR('',#2181,1.);
#2181 = DIRECTION('',(1.,0.));
#2182 = ( GEOMETRIC_REPRESENTATION_CONTEXT(2) 
PARAMETRIC_REPRESENTATION_CONTEXT() REPRESENTATION_CONTEXT('2D SPACE',''
  ) );
#2183 = PCURVE('',#1802,#2184);
#2184 = DEFINITIONAL_REPRESENTATION('',(#2185),#2189);
#2185 = CIRCLE('',#2186,0.9);
#2186 = AXIS2_PLACEMENT_2D('',#2187,#2188);
#2187 = CARTESIAN_POINT('',(2.374028007881E-17,-1.07411561832E-17));
#2188 = DIRECTION('',(1.,0.));
#2189 = ( GEOMETRIC_REPRESENTATION_CONTEXT(2) 
PARAMETRIC_REPRESENTATION_CONTEXT() REPRESENTATION_CONTEXT('2D SPACE',''
  ) );
#2190 = ORIENTED_EDGE('',*,*,#2146,.F.);
#2191 = ORIENTED_EDGE('',*,*,#1182,.F.);
#2192 = ADVANCED_FACE('',(#2193),#1230,.F.);
#2193 = FACE_BOUND('',#2194,.F.);
#2194 = EDGE_LOOP('',(#2195,#2218,#2240,#2241));
#2195 = ORIENTED_EDGE('',*,*,#2196,.T.);
#2196 = EDGE_CURVE('',#1214,#2197,#2199,.T.);
#2197 = VERTEX_POINT('',#2198);
#2198 = CARTESIAN_POINT('',(0.9,0.,1.3));
#2199 = SEAM_CURVE('',#2200,(#2204,#2211),.PCURVE_S1.);
#2200 = LINE('',#2201,#2202);
#2201 = CARTESIAN_POINT('',(0.9,0.,1.65));
#2202 = VECTOR('',#2203,1.);
#2203 = DIRECTION('',(-0.,-0.,-1.));
#2204 = PCURVE('',#1230,#2205);
#2205 = DEFINITIONAL_REPRESENTATION('',(#2206),#2210);
#2206 = LINE('',#2207,#2208);
#2207 = CARTESIAN_POINT('',(0.,0.));
#2208 = VECTOR('',#2209,1.);
#2209 = DIRECTION('',(0.,-1.));
#2210 = ( GEOMETRIC_REPRESENTATION_CONTEXT(2) 
PARAMETRIC_REPRESENTATION_CONTEXT() REPRESENTATION_CONTEXT('2D SPACE',''
  ) );
#2211 = PCURVE('',#1230,#2212);
#2212 = DEFINITIONAL_REPRESENTATION('',(#2213),#2217);
#2213 = LINE('',#2214,#2215);
#2214 = CARTESIAN_POINT('',(6.28318530718,0.));
#2215 = VECTOR('',#2216,1.);
#2216 = DIRECTION('',(0.,-1.));
#2217 = ( GEOMETRIC_REPRESENTATION_CONTEXT(2) 
PARAMETRIC_REPRESENTATION_CONTEXT() REPRESENTATION_CONTEXT('2D SPACE',''
  ) );
#2218 = ORIENTED_EDGE('',*,*,#2219,.T.);
#2219 = EDGE_CURVE('',#2197,#2197,#2220,.T.);
#2220 = SURFACE_CURVE('',#2221,(#2226,#2233),.PCURVE_S1.);
#2221 = CIRCLE('',#2222,0.9);
#2222 = AXIS2_PLACEMENT_3D('',#2223,#2224,#2225);
#2223 = CARTESIAN_POINT('',(0.,0.,1.3));
#2224 = DIRECTION('',(0.,0.,1.));
#2225 = DIRECTION('',(1.,0.,0.));
#2226 = PCURVE('',#1230,#2227);
#2227 = DEFINITIONAL_REPRESENTATION('',(#2228),#2232);
#2228 = LINE('',#2229,#2230);
#2229 = CARTESIAN_POINT('',(0.,-0.35));
#2230 = VECTOR('',#2231,1.);
#2231 = DIRECTION('',(1.,0.));
#2232 = ( GEOMETRIC_REPRESENTATION_CONTEXT(2) 
PARAMETRIC_REPRESENTATION_CONTEXT() REPRESENTATION_CONTEXT('2D SPACE',''
  ) );
#2233 = PCURVE('',#1857,#2234);
#2234 = DEFINITIONAL_REPRESENTATION('',(#2235),#2239);
#2235 = CIRCLE('',#2236,0.9);
#2236 = AXIS2_PLACEMENT_2D('',#2237,#2238);
#2237 = CARTESIAN_POINT('',(2.374028007881E-17,-1.07411561832E-17));
#2238 = DIRECTION('',(1.,0.));
#2239 = ( GEOMETRIC_REPRESENTATION_CONTEXT(2) 
PARAMETRIC_REPRESENTATION_CONTEXT() REPRESENTATION_CONTEXT('2D SPACE',''
  ) );
#2240 = ORIENTED_EDGE('',*,*,#2196,.F.);
#2241 = ORIENTED_EDGE('',*,*,#1213,.F.);
#2242 = ADVANCED_FACE('',(#2243),#1287,.F.);
#2243 = FACE_BOUND('',#2244,.F.);
#2244 = EDGE_LOOP('',(#2245,#2268,#2290,#2291));
#2245 = ORIENTED_EDGE('',*,*,#2246,.T.);
#2246 = EDGE_CURVE('',#1271,#2247,#2249,.T.);
#2247 = VERTEX_POINT('',#2248);
#2248 = CARTESIAN_POINT('',(-6.7403,4.1846,1.3));
#2249 = SEAM_CURVE('',#2250,(#2254,#2261),.PCURVE_S1.);
#2250 = LINE('',#2251,#2252);
#2251 = CARTESIAN_POINT('',(-6.7403,4.1846,1.65));
#2252 = VECTOR('',#2253,1.);
#2253 = DIRECTION('',(-0.,-0.,-1.));
#2254 = PCURVE('',#1287,#2255);
#2255 = DEFINITIONAL_REPRESENTATION('',(#2256),#2260);
#2256 = LINE('',#2257,#2258);
#2257 = CARTESIAN_POINT('',(0.,0.));
#2258 = VECTOR('',#2259,1.);
#2259 = DIRECTION('',(0.,-1.));
#2260 = ( GEOMETRIC_REPRESENTATION_CONTEXT(2) 
PARAMETRIC_REPRESENTATION_CONTEXT() REPRESENTATION_CONTEXT('2D SPACE',''
  ) );
#2261 = PCURVE('',#1287,#2262);
#2262 = DEFINITIONAL_REPRESENTATION('',(#2263),#2267);
#2263 = LINE('',#2264,#2265);
#2264 = CARTESIAN_POINT('',(6.28318530718,0.));
#2265 = VECTOR('',#2266,1.);
#2266 = DIRECTION('',(0.,-1.));
#2267 = ( GEOMETRIC_REPRESENTATION_CONTEXT(2) 
PARAMETRIC_REPRESENTATION_CONTEXT() REPRESENTATION_CONTEXT('2D SPACE',''
  ) );
#2268 = ORIENTED_EDGE('',*,*,#2269,.T.);
#2269 = EDGE_CURVE('',#2247,#2247,#2270,.T.);
#2270 = SURFACE_CURVE('',#2271,(#2276,#2283),.PCURVE_S1.);
#2271 = CIRCLE('',#2272,0.9);
#2272 = AXIS2_PLACEMENT_3D('',#2273,#2274,#2275);
#2273 = CARTESIAN_POINT('',(-7.6403,4.1846,1.3));
#2274 = DIRECTION('',(0.,0.,1.));
#2275 = DIRECTION('',(1.,0.,0.));
#2276 = PCURVE('',#1287,#2277);
#2277 = DEFINITIONAL_REPRESENTATION('',(#2278),#2282);
#2278 = LINE('',#2279,#2280);
#2279 = CARTESIAN_POINT('',(0.,-0.35));
#2280 = VECTOR('',#2281,1.);
#2281 = DIRECTION('',(1.,0.));
#2282 = ( GEOMETRIC_REPRESENTATION_CONTEXT(2) 
PARAMETRIC_REPRESENTATION_CONTEXT() REPRESENTATION_CONTEXT('2D SPACE',''
  ) );
#2283 = PCURVE('',#1989,#2284);
#2284 = DEFINITIONAL_REPRESENTATION('',(#2285),#2289);
#2285 = CIRCLE('',#2286,0.9);
#2286 = AXIS2_PLACEMENT_2D('',#2287,#2288);
#2287 = CARTESIAN_POINT('',(2.374028007881E-17,-1.07411561832E-17));
#2288 = DIRECTION('',(1.,0.));
#2289 = ( GEOMETRIC_REPRESENTATION_CONTEXT(2) 
PARAMETRIC_REPRESENTATION_CONTEXT() REPRESENTATION_CONTEXT('2D SPACE',''
  ) );
#2290 = ORIENTED_EDGE('',*,*,#2246,.F.);
#2291 = ORIENTED_EDGE('',*,*,#1270,.F.);
#2292 = ADVANCED_FACE('',(#2293),#1318,.F.);
#2293 = FACE_BOUND('',#2294,.F.);
#2294 = EDGE_LOOP('',(#2295,#2318,#2340,#2341));
#2295 = ORIENTED_EDGE('',*,*,#2296,.T.);
#2296 = EDGE_CURVE('',#1302,#2297,#2299,.T.);
#2297 = VERTEX_POINT('',#2298);
#2298 = CARTESIAN_POINT('',(-4.6863,3.789,1.3));
#2299 = SEAM_CURVE('',#2300,(#2304,#2311),.PCURVE_S1.);
#2300 = LINE('',#2301,#2302);
#2301 = CARTESIAN_POINT('',(-4.6863,3.789,1.65));
#2302 = VECTOR('',#2303,1.);
#2303 = DIRECTION('',(-0.,-0.,-1.));
#2304 = PCURVE('',#1318,#2305);
#2305 = DEFINITIONAL_REPRESENTATION('',(#2306),#2310);
#2306 = LINE('',#2307,#2308);
#2307 = CARTESIAN_POINT('',(0.,0.));
#2308 = VECTOR('',#2309,1.);
#2309 = DIRECTION('',(0.,-1.));
#2310 = ( GEOMETRIC_REPRESENTATION_CONTEXT(2) 
PARAMETRIC_REPRESENTATION_CONTEXT() REPRESENTATION_CONTEXT('2D SPACE',''
  ) );
#2311 = PCURVE('',#1318,#2312);
#2312 = DEFINITIONAL_REPRESENTATION('',(#2313),#2317);
#2313 = LINE('',#2314,#2315);
#2314 = CARTESIAN_POINT('',(6.28318530718,0.));
#2315 = VECTOR('',#2316,1.);
#2316 = DIRECTION('',(0.,-1.));
#2317 = ( GEOMETRIC_REPRESENTATION_CONTEXT(2) 
PARAMETRIC_REPRESENTATION_CONTEXT() REPRESENTATION_CONTEXT('2D SPACE',''
  ) );
#2318 = ORIENTED_EDGE('',*,*,#2319,.T.);
#2319 = EDGE_CURVE('',#2297,#2297,#2320,.T.);
#2320 = SURFACE_CURVE('',#2321,(#2326,#2333),.PCURVE_S1.);
#2321 = CIRCLE('',#2322,0.9);
#2322 = AXIS2_PLACEMENT_3D('',#2323,#2324,#2325);
#2323 = CARTESIAN_POINT('',(-5.5863,3.789,1.3));
#2324 = DIRECTION('',(0.,0.,1.));
#2325 = DIRECTION('',(1.,0.,0.));
#2326 = PCURVE('',#1318,#2327);
#2327 = DEFINITIONAL_REPRESENTATION('',(#2328),#2332);
#2328 = LINE('',#2329,#2330);
#2329 = CARTESIAN_POINT('',(0.,-0.35));
#2330 = VECTOR('',#2331,1.);
#2331 = DIRECTION('',(1.,0.));
#2332 = ( GEOMETRIC_REPRESENTATION_CONTEXT(2) 
PARAMETRIC_REPRESENTATION_CONTEXT() REPRESENTATION_CONTEXT('2D SPACE',''
  ) );
#2333 = PCURVE('',#2044,#2334);
#2334 = DEFINITIONAL_REPRESENTATION('',(#2335),#2339);
#2335 = CIRCLE('',#2336,0.9);
#2336 = AXIS2_PLACEMENT_2D('',#2337,#2338);
#2337 = CARTESIAN_POINT('',(2.374028007881E-17,-1.07411561832E-17));
#2338 = DIRECTION('',(1.,0.));
#2339 = ( GEOMETRIC_REPRESENTATION_CONTEXT(2) 
PARAMETRIC_REPRESENTATION_CONTEXT() REPRESENTATION_CONTEXT('2D SPACE',''
  ) );
#2340 = ORIENTED_EDGE('',*,*,#2296,.F.);
#2341 = ORIENTED_EDGE('',*,*,#1301,.F.);
#2342 = ADVANCED_FACE('',(#2343),#1426,.T.);
#2343 = FACE_BOUND('',#2344,.T.);
#2344 = EDGE_LOOP('',(#2345,#2346,#2347,#2348));
#2345 = ORIENTED_EDGE('',*,*,#1632,.T.);
#2346 = ORIENTED_EDGE('',*,*,#2114,.F.);
#2347 = ORIENTED_EDGE('',*,*,#1411,.T.);
#2348 = ORIENTED_EDGE('',*,*,#1578,.F.);
#2349 = ADVANCED_FACE('',(#2350,#2354),#1520,.T.);
#2350 = FACE_BOUND('',#2351,.T.);
#2351 = EDGE_LOOP('',(#2352,#2353));
#2352 = ORIENTED_EDGE('',*,*,#1505,.T.);
#2353 = ORIENTED_EDGE('',*,*,#2082,.F.);
#2354 = FACE_BOUND('',#2355,.T.);
#2355 = EDGE_LOOP('',(#2356));
#2356 = ORIENTED_EDGE('',*,*,#1922,.F.);
#2357 = ADVANCED_FACE('',(#2358,#2361),#1802,.T.);
#2358 = FACE_BOUND('',#2359,.T.);
#2359 = EDGE_LOOP('',(#2360));
#2360 = ORIENTED_EDGE('',*,*,#2169,.T.);
#2361 = FACE_BOUND('',#2362,.T.);
#2362 = EDGE_LOOP('',(#2363));
#2363 = ORIENTED_EDGE('',*,*,#1785,.F.);
#2364 = ADVANCED_FACE('',(#2365,#2368),#1857,.T.);
#2365 = FACE_BOUND('',#2366,.T.);
#2366 = EDGE_LOOP('',(#2367));
#2367 = ORIENTED_EDGE('',*,*,#2219,.T.);
#2368 = FACE_BOUND('',#2369,.T.);
#2369 = EDGE_LOOP('',(#2370));
#2370 = ORIENTED_EDGE('',*,*,#1840,.F.);
#2371 = ADVANCED_FACE('',(#2372,#2375),#1989,.T.);
#2372 = FACE_BOUND('',#2373,.T.);
#2373 = EDGE_LOOP('',(#2374));
#2374 = ORIENTED_EDGE('',*,*,#2269,.T.);
#2375 = FACE_BOUND('',#2376,.T.);
#2376 = EDGE_LOOP('',(#2377));
#2377 = ORIENTED_EDGE('',*,*,#1972,.F.);
#2378 = ADVANCED_FACE('',(#2379,#2382),#2044,.T.);
#2379 = FACE_BOUND('',#2380,.T.);
#2380 = EDGE_LOOP('',(#2381));
#2381 = ORIENTED_EDGE('',*,*,#2319,.T.);
#2382 = FACE_BOUND('',#2383,.T.);
#2383 = EDGE_LOOP('',(#2384));
#2384 = ORIENTED_EDGE('',*,*,#2027,.F.);
#2385 = ( GEOMETRIC_REPRESENTATION_CONTEXT(3) 
GLOBAL_UNCERTAINTY_ASSIGNED_CONTEXT((#2389)) 
GLOBAL_UNIT_ASSIGNED_CONTEXT((#2386,#2387,#2388)) REPRESENTATION_CONTEXT
('Context #1','3D Context with UNIT and UNCERTAINTY') );
#2386 = ( LENGTH_UNIT() NAMED_UNIT(*) SI_UNIT(.MILLI.,.METRE.) );
#2387 = ( NAMED_UNIT(*) PLANE_ANGLE_UNIT() SI_UNIT($,.RADIAN.) );
#2388 = ( NAMED_UNIT(*) SI_UNIT($,.STERADIAN.) SOLID_ANGLE_UNIT() );
#2389 = UNCERTAINTY_MEASURE_WITH_UNIT(LENGTH_MEASURE(1.E-07),#2386,
  'distance_accuracy_value','confusion accuracy');
#2390 = CONTEXT_DEPENDENT_SHAPE_REPRESENTATION(#2391,#2393);
#2391 = ( REPRESENTATION_RELATIONSHIP('','',#32,#10) 
REPRESENTATION_RELATIONSHIP_WITH_TRANSFORMATION(#2392) 
SHAPE_REPRESENTATION_RELATIONSHIP() );
#2392 = ITEM_DEFINED_TRANSFORMATION('','',#11,#15);
#2393 = PRODUCT_DEFINITION_SHAPE('Placement','Placement of an item',
  #2394);
#2394 = NEXT_ASSEMBLY_USAGE_OCCURRENCE('1','=>[0:1:1:2]','',#5,#27,$);
#2395 = PRODUCT_RELATED_PRODUCT_CATEGORY('part',$,(#29));
#2396 = MECHANICAL_DESIGN_GEOMETRIC_PRESENTATION_REPRESENTATION('',(
    #2397),#2385);
#2397 = STYLED_ITEM('color',(#2398),#33);
#2398 = PRESENTATION_STYLE_ASSIGNMENT((#2399));
#2399 = SURFACE_STYLE_USAGE(.BOTH.,#2400);
#2400 = SURFACE_SIDE_STYLE('',(#2401));
#2401 = SURFACE_STYLE_FILL_AREA(#2402);
#2402 = FILL_AREA_STYLE('',(#2403));
#2403 = FILL_AREA_STYLE_COLOUR('',#2404);
#2404 = COLOUR_RGB('',0.847058829703,0.870588215908,0.913725491704);
ENDSEC;
END-ISO-10303-21;
