ISO-10303-21;
HEADER;
FILE_DESCRIPTION(('Open CASCADE Model'),'2;1');
FILE_NAME('winding_mechanism','2000-01-01T00:00:00',('Author'),(
    'Open CASCADE'),'Open CASCADE STEP processor 7.9','cadgen','Unknown'
  );
FILE_SCHEMA(('AUTOMOTIVE_DESIGN { 1 0 10303 214 1 1 1 1 }'));
ENDSEC;
DATA;
#1 = APPLICATION_PROTOCOL_DEFINITION('international standard',
  'automotive_design',2000,#2);
#2 = APPLICATION_CONTEXT(
  'core data for automotive mechanical design processes');
#3 = SHAPE_DEFINITION_REPRESENTATION(#4,#10);
#4 = PRODUCT_DEFINITION_SHAPE('','',#5);
#5 = PRODUCT_DEFINITION('design','',#6,#9);
#6 = PRODUCT_DEFINITION_FORMATION('','',#7);
#7 = PRODUCT('=>[0:1:1:2]','=>[0:1:1:2]','',(#8));
#8 = PRODUCT_CONTEXT('',#2,'mechanical');
#9 = PRODUCT_DEFINITION_CONTEXT('part definition',#2,'design');
#10 = SHAPE_REPRESENTATION('',(#11,#15),#19);
#11 = AXIS2_PLACEMENT_3D('',#12,#13,#14);
#12 = CARTESIAN_POINT('',(0.,0.,0.));
#13 = DIRECTION('',(0.,0.,1.));
#14 = DIRECTION('',(1.,0.,-0.));
#15 = AXIS2_PLACEMENT_3D('',#16,#17,#18);
#16 = CARTESIAN_POINT('',(0.,0.,0.));
#17 = DIRECTION('',(0.,0.,1.));
#18 = DIRECTION('',(1.,0.,0.));
#19 = ( GEOMETRIC_REPRESENTATION_CONTEXT(3) 
GLOBAL_UNCERTAINTY_ASSIGNED_CONTEXT((#23)) GLOBAL_UNIT_ASSIGNED_CONTEXT(
(#20,#21,#22)) REPRESENTATION_CONTEXT('Context #1',
  '3D Context with UNIT and UNCERTAINTY') );
#20 = ( LENGTH_UNIT() NAMED_UNIT(*) SI_UNIT(.MILLI.,.METRE.) );
#21 = ( NAMED_UNIT(*) PLANE_ANGLE_UNIT() SI_UNIT($,.RADIAN.) );
#22 = ( NAMED_UNIT(*) SI_UNIT($,.STERADIAN.) SOLID_ANGLE_UNIT() );
#23 = UNCERTAINTY_MEASURE_WITH_UNIT(LENGTH_MEASURE(2.E-07),#20,
  'distance_accuracy_value','confusion accuracy');
#24 = PRODUCT_RELATED_PRODUCT_CATEGORY('part',$,(#7));
#25 = SHAPE_DEFINITION_REPRESENTATION(#26,#32);
#26 = PRODUCT_DEFINITION_SHAPE('','',#27);
#27 = PRODUCT_DEFINITION('design','',#28,#31);
#28 = PRODUCT_DEFINITION_FORMATION('','',#29);
#29 = PRODUCT('winding_mechanism','winding_mechanism','',(#30));
#30 = PRODUCT_CONTEXT('',#2,'mechanical');
#31 = PRODUCT_DEFINITION_CONTEXT('part definition',#2,'design');
#32 = ADVANCED_BREP_SHAPE_REPRESENTATION('',(#11,#33),#5983);
#33 = MANIFOLD_SOLID_BREP('',#34);
#34 = CLOSED_SHELL('',(#35,#123,#127,#309,#383,#911,#984,#1292,#1327,
    #1382,#1386,#1593,#1664,#1737,#1861,#1957,#2030,#2103,#2328,#2363,
    #2418,#2422,#2472,#2651,#2777,#2853,#2974,#3106,#3179,#3348,#3399,
    #3446,#3474,#3526,#3647,#3784,#3819,#3874,#3878,#3905,#3931,#3965,
    #4014,#4062,#4110,#4230,#4285,#4320,#4375,#4379,#4404,#4494,#4568,
    #4681,#4706,#4840,#4911,#4960,#5009,#5036,#5065,#5092,#5117,#5155,
    #5181,#5208,#5233,#5368,#5580,#5656,#5727,#5754,#5781,#5788,#5823,
    #5878,#5913,#5968,#5972));
#35 = ADVANCED_FACE('',(#36),#49,.T.);
#36 = FACE_BOUND('',#37,.T.);
#37 = EDGE_LOOP('',(#38,#72,#95,#122));
#38 = ORIENTED_EDGE('',*,*,#39,.F.);
#39 = EDGE_CURVE('',#40,#40,#42,.T.);
#40 = VERTEX_POINT('',#41);
#41 = CARTESIAN_POINT('',(10.5,-2.5,-1.15));
#42 = SURFACE_CURVE('',#43,(#48,#60),.PCURVE_S1.);
#43 = CIRCLE('',#44,0.35);
#44 = AXIS2_PLACEMENT_3D('',#45,#46,#47);
#45 = CARTESIAN_POINT('',(10.5,-2.5,-0.8));
#46 = DIRECTION('',(1.,0.,0.));
#47 = DIRECTION('',(0.,0.,-1.));
#48 = PCURVE('',#49,#54);
#49 = CYLINDRICAL_SURFACE('',#50,0.35);
#50 = AXIS2_PLACEMENT_3D('',#51,#52,#53);
#51 = CARTESIAN_POINT('',(8.9,-2.5,-0.8));
#52 = DIRECTION('',(1.,0.,0.));
#53 = DIRECTION('',(0.,0.,-1.));
#54 = DEFINITIONAL_REPRESENTATION('',(#55),#59);
#55 = LINE('',#56,#57);
#56 = CARTESIAN_POINT('',(0.,1.6));
#57 = VECTOR('',#58,1.);
#58 = DIRECTION('',(1.,0.));
#59 = ( GEOMETRIC_REPRESENTATION_CONTEXT(2) 
PARAMETRIC_REPRESENTATION_CONTEXT() REPRESENTATION_CONTEXT('2D SPACE',''
  ) );
#60 = PCURVE('',#61,#66);
#61 = PLANE('',#62);
#62 = AXIS2_PLACEMENT_3D('',#63,#64,#65);
#63 = CARTESIAN_POINT('',(10.5,-2.5,-0.8));
#64 = DIRECTION('',(1.,0.,0.));
#65 = DIRECTION('',(0.,0.,-1.));
#66 = DEFINITIONAL_REPRESENTATION('',(#67),#71);
#67 = CIRCLE('',#68,0.35);
#68 = AXIS2_PLACEMENT_2D('',#69,#70);
#69 = CARTESIAN_POINT('',(0.,0.));
#70 = DIRECTION('',(1.,0.));
#71 = ( GEOMETRIC_REPRESENTATION_CONTEXT(2) 
PARAMETRIC_REPRESENTATION_CONTEXT() REPRESENTATION_CONTEXT('2D SPACE',''
  ) );
#72 = ORIENTED_EDGE('',*,*,#73,.F.);
#73 = EDGE_CURVE('',#74,#40,#76,.T.);
#74 = VERTEX_POINT('',#75);
#75 = CARTESIAN_POINT('',(8.9,-2.5,-1.15));
#76 = SEAM_CURVE('',#77,(#81,#88),.PCURVE_S1.);
#77 = LINE('',#78,#79);
#78 = CARTESIAN_POINT('',(8.9,-2.5,-1.15));
#79 = VECTOR('',#80,1.);
#80 = DIRECTION('',(1.,0.,0.));
#81 = PCURVE('',#49,#82);
#82 = DEFINITIONAL_REPRESENTATION('',(#83),#87);
#83 = LINE('',#84,#85);
#84 = CARTESIAN_POINT('',(6.28318530718,-0.));
#85 = VECTOR('',#86,1.);
#86 = DIRECTION('',(0.,1.));
#87 = ( GEOMETRIC_REPRESENTATION_CONTEXT(2) 
PARAMETRIC_REPRESENTATION_CONTEXT() REPRESENTATION_CONTEXT('2D SPACE',''
  ) );
#88 = PCURVE('',#49,#89);
#89 = DEFINITIONAL_REPRESENTATION('',(#90),#94);
#90 = LINE('',#91,#92);
#91 = CARTESIAN_POINT('',(0.,-0.));
#92 = VECTOR('',#93,1.);
#93 = DIRECTION('',(0.,1.));
#94 = ( GEOMETRIC_REPRESENTATION_CONTEXT(2) 
PARAMETRIC_REPRESENTATION_CONTEXT() REPRESENTATION_CONTEXT('2D SPACE',''
  ) );
#95 = ORIENTED_EDGE('',*,*,#96,.T.);
#96 = EDGE_CURVE('',#74,#74,#97,.T.);
#97 = SURFACE_CURVE('',#98,(#103,#110),.PCURVE_S1.);
#98 = CIRCLE('',#99,0.35);
#99 = AXIS2_PLACEMENT_3D('',#100,#101,#102);
#100 = CARTESIAN_POINT('',(8.9,-2.5,-0.8));
#101 = DIRECTION('',(1.,-0.,0.));
#102 = DIRECTION('',(0.,0.,-1.));
#103 = PCURVE('',#49,#104);
#104 = DEFINITIONAL_REPRESENTATION('',(#105),#109);
#105 = LINE('',#106,#107);
#106 = CARTESIAN_POINT('',(0.,0.));
#107 = VECTOR('',#108,1.);
#108 = DIRECTION('',(1.,0.));
#109 = ( GEOMETRIC_REPRESENTATION_CONTEXT(2) 
PARAMETRIC_REPRESENTATION_CONTEXT() REPRESENTATION_CONTEXT('2D SPACE',''
  ) );
#110 = PCURVE('',#111,#116);
#111 = PLANE('',#112);
#112 = AXIS2_PLACEMENT_3D('',#113,#114,#115);
#113 = CARTESIAN_POINT('',(8.9,-2.5,-0.8));
#114 = DIRECTION('',(1.,0.,0.));
#115 = DIRECTION('',(0.,0.,-1.));
#116 = DEFINITIONAL_REPRESENTATION('',(#117),#121);
#117 = CIRCLE('',#118,0.35);
#118 = AXIS2_PLACEMENT_2D('',#119,#120);
#119 = CARTESIAN_POINT('',(0.,0.));
#120 = DIRECTION('',(1.,0.));
#121 = ( GEOMETRIC_REPRESENTATION_CONTEXT(2) 
PARAMETRIC_REPRESENTATION_CONTEXT() REPRESENTATION_CONTEXT('2D SPACE',''
  ) );
#122 = ORIENTED_EDGE('',*,*,#73,.T.);
#123 = ADVANCED_FACE('',(#124),#111,.F.);
#124 = FACE_BOUND('',#125,.T.);
#125 = EDGE_LOOP('',(#126));
#126 = ORIENTED_EDGE('',*,*,#96,.F.);
#127 = ADVANCED_FACE('',(#128,#306),#61,.F.);
#128 = FACE_BOUND('',#129,.F.);
#129 = EDGE_LOOP('',(#130,#165,#193,#221,#249,#282));
#130 = ORIENTED_EDGE('',*,*,#131,.F.);
#131 = EDGE_CURVE('',#132,#134,#136,.T.);
#132 = VERTEX_POINT('',#133);
#133 = CARTESIAN_POINT('',(10.5,-1.21961919727,-1.025));
#134 = VERTEX_POINT('',#135);
#135 = CARTESIAN_POINT('',(10.5,-3.793082142639,-0.93393495581));
#136 = SURFACE_CURVE('',#137,(#142,#153),.PCURVE_S1.);
#137 = CIRCLE('',#138,1.3);
#138 = AXIS2_PLACEMENT_3D('',#139,#140,#141);
#139 = CARTESIAN_POINT('',(10.5,-2.5,-0.8));
#140 = DIRECTION('',(-1.,0.,0.));
#141 = DIRECTION('',(0.,0.984908309792,-0.173076923077));
#142 = PCURVE('',#61,#143);
#143 = DEFINITIONAL_REPRESENTATION('',(#144),#152);
#144 = ( BOUNDED_CURVE() B_SPLINE_CURVE(2,(#145,#146,#147,#148,#149,#150
,#151),.UNSPECIFIED.,.T.,.F.) B_SPLINE_CURVE_WITH_KNOTS((1,2,2,2,2,1),(
    -2.094395102393,0.,2.094395102393,4.188790204786,6.28318530718,
8.377580409573),.UNSPECIFIED.) CURVE() GEOMETRIC_REPRESENTATION_ITEM() 
RATIONAL_B_SPLINE_CURVE((1.,0.5,1.,0.5,1.,0.5,1.)) REPRESENTATION_ITEM(
  '') );
#145 = CARTESIAN_POINT('',(0.225,1.28038080273));
#146 = CARTESIAN_POINT('',(2.442684603365,0.890669371027));
#147 = CARTESIAN_POINT('',(0.996342301682,-0.835046117217));
#148 = CARTESIAN_POINT('',(-0.45,-2.56076160546));
#149 = CARTESIAN_POINT('',(-1.221342301682,-0.445334685514));
#150 = CARTESIAN_POINT('',(-1.992684603364,1.670092234433));
#151 = CARTESIAN_POINT('',(0.225,1.28038080273));
#152 = ( GEOMETRIC_REPRESENTATION_CONTEXT(2) 
PARAMETRIC_REPRESENTATION_CONTEXT() REPRESENTATION_CONTEXT('2D SPACE',''
  ) );
#153 = PCURVE('',#154,#159);
#154 = CYLINDRICAL_SURFACE('',#155,1.3);
#155 = AXIS2_PLACEMENT_3D('',#156,#157,#158);
#156 = CARTESIAN_POINT('',(10.5,-2.5,-0.8));
#157 = DIRECTION('',(1.,0.,0.));
#158 = DIRECTION('',(0.,0.,-1.));
#159 = DEFINITIONAL_REPRESENTATION('',(#160),#164);
#160 = LINE('',#161,#162);
#161 = CARTESIAN_POINT('',(7.680028746258,0.));
#162 = VECTOR('',#163,1.);
#163 = DIRECTION('',(-1.,-0.));
#164 = ( GEOMETRIC_REPRESENTATION_CONTEXT(2) 
PARAMETRIC_REPRESENTATION_CONTEXT() REPRESENTATION_CONTEXT('2D SPACE',''
  ) );
#165 = ORIENTED_EDGE('',*,*,#166,.T.);
#166 = EDGE_CURVE('',#132,#167,#169,.T.);
#167 = VERTEX_POINT('',#168);
#168 = CARTESIAN_POINT('',(10.5,-0.875,-1.025));
#169 = SURFACE_CURVE('',#170,(#174,#181),.PCURVE_S1.);
#170 = LINE('',#171,#172);
#171 = CARTESIAN_POINT('',(10.5,-1.725,-1.025));
#172 = VECTOR('',#173,1.);
#173 = DIRECTION('',(0.,1.,0.));
#174 = PCURVE('',#61,#175);
#175 = DEFINITIONAL_REPRESENTATION('',(#176),#180);
#176 = LINE('',#177,#178);
#177 = CARTESIAN_POINT('',(0.225,0.775));
#178 = VECTOR('',#179,1.);
#179 = DIRECTION('',(0.,1.));
#180 = ( GEOMETRIC_REPRESENTATION_CONTEXT(2) 
PARAMETRIC_REPRESENTATION_CONTEXT() REPRESENTATION_CONTEXT('2D SPACE',''
  ) );
#181 = PCURVE('',#182,#187);
#182 = PLANE('',#183);
#183 = AXIS2_PLACEMENT_3D('',#184,#185,#186);
#184 = CARTESIAN_POINT('',(10.5,-1.725,-1.025));
#185 = DIRECTION('',(0.,0.,1.));
#186 = DIRECTION('',(1.,0.,0.));
#187 = DEFINITIONAL_REPRESENTATION('',(#188),#192);
#188 = LINE('',#189,#190);
#189 = CARTESIAN_POINT('',(0.,0.));
#190 = VECTOR('',#191,1.);
#191 = DIRECTION('',(0.,1.));
#192 = ( GEOMETRIC_REPRESENTATION_CONTEXT(2) 
PARAMETRIC_REPRESENTATION_CONTEXT() REPRESENTATION_CONTEXT('2D SPACE',''
  ) );
#193 = ORIENTED_EDGE('',*,*,#194,.T.);
#194 = EDGE_CURVE('',#167,#195,#197,.T.);
#195 = VERTEX_POINT('',#196);
#196 = CARTESIAN_POINT('',(10.5,-0.875,-0.175));
#197 = SURFACE_CURVE('',#198,(#202,#209),.PCURVE_S1.);
#198 = LINE('',#199,#200);
#199 = CARTESIAN_POINT('',(10.5,-0.875,-1.025));
#200 = VECTOR('',#201,1.);
#201 = DIRECTION('',(0.,0.,1.));
#202 = PCURVE('',#61,#203);
#203 = DEFINITIONAL_REPRESENTATION('',(#204),#208);
#204 = LINE('',#205,#206);
#205 = CARTESIAN_POINT('',(0.225,1.625));
#206 = VECTOR('',#207,1.);
#207 = DIRECTION('',(-1.,0.));
#208 = ( GEOMETRIC_REPRESENTATION_CONTEXT(2) 
PARAMETRIC_REPRESENTATION_CONTEXT() REPRESENTATION_CONTEXT('2D SPACE',''
  ) );
#209 = PCURVE('',#210,#215);
#210 = PLANE('',#211);
#211 = AXIS2_PLACEMENT_3D('',#212,#213,#214);
#212 = CARTESIAN_POINT('',(10.5,-0.875,-1.025));
#213 = DIRECTION('',(0.,1.,0.));
#214 = DIRECTION('',(0.,0.,1.));
#215 = DEFINITIONAL_REPRESENTATION('',(#216),#220);
#216 = LINE('',#217,#218);
#217 = CARTESIAN_POINT('',(0.,0.));
#218 = VECTOR('',#219,1.);
#219 = DIRECTION('',(1.,0.));
#220 = ( GEOMETRIC_REPRESENTATION_CONTEXT(2) 
PARAMETRIC_REPRESENTATION_CONTEXT() REPRESENTATION_CONTEXT('2D SPACE',''
  ) );
#221 = ORIENTED_EDGE('',*,*,#222,.F.);
#222 = EDGE_CURVE('',#223,#195,#225,.T.);
#223 = VERTEX_POINT('',#224);
#224 = CARTESIAN_POINT('',(10.5,-1.360098688482,-0.175));
#225 = SURFACE_CURVE('',#226,(#230,#237),.PCURVE_S1.);
#226 = LINE('',#227,#228);
#227 = CARTESIAN_POINT('',(10.5,-1.725,-0.175));
#228 = VECTOR('',#229,1.);
#229 = DIRECTION('',(0.,1.,0.));
#230 = PCURVE('',#61,#231);
#231 = DEFINITIONAL_REPRESENTATION('',(#232),#236);
#232 = LINE('',#233,#234);
#233 = CARTESIAN_POINT('',(-0.625,0.775));
#234 = VECTOR('',#235,1.);
#235 = DIRECTION('',(0.,1.));
#236 = ( GEOMETRIC_REPRESENTATION_CONTEXT(2) 
PARAMETRIC_REPRESENTATION_CONTEXT() REPRESENTATION_CONTEXT('2D SPACE',''
  ) );
#237 = PCURVE('',#238,#243);
#238 = PLANE('',#239);
#239 = AXIS2_PLACEMENT_3D('',#240,#241,#242);
#240 = CARTESIAN_POINT('',(10.5,-1.725,-0.175));
#241 = DIRECTION('',(0.,0.,1.));
#242 = DIRECTION('',(1.,0.,0.));
#243 = DEFINITIONAL_REPRESENTATION('',(#244),#248);
#244 = LINE('',#245,#246);
#245 = CARTESIAN_POINT('',(0.,0.));
#246 = VECTOR('',#247,1.);
#247 = DIRECTION('',(0.,1.));
#248 = ( GEOMETRIC_REPRESENTATION_CONTEXT(2) 
PARAMETRIC_REPRESENTATION_CONTEXT() REPRESENTATION_CONTEXT('2D SPACE',''
  ) );
#249 = ORIENTED_EDGE('',*,*,#250,.F.);
#250 = EDGE_CURVE('',#251,#223,#253,.T.);
#251 = VERTEX_POINT('',#252);
#252 = CARTESIAN_POINT('',(10.5,-3.793082142639,-0.66606504419));
#253 = SURFACE_CURVE('',#254,(#259,#270),.PCURVE_S1.);
#254 = CIRCLE('',#255,1.3);
#255 = AXIS2_PLACEMENT_3D('',#256,#257,#258);
#256 = CARTESIAN_POINT('',(10.5,-2.5,-0.8));
#257 = DIRECTION('',(-1.,0.,0.));
#258 = DIRECTION('',(0.,0.984908309792,-0.173076923077));
#259 = PCURVE('',#61,#260);
#260 = DEFINITIONAL_REPRESENTATION('',(#261),#269);
#261 = ( BOUNDED_CURVE() B_SPLINE_CURVE(2,(#262,#263,#264,#265,#266,#267
,#268),.UNSPECIFIED.,.T.,.F.) B_SPLINE_CURVE_WITH_KNOTS((1,2,2,2,2,1),(
    -2.094395102393,0.,2.094395102393,4.188790204786,6.28318530718,
8.377580409573),.UNSPECIFIED.) CURVE() GEOMETRIC_REPRESENTATION_ITEM() 
RATIONAL_B_SPLINE_CURVE((1.,0.5,1.,0.5,1.,0.5,1.)) REPRESENTATION_ITEM(
  '') );
#262 = CARTESIAN_POINT('',(0.225,1.28038080273));
#263 = CARTESIAN_POINT('',(2.442684603365,0.890669371027));
#264 = CARTESIAN_POINT('',(0.996342301682,-0.835046117217));
#265 = CARTESIAN_POINT('',(-0.45,-2.56076160546));
#266 = CARTESIAN_POINT('',(-1.221342301682,-0.445334685514));
#267 = CARTESIAN_POINT('',(-1.992684603364,1.670092234433));
#268 = CARTESIAN_POINT('',(0.225,1.28038080273));
#269 = ( GEOMETRIC_REPRESENTATION_CONTEXT(2) 
PARAMETRIC_REPRESENTATION_CONTEXT() REPRESENTATION_CONTEXT('2D SPACE',''
  ) );
#270 = PCURVE('',#271,#276);
#271 = CYLINDRICAL_SURFACE('',#272,1.3);
#272 = AXIS2_PLACEMENT_3D('',#273,#274,#275);
#273 = CARTESIAN_POINT('',(10.5,-2.5,-0.8));
#274 = DIRECTION('',(1.,0.,0.));
#275 = DIRECTION('',(0.,0.,-1.));
#276 = DEFINITIONAL_REPRESENTATION('',(#277),#281);
#277 = LINE('',#278,#279);
#278 = CARTESIAN_POINT('',(7.680028746258,0.));
#279 = VECTOR('',#280,1.);
#280 = DIRECTION('',(-1.,-0.));
#281 = ( GEOMETRIC_REPRESENTATION_CONTEXT(2) 
PARAMETRIC_REPRESENTATION_CONTEXT() REPRESENTATION_CONTEXT('2D SPACE',''
  ) );
#282 = ORIENTED_EDGE('',*,*,#283,.F.);
#283 = EDGE_CURVE('',#134,#251,#284,.T.);
#284 = SURFACE_CURVE('',#285,(#289,#295),.PCURVE_S1.);
#285 = LINE('',#286,#287);
#286 = CARTESIAN_POINT('',(10.5,-3.793082142639,-1.4));
#287 = VECTOR('',#288,1.);
#288 = DIRECTION('',(0.,0.,1.));
#289 = PCURVE('',#61,#290);
#290 = DEFINITIONAL_REPRESENTATION('',(#291),#294);
#291 = B_SPLINE_CURVE_WITH_KNOTS('',1,(#292,#293),.UNSPECIFIED.,.F.,.F.,
  (2,2),(-2.400000000069E-06,1.6000024),.PIECEWISE_BEZIER_KNOTS.);
#292 = CARTESIAN_POINT('',(0.6000024,-1.293082142639));
#293 = CARTESIAN_POINT('',(-1.0000024,-1.293082142639));
#294 = ( GEOMETRIC_REPRESENTATION_CONTEXT(2) 
PARAMETRIC_REPRESENTATION_CONTEXT() REPRESENTATION_CONTEXT('2D SPACE',''
  ) );
#295 = PCURVE('',#296,#301);
#296 = CYLINDRICAL_SURFACE('',#297,1.35);
#297 = AXIS2_PLACEMENT_3D('',#298,#299,#300);
#298 = CARTESIAN_POINT('',(11.5,-4.7,-1.4));
#299 = DIRECTION('',(0.,0.,1.));
#300 = DIRECTION('',(1.,0.,-0.));
#301 = DEFINITIONAL_REPRESENTATION('',(#302),#305);
#302 = B_SPLINE_CURVE_WITH_KNOTS('',1,(#303,#304),.UNSPECIFIED.,.F.,.F.,
  (2,2),(-2.400000000069E-06,1.6000024),.PIECEWISE_BEZIER_KNOTS.);
#303 = CARTESIAN_POINT('',(2.404968651571,-2.400000000069E-06));
#304 = CARTESIAN_POINT('',(2.404968651571,1.6000024));
#305 = ( GEOMETRIC_REPRESENTATION_CONTEXT(2) 
PARAMETRIC_REPRESENTATION_CONTEXT() REPRESENTATION_CONTEXT('2D SPACE',''
  ) );
#306 = FACE_BOUND('',#307,.F.);
#307 = EDGE_LOOP('',(#308));
#308 = ORIENTED_EDGE('',*,*,#39,.F.);
#309 = ADVANCED_FACE('',(#310),#182,.F.);
#310 = FACE_BOUND('',#311,.F.);
#311 = EDGE_LOOP('',(#312,#335,#336,#357));
#312 = ORIENTED_EDGE('',*,*,#313,.F.);
#313 = EDGE_CURVE('',#167,#314,#316,.T.);
#314 = VERTEX_POINT('',#315);
#315 = CARTESIAN_POINT('',(10.718643297126,-0.875,-1.025));
#316 = SURFACE_CURVE('',#317,(#321,#328),.PCURVE_S1.);
#317 = LINE('',#318,#319);
#318 = CARTESIAN_POINT('',(10.5,-0.875,-1.025));
#319 = VECTOR('',#320,1.);
#320 = DIRECTION('',(1.,0.,0.));
#321 = PCURVE('',#182,#322);
#322 = DEFINITIONAL_REPRESENTATION('',(#323),#327);
#323 = LINE('',#324,#325);
#324 = CARTESIAN_POINT('',(0.,0.85));
#325 = VECTOR('',#326,1.);
#326 = DIRECTION('',(1.,0.));
#327 = ( GEOMETRIC_REPRESENTATION_CONTEXT(2) 
PARAMETRIC_REPRESENTATION_CONTEXT() REPRESENTATION_CONTEXT('2D SPACE',''
  ) );
#328 = PCURVE('',#210,#329);
#329 = DEFINITIONAL_REPRESENTATION('',(#330),#334);
#330 = LINE('',#331,#332);
#331 = CARTESIAN_POINT('',(0.,0.));
#332 = VECTOR('',#333,1.);
#333 = DIRECTION('',(0.,1.));
#334 = ( GEOMETRIC_REPRESENTATION_CONTEXT(2) 
PARAMETRIC_REPRESENTATION_CONTEXT() REPRESENTATION_CONTEXT('2D SPACE',''
  ) );
#335 = ORIENTED_EDGE('',*,*,#166,.F.);
#336 = ORIENTED_EDGE('',*,*,#337,.T.);
#337 = EDGE_CURVE('',#132,#338,#340,.T.);
#338 = VERTEX_POINT('',#339);
#339 = CARTESIAN_POINT('',(10.652395114823,-1.21961919727,-1.025));
#340 = SURFACE_CURVE('',#341,(#345,#351),.PCURVE_S1.);
#341 = LINE('',#342,#343);
#342 = CARTESIAN_POINT('',(10.5,-1.21961919727,-1.025));
#343 = VECTOR('',#344,1.);
#344 = DIRECTION('',(1.,0.,0.));
#345 = PCURVE('',#182,#346);
#346 = DEFINITIONAL_REPRESENTATION('',(#347),#350);
#347 = B_SPLINE_CURVE_WITH_KNOTS('',1,(#348,#349),.UNSPECIFIED.,.F.,.F.,
  (2,2),(-2.399999999625E-06,0.240507626839),.PIECEWISE_BEZIER_KNOTS.);
#348 = CARTESIAN_POINT('',(-2.399999999625E-06,0.50538080273));
#349 = CARTESIAN_POINT('',(0.240507626839,0.50538080273));
#350 = ( GEOMETRIC_REPRESENTATION_CONTEXT(2) 
PARAMETRIC_REPRESENTATION_CONTEXT() REPRESENTATION_CONTEXT('2D SPACE',''
  ) );
#351 = PCURVE('',#154,#352);
#352 = DEFINITIONAL_REPRESENTATION('',(#353),#356);
#353 = B_SPLINE_CURVE_WITH_KNOTS('',1,(#354,#355),.UNSPECIFIED.,.F.,.F.,
  (2,2),(0.,0.152395114823),.PIECEWISE_BEZIER_KNOTS.);
#354 = CARTESIAN_POINT('',(7.680028746258,0.));
#355 = CARTESIAN_POINT('',(7.680028746258,0.152395114823));
#356 = ( GEOMETRIC_REPRESENTATION_CONTEXT(2) 
PARAMETRIC_REPRESENTATION_CONTEXT() REPRESENTATION_CONTEXT('2D SPACE',''
  ) );
#357 = ORIENTED_EDGE('',*,*,#358,.F.);
#358 = EDGE_CURVE('',#314,#338,#359,.T.);
#359 = SURFACE_CURVE('',#360,(#365,#372),.PCURVE_S1.);
#360 = CIRCLE('',#361,1.35);
#361 = AXIS2_PLACEMENT_3D('',#362,#363,#364);
#362 = CARTESIAN_POINT('',(12.,-1.3,-1.025));
#363 = DIRECTION('',(0.,0.,1.));
#364 = DIRECTION('',(1.,0.,0.));
#365 = PCURVE('',#182,#366);
#366 = DEFINITIONAL_REPRESENTATION('',(#367),#371);
#367 = CIRCLE('',#368,1.35);
#368 = AXIS2_PLACEMENT_2D('',#369,#370);
#369 = CARTESIAN_POINT('',(1.5,0.425));
#370 = DIRECTION('',(1.,0.));
#371 = ( GEOMETRIC_REPRESENTATION_CONTEXT(2) 
PARAMETRIC_REPRESENTATION_CONTEXT() REPRESENTATION_CONTEXT('2D SPACE',''
  ) );
#372 = PCURVE('',#373,#378);
#373 = CYLINDRICAL_SURFACE('',#374,1.35);
#374 = AXIS2_PLACEMENT_3D('',#375,#376,#377);
#375 = CARTESIAN_POINT('',(12.,-1.3,-1.4));
#376 = DIRECTION('',(0.,0.,1.));
#377 = DIRECTION('',(1.,0.,-0.));
#378 = DEFINITIONAL_REPRESENTATION('',(#379),#382);
#379 = B_SPLINE_CURVE_WITH_KNOTS('',1,(#380,#381),.UNSPECIFIED.,.F.,.F.,
  (2,2),(2.821331111557,3.082016081292),.PIECEWISE_BEZIER_KNOTS.);
#380 = CARTESIAN_POINT('',(9.104516418737,0.375));
#381 = CARTESIAN_POINT('',(9.365201388471,0.375));
#382 = ( GEOMETRIC_REPRESENTATION_CONTEXT(2) 
PARAMETRIC_REPRESENTATION_CONTEXT() REPRESENTATION_CONTEXT('2D SPACE',''
  ) );
#383 = ADVANCED_FACE('',(#384),#373,.T.);
#384 = FACE_BOUND('',#385,.T.);
#385 = EDGE_LOOP('',(#386,#421,#461,#490,#516,#544,#570,#598,#624,#652,
    #692,#720,#788,#789,#810,#833));
#386 = ORIENTED_EDGE('',*,*,#387,.T.);
#387 = EDGE_CURVE('',#388,#390,#392,.T.);
#388 = VERTEX_POINT('',#389);
#389 = CARTESIAN_POINT('',(10.701504822073,-1.669337613708,0.2));
#390 = VERTEX_POINT('',#391);
#391 = CARTESIAN_POINT('',(13.317802283222,-1.593082142639,0.2));
#392 = SURFACE_CURVE('',#393,(#398,#405),.PCURVE_S1.);
#393 = CIRCLE('',#394,1.35);
#394 = AXIS2_PLACEMENT_3D('',#395,#396,#397);
#395 = CARTESIAN_POINT('',(12.,-1.3,0.2));
#396 = DIRECTION('',(-0.,0.,-1.));
#397 = DIRECTION('',(-0.961848279946,-0.273583417562,0.));
#398 = PCURVE('',#373,#399);
#399 = DEFINITIONAL_REPRESENTATION('',(#400),#404);
#400 = LINE('',#401,#402);
#401 = CARTESIAN_POINT('',(9.701894582829,1.6));
#402 = VECTOR('',#403,1.);
#403 = DIRECTION('',(-1.,-0.));
#404 = ( GEOMETRIC_REPRESENTATION_CONTEXT(2) 
PARAMETRIC_REPRESENTATION_CONTEXT() REPRESENTATION_CONTEXT('2D SPACE',''
  ) );
#405 = PCURVE('',#406,#411);
#406 = PLANE('',#407);
#407 = AXIS2_PLACEMENT_3D('',#408,#409,#410);
#408 = CARTESIAN_POINT('',(12.,-1.3,0.2));
#409 = DIRECTION('',(0.,0.,1.));
#410 = DIRECTION('',(1.,0.,0.));
#411 = DEFINITIONAL_REPRESENTATION('',(#412),#420);
#412 = ( BOUNDED_CURVE() B_SPLINE_CURVE(2,(#413,#414,#415,#416,#417,#418
,#419),.UNSPECIFIED.,.T.,.F.) B_SPLINE_CURVE_WITH_KNOTS((1,2,2,2,2,1),(
    -2.094395102393,0.,2.094395102393,4.188790204786,6.28318530718,
8.377580409573),.UNSPECIFIED.) CURVE() GEOMETRIC_REPRESENTATION_ITEM() 
RATIONAL_B_SPLINE_CURVE((1.,0.5,1.,0.5,1.,0.5,1.)) REPRESENTATION_ITEM(
  '') );
#413 = CARTESIAN_POINT('',(-1.298495177927,-0.369337613708));
#414 = CARTESIAN_POINT('',(-1.938206690016,1.879722007845));
#415 = CARTESIAN_POINT('',(0.329391832919,1.309198617631));
#416 = CARTESIAN_POINT('',(2.596990355855,0.738675227416));
#417 = CARTESIAN_POINT('',(0.969103345008,-0.939861003923));
#418 = CARTESIAN_POINT('',(-0.658783665838,-2.618397235261));
#419 = CARTESIAN_POINT('',(-1.298495177927,-0.369337613708));
#420 = ( GEOMETRIC_REPRESENTATION_CONTEXT(2) 
PARAMETRIC_REPRESENTATION_CONTEXT() REPRESENTATION_CONTEXT('2D SPACE',''
  ) );
#421 = ORIENTED_EDGE('',*,*,#422,.T.);
#422 = EDGE_CURVE('',#390,#423,#425,.T.);
#423 = VERTEX_POINT('',#424);
#424 = CARTESIAN_POINT('',(13.349995743144,-1.303390205623,-0.175));
#425 = SURFACE_CURVE('',#426,(#434,#445),.PCURVE_S1.);
#426 = B_SPLINE_CURVE_WITH_KNOTS('',6,(#427,#428,#429,#430,#431,#432,
    #433),.UNSPECIFIED.,.F.,.F.,(7,7),(0.,1.),.PIECEWISE_BEZIER_KNOTS.);
#427 = CARTESIAN_POINT('',(13.317801694669,-1.593084788972,0.2000024));
#428 = CARTESIAN_POINT('',(13.331174581412,-1.532956070339,
    0.145470881328));
#429 = CARTESIAN_POINT('',(13.340211523822,-1.476788182226,
    8.662449592728E-02));
#430 = CARTESIAN_POINT('',(13.345813433042,-1.425074917248,
    2.392421662114E-02));
#431 = CARTESIAN_POINT('',(13.348818550303,-1.378201734856,
    -4.208717455794E-02));
#432 = CARTESIAN_POINT('',(13.35,-1.336455841414,-0.110799433889));
#433 = CARTESIAN_POINT('',(13.35,-1.3,-0.181534156157));
#434 = PCURVE('',#373,#435);
#435 = DEFINITIONAL_REPRESENTATION('',(#436),#444);
#436 = B_SPLINE_CURVE_WITH_KNOTS('',6,(#437,#438,#439,#440,#441,#442,
    #443),.UNSPECIFIED.,.F.,.F.,(7,7),(7.335196768581E-06,0.984586983409
    ),.PIECEWISE_BEZIER_KNOTS.);
#437 = CARTESIAN_POINT('',(6.064344848267,1.6));
#438 = CARTESIAN_POINT('',(6.109269166859,1.546309220718));
#439 = CARTESIAN_POINT('',(6.150741245696,1.488435635324));
#440 = CARTESIAN_POINT('',(6.188721537154,1.426819220421));
#441 = CARTESIAN_POINT('',(6.223110445039,1.361976831038));
#442 = CARTESIAN_POINT('',(6.253789001483,1.294488925841));
#443 = CARTESIAN_POINT('',(6.280674041052,1.22500000003));
#444 = ( GEOMETRIC_REPRESENTATION_CONTEXT(2) 
PARAMETRIC_REPRESENTATION_CONTEXT() REPRESENTATION_CONTEXT('2D SPACE',''
  ) );
#445 = PCURVE('',#446,#451);
#446 = CYLINDRICAL_SURFACE('',#447,1.35);
#447 = AXIS2_PLACEMENT_3D('',#448,#449,#450);
#448 = CARTESIAN_POINT('',(12.4,-2.5,-0.8));
#449 = DIRECTION('',(1.,0.,0.));
#450 = DIRECTION('',(0.,0.,-1.));
#451 = DEFINITIONAL_REPRESENTATION('',(#452),#460);
#452 = B_SPLINE_CURVE_WITH_KNOTS('',6,(#453,#454,#455,#456,#457,#458,
    #459),.UNSPECIFIED.,.F.,.F.,(7,7),(7.335196768581E-06,0.984586983409
    ),.PIECEWISE_BEZIER_KNOTS.);
#453 = CARTESIAN_POINT('',(8.68815395875,0.917802283222));
#454 = CARTESIAN_POINT('',(8.628952589139,0.930968798774));
#455 = CARTESIAN_POINT('',(8.569776588408,0.939932088161));
#456 = CARTESIAN_POINT('',(8.510729769604,0.945552023478));
#457 = CARTESIAN_POINT('',(8.451901080256,0.948629583952));
#458 = CARTESIAN_POINT('',(8.393388199522,0.949904591509));
#459 = CARTESIAN_POINT('',(8.335316702707,0.949995742862));
#460 = ( GEOMETRIC_REPRESENTATION_CONTEXT(2) 
PARAMETRIC_REPRESENTATION_CONTEXT() REPRESENTATION_CONTEXT('2D SPACE',''
  ) );
#461 = ORIENTED_EDGE('',*,*,#462,.T.);
#462 = EDGE_CURVE('',#423,#463,#465,.T.);
#463 = VERTEX_POINT('',#464);
#464 = CARTESIAN_POINT('',(13.333816245564,-1.091591211631,-0.175));
#465 = SURFACE_CURVE('',#466,(#471,#478),.PCURVE_S1.);
#466 = CIRCLE('',#467,1.35);
#467 = AXIS2_PLACEMENT_3D('',#468,#469,#470);
#468 = CARTESIAN_POINT('',(12.,-1.3,-0.175));
#469 = DIRECTION('',(0.,0.,1.));
#470 = DIRECTION('',(0.999996846773,-2.511263424125E-03,0.));
#471 = PCURVE('',#373,#472);
#472 = DEFINITIONAL_REPRESENTATION('',(#473),#477);
#473 = LINE('',#474,#475);
#474 = CARTESIAN_POINT('',(6.280674041116,1.225));
#475 = VECTOR('',#476,1.);
#476 = DIRECTION('',(1.,0.));
#477 = ( GEOMETRIC_REPRESENTATION_CONTEXT(2) 
PARAMETRIC_REPRESENTATION_CONTEXT() REPRESENTATION_CONTEXT('2D SPACE',''
  ) );
#478 = PCURVE('',#479,#484);
#479 = PLANE('',#480);
#480 = AXIS2_PLACEMENT_3D('',#481,#482,#483);
#481 = CARTESIAN_POINT('',(10.5,-1.725,-0.175));
#482 = DIRECTION('',(0.,0.,1.));
#483 = DIRECTION('',(1.,0.,0.));
#484 = DEFINITIONAL_REPRESENTATION('',(#485),#489);
#485 = CIRCLE('',#486,1.35);
#486 = AXIS2_PLACEMENT_2D('',#487,#488);
#487 = CARTESIAN_POINT('',(1.5,0.425));
#488 = DIRECTION('',(0.999996846773,-2.511263424125E-03));
#489 = ( GEOMETRIC_REPRESENTATION_CONTEXT(2) 
PARAMETRIC_REPRESENTATION_CONTEXT() REPRESENTATION_CONTEXT('2D SPACE',''
  ) );
#490 = ORIENTED_EDGE('',*,*,#491,.T.);
#491 = EDGE_CURVE('',#463,#492,#494,.T.);
#492 = VERTEX_POINT('',#493);
#493 = CARTESIAN_POINT('',(13.333816245564,-1.091591211631,-1.E-01));
#494 = SURFACE_CURVE('',#495,(#499,#505),.PCURVE_S1.);
#495 = LINE('',#496,#497);
#496 = CARTESIAN_POINT('',(13.333816245564,-1.091591211631,-1.4));
#497 = VECTOR('',#498,1.);
#498 = DIRECTION('',(0.,0.,1.));
#499 = PCURVE('',#373,#500);
#500 = DEFINITIONAL_REPRESENTATION('',(#501),#504);
#501 = B_SPLINE_CURVE_WITH_KNOTS('',1,(#502,#503),.UNSPECIFIED.,.F.,.F.,
  (2,2),(1.225,1.3),.PIECEWISE_BEZIER_KNOTS.);
#502 = CARTESIAN_POINT('',(6.438182049104,1.225));
#503 = CARTESIAN_POINT('',(6.438182049104,1.3));
#504 = ( GEOMETRIC_REPRESENTATION_CONTEXT(2) 
PARAMETRIC_REPRESENTATION_CONTEXT() REPRESENTATION_CONTEXT('2D SPACE',''
  ) );
#505 = PCURVE('',#506,#511);
#506 = PLANE('',#507);
#507 = AXIS2_PLACEMENT_3D('',#508,#509,#510);
#508 = CARTESIAN_POINT('',(12.,-1.3,-0.6));
#509 = DIRECTION('',(-0.154376880274,0.988012033751,0.));
#510 = DIRECTION('',(0.988012033751,0.154376880274,0.));
#511 = DEFINITIONAL_REPRESENTATION('',(#512),#515);
#512 = B_SPLINE_CURVE_WITH_KNOTS('',1,(#513,#514),.UNSPECIFIED.,.F.,.F.,
  (2,2),(0.75,1.35),.PIECEWISE_BEZIER_KNOTS.);
#513 = CARTESIAN_POINT('',(1.35,5.E-02));
#514 = CARTESIAN_POINT('',(1.35,-0.55));
#515 = ( GEOMETRIC_REPRESENTATION_CONTEXT(2) 
PARAMETRIC_REPRESENTATION_CONTEXT() REPRESENTATION_CONTEXT('2D SPACE',''
  ) );
#516 = ORIENTED_EDGE('',*,*,#517,.T.);
#517 = EDGE_CURVE('',#492,#518,#520,.T.);
#518 = VERTEX_POINT('',#519);
#519 = CARTESIAN_POINT('',(12.,5.E-02,-1.E-01));
#520 = SURFACE_CURVE('',#521,(#526,#532),.PCURVE_S1.);
#521 = CIRCLE('',#522,1.35);
#522 = AXIS2_PLACEMENT_3D('',#523,#524,#525);
#523 = CARTESIAN_POINT('',(12.,-1.3,-1.E-01));
#524 = DIRECTION('',(0.,0.,1.));
#525 = DIRECTION('',(1.,0.,0.));
#526 = PCURVE('',#373,#527);
#527 = DEFINITIONAL_REPRESENTATION('',(#528),#531);
#528 = B_SPLINE_CURVE_WITH_KNOTS('',1,(#529,#530),.UNSPECIFIED.,.F.,.F.,
  (2,2),(0.154996741924,1.570796326795),.PIECEWISE_BEZIER_KNOTS.);
#529 = CARTESIAN_POINT('',(6.438182049104,1.3));
#530 = CARTESIAN_POINT('',(7.853981633974,1.3));
#531 = ( GEOMETRIC_REPRESENTATION_CONTEXT(2) 
PARAMETRIC_REPRESENTATION_CONTEXT() REPRESENTATION_CONTEXT('2D SPACE',''
  ) );
#532 = PCURVE('',#533,#538);
#533 = PLANE('',#534);
#534 = AXIS2_PLACEMENT_3D('',#535,#536,#537);
#535 = CARTESIAN_POINT('',(13.668082500457,-0.239935186415,-1.E-01));
#536 = DIRECTION('',(0.,0.,1.));
#537 = DIRECTION('',(1.,0.,0.));
#538 = DEFINITIONAL_REPRESENTATION('',(#539),#543);
#539 = CIRCLE('',#540,1.35);
#540 = AXIS2_PLACEMENT_2D('',#541,#542);
#541 = CARTESIAN_POINT('',(-1.668082500457,-1.060064813585));
#542 = DIRECTION('',(1.,0.));
#543 = ( GEOMETRIC_REPRESENTATION_CONTEXT(2) 
PARAMETRIC_REPRESENTATION_CONTEXT() REPRESENTATION_CONTEXT('2D SPACE',''
  ) );
#544 = ORIENTED_EDGE('',*,*,#545,.F.);
#545 = EDGE_CURVE('',#546,#518,#548,.T.);
#546 = VERTEX_POINT('',#547);
#547 = CARTESIAN_POINT('',(12.,5.E-02,-0.6));
#548 = SURFACE_CURVE('',#549,(#553,#559),.PCURVE_S1.);
#549 = LINE('',#550,#551);
#550 = CARTESIAN_POINT('',(12.,5.E-02,-1.4));
#551 = VECTOR('',#552,1.);
#552 = DIRECTION('',(0.,0.,1.));
#553 = PCURVE('',#373,#554);
#554 = DEFINITIONAL_REPRESENTATION('',(#555),#558);
#555 = B_SPLINE_CURVE_WITH_KNOTS('',1,(#556,#557),.UNSPECIFIED.,.F.,.F.,
  (2,2),(0.8,1.3),.PIECEWISE_BEZIER_KNOTS.);
#556 = CARTESIAN_POINT('',(7.853981633974,0.8));
#557 = CARTESIAN_POINT('',(7.853981633974,1.3));
#558 = ( GEOMETRIC_REPRESENTATION_CONTEXT(2) 
PARAMETRIC_REPRESENTATION_CONTEXT() REPRESENTATION_CONTEXT('2D SPACE',''
  ) );
#559 = PCURVE('',#560,#565);
#560 = PLANE('',#561);
#561 = AXIS2_PLACEMENT_3D('',#562,#563,#564);
#562 = CARTESIAN_POINT('',(12.,0.3,-0.6));
#563 = DIRECTION('',(1.,0.,0.));
#564 = DIRECTION('',(0.,-1.,0.));
#565 = DEFINITIONAL_REPRESENTATION('',(#566),#569);
#566 = B_SPLINE_CURVE_WITH_KNOTS('',1,(#567,#568),.UNSPECIFIED.,.F.,.F.,
  (2,2),(0.75,1.35),.PIECEWISE_BEZIER_KNOTS.);
#567 = CARTESIAN_POINT('',(0.25,5.E-02));
#568 = CARTESIAN_POINT('',(0.25,-0.55));
#569 = ( GEOMETRIC_REPRESENTATION_CONTEXT(2) 
PARAMETRIC_REPRESENTATION_CONTEXT() REPRESENTATION_CONTEXT('2D SPACE',''
  ) );
#570 = ORIENTED_EDGE('',*,*,#571,.F.);
#571 = EDGE_CURVE('',#572,#546,#574,.T.);
#572 = VERTEX_POINT('',#573);
#573 = CARTESIAN_POINT('',(13.281356702874,-0.875,-0.6));
#574 = SURFACE_CURVE('',#575,(#580,#586),.PCURVE_S1.);
#575 = CIRCLE('',#576,1.35);
#576 = AXIS2_PLACEMENT_3D('',#577,#578,#579);
#577 = CARTESIAN_POINT('',(12.,-1.3,-0.6));
#578 = DIRECTION('',(0.,0.,1.));
#579 = DIRECTION('',(1.,0.,0.));
#580 = PCURVE('',#373,#581);
#581 = DEFINITIONAL_REPRESENTATION('',(#582),#585);
#582 = B_SPLINE_CURVE_WITH_KNOTS('',1,(#583,#584),.UNSPECIFIED.,.F.,.F.,
  (2,2),(0.320261542032,1.570796326795),.PIECEWISE_BEZIER_KNOTS.);
#583 = CARTESIAN_POINT('',(6.603446849212,0.8));
#584 = CARTESIAN_POINT('',(7.853981633974,0.8));
#585 = ( GEOMETRIC_REPRESENTATION_CONTEXT(2) 
PARAMETRIC_REPRESENTATION_CONTEXT() REPRESENTATION_CONTEXT('2D SPACE',''
  ) );
#586 = PCURVE('',#587,#592);
#587 = PLANE('',#588);
#588 = AXIS2_PLACEMENT_3D('',#589,#590,#591);
#589 = CARTESIAN_POINT('',(13.668082500457,-0.239935186415,-0.6));
#590 = DIRECTION('',(0.,0.,1.));
#591 = DIRECTION('',(1.,0.,0.));
#592 = DEFINITIONAL_REPRESENTATION('',(#593),#597);
#593 = CIRCLE('',#594,1.35);
#594 = AXIS2_PLACEMENT_2D('',#595,#596);
#595 = CARTESIAN_POINT('',(-1.668082500457,-1.060064813585));
#596 = DIRECTION('',(1.,0.));
#597 = ( GEOMETRIC_REPRESENTATION_CONTEXT(2) 
PARAMETRIC_REPRESENTATION_CONTEXT() REPRESENTATION_CONTEXT('2D SPACE',''
  ) );
#598 = ORIENTED_EDGE('',*,*,#599,.F.);
#599 = EDGE_CURVE('',#600,#572,#602,.T.);
#600 = VERTEX_POINT('',#601);
#601 = CARTESIAN_POINT('',(13.281356702874,-0.875,-1.025));
#602 = SURFACE_CURVE('',#603,(#607,#613),.PCURVE_S1.);
#603 = LINE('',#604,#605);
#604 = CARTESIAN_POINT('',(13.281356702874,-0.875,-1.4));
#605 = VECTOR('',#606,1.);
#606 = DIRECTION('',(0.,0.,1.));
#607 = PCURVE('',#373,#608);
#608 = DEFINITIONAL_REPRESENTATION('',(#609),#612);
#609 = B_SPLINE_CURVE_WITH_KNOTS('',1,(#610,#611),.UNSPECIFIED.,.F.,.F.,
  (2,2),(0.375,0.8),.PIECEWISE_BEZIER_KNOTS.);
#610 = CARTESIAN_POINT('',(6.603446849212,0.375));
#611 = CARTESIAN_POINT('',(6.603446849212,0.8));
#612 = ( GEOMETRIC_REPRESENTATION_CONTEXT(2) 
PARAMETRIC_REPRESENTATION_CONTEXT() REPRESENTATION_CONTEXT('2D SPACE',''
  ) );
#613 = PCURVE('',#614,#619);
#614 = PLANE('',#615);
#615 = AXIS2_PLACEMENT_3D('',#616,#617,#618);
#616 = CARTESIAN_POINT('',(10.5,-0.875,-1.025));
#617 = DIRECTION('',(0.,1.,0.));
#618 = DIRECTION('',(0.,0.,1.));
#619 = DEFINITIONAL_REPRESENTATION('',(#620),#623);
#620 = B_SPLINE_CURVE_WITH_KNOTS('',1,(#621,#622),.UNSPECIFIED.,.F.,.F.,
  (2,2),(0.29,1.31),.PIECEWISE_BEZIER_KNOTS.);
#621 = CARTESIAN_POINT('',(-8.5E-02,2.781356702874));
#622 = CARTESIAN_POINT('',(0.935,2.781356702874));
#623 = ( GEOMETRIC_REPRESENTATION_CONTEXT(2) 
PARAMETRIC_REPRESENTATION_CONTEXT() REPRESENTATION_CONTEXT('2D SPACE',''
  ) );
#624 = ORIENTED_EDGE('',*,*,#625,.F.);
#625 = EDGE_CURVE('',#626,#600,#628,.T.);
#626 = VERTEX_POINT('',#627);
#627 = CARTESIAN_POINT('',(13.343617535936,-1.168882048803,-1.025));
#628 = SURFACE_CURVE('',#629,(#634,#640),.PCURVE_S1.);
#629 = CIRCLE('',#630,1.35);
#630 = AXIS2_PLACEMENT_3D('',#631,#632,#633);
#631 = CARTESIAN_POINT('',(12.,-1.3,-1.025));
#632 = DIRECTION('',(0.,0.,1.));
#633 = DIRECTION('',(1.,0.,0.));
#634 = PCURVE('',#373,#635);
#635 = DEFINITIONAL_REPRESENTATION('',(#636),#639);
#636 = B_SPLINE_CURVE_WITH_KNOTS('',1,(#637,#638),.UNSPECIFIED.,.F.,.F.,
  (2,2),(9.727775834524E-02,0.320261542032),.PIECEWISE_BEZIER_KNOTS.);
#637 = CARTESIAN_POINT('',(6.380463065525,0.375));
#638 = CARTESIAN_POINT('',(6.603446849212,0.375));
#639 = ( GEOMETRIC_REPRESENTATION_CONTEXT(2) 
PARAMETRIC_REPRESENTATION_CONTEXT() REPRESENTATION_CONTEXT('2D SPACE',''
  ) );
#640 = PCURVE('',#641,#646);
#641 = PLANE('',#642);
#642 = AXIS2_PLACEMENT_3D('',#643,#644,#645);
#643 = CARTESIAN_POINT('',(10.5,-1.725,-1.025));
#644 = DIRECTION('',(0.,0.,1.));
#645 = DIRECTION('',(1.,0.,0.));
#646 = DEFINITIONAL_REPRESENTATION('',(#647),#651);
#647 = CIRCLE('',#648,1.35);
#648 = AXIS2_PLACEMENT_2D('',#649,#650);
#649 = CARTESIAN_POINT('',(1.5,0.425));
#650 = DIRECTION('',(1.,0.));
#651 = ( GEOMETRIC_REPRESENTATION_CONTEXT(2) 
PARAMETRIC_REPRESENTATION_CONTEXT() REPRESENTATION_CONTEXT('2D SPACE',''
  ) );
#652 = ORIENTED_EDGE('',*,*,#653,.F.);
#653 = EDGE_CURVE('',#654,#626,#656,.T.);
#654 = VERTEX_POINT('',#655);
#655 = CARTESIAN_POINT('',(13.349967699387,-1.290661337755,-1.4));
#656 = SURFACE_CURVE('',#657,(#670,#681),.PCURVE_S1.);
#657 = B_SPLINE_CURVE_WITH_KNOTS('',6,(#658,#659,#660,#661,#662,#663,
    #664,#665,#666,#667,#668,#669),.UNSPECIFIED.,.F.,.F.,(7,5,7),(0.,
    0.479247423819,1.),.UNSPECIFIED.);
#658 = CARTESIAN_POINT('',(13.349967707623,-1.290662528492,-1.4000024));
#659 = CARTESIAN_POINT('',(13.349653658645,-1.245258804432,
    -1.308488724636));
#660 = CARTESIAN_POINT('',(13.347566816805,-1.208467588045,
    -1.213461394536));
#661 = CARTESIAN_POINT('',(13.345008719202,-1.180491756718,
    -1.115852061744));
#662 = CARTESIAN_POINT('',(13.342914617571,-1.161414055162,
    -1.016520921327));
#663 = CARTESIAN_POINT('',(13.341783366159,-1.151276048336,
    -0.916274960726));
#664 = CARTESIAN_POINT('',(13.341507701293,-1.148808867103,
    -0.706835890116));
#665 = CARTESIAN_POINT('',(13.342543821016,-1.158099169913,
    -0.597718782854));
#666 = CARTESIAN_POINT('',(13.344806807209,-1.177950846188,
    -0.48956002762));
#667 = CARTESIAN_POINT('',(13.347696548764,-1.208315086909,
    -0.383390151109));
#668 = CARTESIAN_POINT('',(13.35,-1.249090402616,-0.280313284332));
#669 = CARTESIAN_POINT('',(13.35,-1.3,-0.181534156157));
#670 = PCURVE('',#373,#671);
#671 = DEFINITIONAL_REPRESENTATION('',(#672),#680);
#672 = B_SPLINE_CURVE_WITH_KNOTS('',6,(#673,#674,#675,#676,#677,#678,
    #679),.UNSPECIFIED.,.F.,.F.,(7,7),(2.094756747606E-06,0.312131698533
    ),.PIECEWISE_BEZIER_KNOTS.);
#673 = CARTESIAN_POINT('',(6.290102889939,-1.62676669163E-15));
#674 = CARTESIAN_POINT('',(6.312007799879,5.960209649566E-02));
#675 = CARTESIAN_POINT('',(6.331210480584,0.120694608698));
#676 = CARTESIAN_POINT('',(6.347686632967,0.183020154219));
#677 = CARTESIAN_POINT('',(6.3614045706,0.24633420781));
#678 = CARTESIAN_POINT('',(6.372336566442,0.310402962785));
#679 = CARTESIAN_POINT('',(6.380463060937,0.375000000551));
#680 = ( GEOMETRIC_REPRESENTATION_CONTEXT(2) 
PARAMETRIC_REPRESENTATION_CONTEXT() REPRESENTATION_CONTEXT('2D SPACE',''
  ) );
#681 = PCURVE('',#446,#682);
#682 = DEFINITIONAL_REPRESENTATION('',(#683),#691);
#683 = B_SPLINE_CURVE_WITH_KNOTS('',6,(#684,#685,#686,#687,#688,#689,
    #690),.UNSPECIFIED.,.F.,.F.,(7,7),(2.094756747606E-06,0.312131698533
    ),.PIECEWISE_BEZIER_KNOTS.);
#684 = CARTESIAN_POINT('',(7.393427642293,0.949967699387));
#685 = CARTESIAN_POINT('',(7.442712510424,0.949763136834));
#686 = CARTESIAN_POINT('',(7.491783625181,0.948806600381));
#687 = CARTESIAN_POINT('',(7.540667307181,0.94745765756));
#688 = CARTESIAN_POINT('',(7.58939592282,0.946009970507));
#689 = CARTESIAN_POINT('',(7.638005140591,0.94468307982));
#690 = CARTESIAN_POINT('',(7.686533553368,0.94361754239));
#691 = ( GEOMETRIC_REPRESENTATION_CONTEXT(2) 
PARAMETRIC_REPRESENTATION_CONTEXT() REPRESENTATION_CONTEXT('2D SPACE',''
  ) );
#692 = ORIENTED_EDGE('',*,*,#693,.T.);
#693 = EDGE_CURVE('',#654,#694,#696,.T.);
#694 = VERTEX_POINT('',#695);
#695 = CARTESIAN_POINT('',(10.65080949354,-1.346743740533,-1.4));
#696 = SURFACE_CURVE('',#697,(#702,#708),.PCURVE_S1.);
#697 = CIRCLE('',#698,1.35);
#698 = AXIS2_PLACEMENT_3D('',#699,#700,#701);
#699 = CARTESIAN_POINT('',(12.,-1.3,-1.4));
#700 = DIRECTION('',(0.,0.,1.));
#701 = DIRECTION('',(1.,0.,0.));
#702 = PCURVE('',#373,#703);
#703 = DEFINITIONAL_REPRESENTATION('',(#704),#707);
#704 = B_SPLINE_CURVE_WITH_KNOTS('',1,(#705,#706),.UNSPECIFIED.,.F.,.F.,
  (2,2),(6.91758275972E-03,3.176224568906),.PIECEWISE_BEZIER_KNOTS.);
#705 = CARTESIAN_POINT('',(6.290102889939,0.));
#706 = CARTESIAN_POINT('',(9.459409876086,0.));
#707 = ( GEOMETRIC_REPRESENTATION_CONTEXT(2) 
PARAMETRIC_REPRESENTATION_CONTEXT() REPRESENTATION_CONTEXT('2D SPACE',''
  ) );
#708 = PCURVE('',#709,#714);
#709 = PLANE('',#710);
#710 = AXIS2_PLACEMENT_3D('',#711,#712,#713);
#711 = CARTESIAN_POINT('',(12.,-1.3,-1.4));
#712 = DIRECTION('',(0.,0.,1.));
#713 = DIRECTION('',(1.,0.,0.));
#714 = DEFINITIONAL_REPRESENTATION('',(#715),#719);
#715 = CIRCLE('',#716,1.35);
#716 = AXIS2_PLACEMENT_2D('',#717,#718);
#717 = CARTESIAN_POINT('',(0.,0.));
#718 = DIRECTION('',(1.,0.));
#719 = ( GEOMETRIC_REPRESENTATION_CONTEXT(2) 
PARAMETRIC_REPRESENTATION_CONTEXT() REPRESENTATION_CONTEXT('2D SPACE',''
  ) );
#720 = ORIENTED_EDGE('',*,*,#721,.T.);
#721 = EDGE_CURVE('',#694,#338,#722,.T.);
#722 = SURFACE_CURVE('',#723,(#756,#772),.PCURVE_S1.);
#723 = B_SPLINE_CURVE_WITH_KNOTS('',6,(#724,#725,#726,#727,#728,#729,
    #730,#731,#732,#733,#734,#735,#736,#737,#738,#739,#740,#741,#742,
    #743,#744,#745,#746,#747,#748,#749,#750,#751,#752,#753,#754,#755),
  .UNSPECIFIED.,.F.,.F.,(7,5,5,5,5,5,7),(0.,6.976326358523E-02,
    0.355771507152,0.67133740907,0.747355809567,0.845830415804,1.),
  .UNSPECIFIED.);
#724 = CARTESIAN_POINT('',(10.650809536801,-1.346744989174,-1.4000024));
#725 = CARTESIAN_POINT('',(10.650479565612,-1.337221102466,
    -1.381696689774));
#726 = CARTESIAN_POINT('',(10.650242893413,-1.328058651033,
    -1.363234056573));
#727 = CARTESIAN_POINT('',(10.650088001094,-1.31925993679,
    -1.344623282873));
#728 = CARTESIAN_POINT('',(10.650004050175,-1.310826948431,
    -1.325872901659));
#729 = CARTESIAN_POINT('',(10.649980882815,-1.302761361435,
    -1.306991196432));
#730 = CARTESIAN_POINT('',(10.650124383124,-1.263509894252,
    -1.21007147898));
#731 = CARTESIAN_POINT('',(10.651102457961,-1.238152679637,
    -1.130081486519));
#732 = CARTESIAN_POINT('',(10.652290142999,-1.219088005187,
    -1.04856862217));
#733 = CARTESIAN_POINT('',(10.653236483905,-1.206364315774,
    -0.966052269423));
#734 = CARTESIAN_POINT('',(10.653708798216,-1.2,-0.883031870511));
#735 = CARTESIAN_POINT('',(10.653708798216,-1.2,-0.708387161226));
#736 = CARTESIAN_POINT('',(10.65313344751,-1.207747258857,
    -0.616789848637));
#737 = CARTESIAN_POINT('',(10.651982417171,-1.223237149165,
    -0.525868504164));
#738 = CARTESIAN_POINT('',(10.650596445352,-1.246437736258,
    -0.436293614522));
#739 = CARTESIAN_POINT('',(10.649646765339,-1.277282423473,
    -0.348769439165));
#740 = CARTESIAN_POINT('',(10.650197225673,-1.324855026763,
    -0.243640314497));
#741 = CARTESIAN_POINT('',(10.650384934869,-1.334524993599,
    -0.223394462181));
#742 = CARTESIAN_POINT('',(10.65066691001,-1.344627483764,
    -0.203322265122));
#743 = CARTESIAN_POINT('',(10.6510574854,-1.355159753114,-0.183434893784
    ));
#744 = CARTESIAN_POINT('',(10.651571911836,-1.366118470394,
    -0.163743936046));
#745 = CARTESIAN_POINT('',(10.653074127549,-1.392243039838,
    -0.119023621485));
#746 = CARTESIAN_POINT('',(10.65415673248,-1.407695097557,
    -9.413564734406E-02));
#747 = CARTESIAN_POINT('',(10.65550952951,-1.423847708545,
    -6.962369212248E-02));
#748 = CARTESIAN_POINT('',(10.657169798424,-1.44068940186,
    -4.551541906958E-02));
#749 = CARTESIAN_POINT('',(10.659176740679,-1.458205417473,
    -2.183993733654E-02));
#750 = CARTESIAN_POINT('',(10.66532062742,-1.504827824663,
    3.771258458222E-02));
#751 = CARTESIAN_POINT('',(10.670023073774,-1.534909895074,
    7.294788897724E-02));
#752 = CARTESIAN_POINT('',(10.675834392426,-1.566526663191,
    0.106918949428));
#753 = CARTESIAN_POINT('',(10.682913782839,-1.599561439345,
    0.139489961518));
#754 = CARTESIAN_POINT('',(10.691419726573,-1.633881335619,
    0.170547976568));
#755 = CARTESIAN_POINT('',(10.701505643886,-1.669340502977,0.2000024));
#756 = PCURVE('',#373,#757);
#757 = DEFINITIONAL_REPRESENTATION('',(#758),#771);
#758 = B_SPLINE_CURVE_WITH_KNOTS('',6,(#759,#760,#761,#762,#763,#764,
    #765,#766,#767,#768,#769,#770),.UNSPECIFIED.,.F.,.F.,(7,5,7),(
    1.524403698106E-06,6.976326358523E-02,0.226049114206),
  .UNSPECIFIED.);
#759 = CARTESIAN_POINT('',(9.459409876086,-6.386485485488E-17));
#760 = CARTESIAN_POINT('',(9.452351095973,1.830532737095E-02));
#761 = CARTESIAN_POINT('',(9.445562256027,3.676757009036E-02));
#762 = CARTESIAN_POINT('',(9.439044163111,5.537794627654E-02));
#763 = CARTESIAN_POINT('',(9.432797598735,7.412792351285E-02));
#764 = CARTESIAN_POINT('',(9.42682331906,9.300921884768E-02));
#765 = CARTESIAN_POINT('',(9.408349625048,0.154589385033));
#766 = CARTESIAN_POINT('',(9.39694700506,0.197784636143));
#767 = CARTESIAN_POINT('',(9.386922846487,0.241509420811));
#768 = CARTESIAN_POINT('',(9.378285714187,0.285676551291));
#769 = CARTESIAN_POINT('',(9.371043266343,0.330201146458));
#770 = CARTESIAN_POINT('',(9.36520143447,0.37499999487));
#771 = ( GEOMETRIC_REPRESENTATION_CONTEXT(2) 
PARAMETRIC_REPRESENTATION_CONTEXT() REPRESENTATION_CONTEXT('2D SPACE',''
  ) );
#772 = PCURVE('',#154,#773);
#773 = DEFINITIONAL_REPRESENTATION('',(#774),#787);
#774 = B_SPLINE_CURVE_WITH_KNOTS('',6,(#775,#776,#777,#778,#779,#780,
    #781,#782,#783,#784,#785,#786),.UNSPECIFIED.,.F.,.F.,(7,5,7),(
    1.524403698106E-06,6.976326358523E-02,0.226049114206),
  .UNSPECIFIED.);
#775 = CARTESIAN_POINT('',(7.374252996299,0.15080949354));
#776 = CARTESIAN_POINT('',(7.390125728157,0.150479539755));
#777 = CARTESIAN_POINT('',(7.405977224673,0.150242879875));
#778 = CARTESIAN_POINT('',(7.421807873682,0.150087995591));
#779 = CARTESIAN_POINT('',(7.437618247708,0.150004049163));
#780 = CARTESIAN_POINT('',(7.453409103962,0.14998088343));
#781 = CARTESIAN_POINT('',(7.504515713512,0.150072059644));
#782 = CARTESIAN_POINT('',(7.539757484437,0.150392699242));
#783 = CARTESIAN_POINT('',(7.574917447675,0.150864377898));
#784 = CARTESIAN_POINT('',(7.610007418733,0.151398556281));
#785 = CARTESIAN_POINT('',(7.645040075953,0.151925503933));
#786 = CARTESIAN_POINT('',(7.680028758382,0.152395084777));
#787 = ( GEOMETRIC_REPRESENTATION_CONTEXT(2) 
PARAMETRIC_REPRESENTATION_CONTEXT() REPRESENTATION_CONTEXT('2D SPACE',''
  ) );
#788 = ORIENTED_EDGE('',*,*,#358,.F.);
#789 = ORIENTED_EDGE('',*,*,#790,.T.);
#790 = EDGE_CURVE('',#314,#791,#793,.T.);
#791 = VERTEX_POINT('',#792);
#792 = CARTESIAN_POINT('',(10.718643297126,-0.875,-0.175));
#793 = SURFACE_CURVE('',#794,(#798,#804),.PCURVE_S1.);
#794 = LINE('',#795,#796);
#795 = CARTESIAN_POINT('',(10.718643297126,-0.875,-1.4));
#796 = VECTOR('',#797,1.);
#797 = DIRECTION('',(0.,0.,1.));
#798 = PCURVE('',#373,#799);
#799 = DEFINITIONAL_REPRESENTATION('',(#800),#803);
#800 = B_SPLINE_CURVE_WITH_KNOTS('',1,(#801,#802),.UNSPECIFIED.,.F.,.F.,
  (2,2),(0.375,1.225),.PIECEWISE_BEZIER_KNOTS.);
#801 = CARTESIAN_POINT('',(9.104516418737,0.375));
#802 = CARTESIAN_POINT('',(9.104516418737,1.225));
#803 = ( GEOMETRIC_REPRESENTATION_CONTEXT(2) 
PARAMETRIC_REPRESENTATION_CONTEXT() REPRESENTATION_CONTEXT('2D SPACE',''
  ) );
#804 = PCURVE('',#210,#805);
#805 = DEFINITIONAL_REPRESENTATION('',(#806),#809);
#806 = B_SPLINE_CURVE_WITH_KNOTS('',1,(#807,#808),.UNSPECIFIED.,.F.,.F.,
  (2,2),(0.29,1.31),.PIECEWISE_BEZIER_KNOTS.);
#807 = CARTESIAN_POINT('',(-8.5E-02,0.218643297126));
#808 = CARTESIAN_POINT('',(0.935,0.218643297126));
#809 = ( GEOMETRIC_REPRESENTATION_CONTEXT(2) 
PARAMETRIC_REPRESENTATION_CONTEXT() REPRESENTATION_CONTEXT('2D SPACE',''
  ) );
#810 = ORIENTED_EDGE('',*,*,#811,.T.);
#811 = EDGE_CURVE('',#791,#812,#814,.T.);
#812 = VERTEX_POINT('',#813);
#813 = CARTESIAN_POINT('',(10.651338386532,-1.360098688482,-0.175));
#814 = SURFACE_CURVE('',#815,(#820,#826),.PCURVE_S1.);
#815 = CIRCLE('',#816,1.35);
#816 = AXIS2_PLACEMENT_3D('',#817,#818,#819);
#817 = CARTESIAN_POINT('',(12.,-1.3,-0.175));
#818 = DIRECTION('',(0.,0.,1.));
#819 = DIRECTION('',(1.,0.,0.));
#820 = PCURVE('',#373,#821);
#821 = DEFINITIONAL_REPRESENTATION('',(#822),#825);
#822 = B_SPLINE_CURVE_WITH_KNOTS('',1,(#823,#824),.UNSPECIFIED.,.F.,.F.,
  (2,2),(2.821331111557,3.186124917977),.PIECEWISE_BEZIER_KNOTS.);
#823 = CARTESIAN_POINT('',(9.104516418737,1.225));
#824 = CARTESIAN_POINT('',(9.469310225157,1.225));
#825 = ( GEOMETRIC_REPRESENTATION_CONTEXT(2) 
PARAMETRIC_REPRESENTATION_CONTEXT() REPRESENTATION_CONTEXT('2D SPACE',''
  ) );
#826 = PCURVE('',#238,#827);
#827 = DEFINITIONAL_REPRESENTATION('',(#828),#832);
#828 = CIRCLE('',#829,1.35);
#829 = AXIS2_PLACEMENT_2D('',#830,#831);
#830 = CARTESIAN_POINT('',(1.5,0.425));
#831 = DIRECTION('',(1.,0.));
#832 = ( GEOMETRIC_REPRESENTATION_CONTEXT(2) 
PARAMETRIC_REPRESENTATION_CONTEXT() REPRESENTATION_CONTEXT('2D SPACE',''
  ) );
#833 = ORIENTED_EDGE('',*,*,#834,.T.);
#834 = EDGE_CURVE('',#812,#388,#835,.T.);
#835 = SURFACE_CURVE('',#836,(#869,#890),.PCURVE_S1.);
#836 = B_SPLINE_CURVE_WITH_KNOTS('',6,(#837,#838,#839,#840,#841,#842,
    #843,#844,#845,#846,#847,#848,#849,#850,#851,#852,#853,#854,#855,
    #856,#857,#858,#859,#860,#861,#862,#863,#864,#865,#866,#867,#868),
  .UNSPECIFIED.,.F.,.F.,(7,5,5,5,5,5,7),(0.,6.976326358523E-02,
    0.355771507152,0.67133740907,0.747355809567,0.845830415804,1.),
  .UNSPECIFIED.);
#837 = CARTESIAN_POINT('',(10.650809536801,-1.346744989174,-1.4000024));
#838 = CARTESIAN_POINT('',(10.650479565612,-1.337221102466,
    -1.381696689774));
#839 = CARTESIAN_POINT('',(10.650242893413,-1.328058651033,
    -1.363234056573));
#840 = CARTESIAN_POINT('',(10.650088001094,-1.31925993679,
    -1.344623282873));
#841 = CARTESIAN_POINT('',(10.650004050175,-1.310826948431,
    -1.325872901659));
#842 = CARTESIAN_POINT('',(10.649980882815,-1.302761361435,
    -1.306991196432));
#843 = CARTESIAN_POINT('',(10.650124383124,-1.263509894252,
    -1.21007147898));
#844 = CARTESIAN_POINT('',(10.651102457961,-1.238152679637,
    -1.130081486519));
#845 = CARTESIAN_POINT('',(10.652290142999,-1.219088005187,
    -1.04856862217));
#846 = CARTESIAN_POINT('',(10.653236483905,-1.206364315774,
    -0.966052269423));
#847 = CARTESIAN_POINT('',(10.653708798216,-1.2,-0.883031870511));
#848 = CARTESIAN_POINT('',(10.653708798216,-1.2,-0.708387161226));
#849 = CARTESIAN_POINT('',(10.65313344751,-1.207747258857,
    -0.616789848637));
#850 = CARTESIAN_POINT('',(10.651982417171,-1.223237149165,
    -0.525868504164));
#851 = CARTESIAN_POINT('',(10.650596445352,-1.246437736258,
    -0.436293614522));
#852 = CARTESIAN_POINT('',(10.649646765339,-1.277282423473,
    -0.348769439165));
#853 = CARTESIAN_POINT('',(10.650197225673,-1.324855026763,
    -0.243640314497));
#854 = CARTESIAN_POINT('',(10.650384934869,-1.334524993599,
    -0.223394462181));
#855 = CARTESIAN_POINT('',(10.65066691001,-1.344627483764,
    -0.203322265122));
#856 = CARTESIAN_POINT('',(10.6510574854,-1.355159753114,-0.183434893784
    ));
#857 = CARTESIAN_POINT('',(10.651571911836,-1.366118470394,
    -0.163743936046));
#858 = CARTESIAN_POINT('',(10.653074127549,-1.392243039838,
    -0.119023621485));
#859 = CARTESIAN_POINT('',(10.65415673248,-1.407695097557,
    -9.413564734406E-02));
#860 = CARTESIAN_POINT('',(10.65550952951,-1.423847708545,
    -6.962369212248E-02));
#861 = CARTESIAN_POINT('',(10.657169798424,-1.44068940186,
    -4.551541906958E-02));
#862 = CARTESIAN_POINT('',(10.659176740679,-1.458205417473,
    -2.183993733654E-02));
#863 = CARTESIAN_POINT('',(10.66532062742,-1.504827824663,
    3.771258458222E-02));
#864 = CARTESIAN_POINT('',(10.670023073774,-1.534909895074,
    7.294788897724E-02));
#865 = CARTESIAN_POINT('',(10.675834392426,-1.566526663191,
    0.106918949428));
#866 = CARTESIAN_POINT('',(10.682913782839,-1.599561439345,
    0.139489961518));
#867 = CARTESIAN_POINT('',(10.691419726573,-1.633881335619,
    0.170547976568));
#868 = CARTESIAN_POINT('',(10.701505643886,-1.669340502977,0.2000024));
#869 = PCURVE('',#373,#870);
#870 = DEFINITIONAL_REPRESENTATION('',(#871),#889);
#871 = B_SPLINE_CURVE_WITH_KNOTS('',6,(#872,#873,#874,#875,#876,#877,
    #878,#879,#880,#881,#882,#883,#884,#885,#886,#887,#888),
  .UNSPECIFIED.,.F.,.F.,(7,5,5,7),(0.727502030367,0.747355809567,
    0.845830415804,0.999997906334),.UNSPECIFIED.);
#872 = CARTESIAN_POINT('',(9.469310225376,1.22499999646));
#873 = CARTESIAN_POINT('',(9.471406877127,1.230157226998));
#874 = CARTESIAN_POINT('',(9.473525329259,1.235301085075));
#875 = CARTESIAN_POINT('',(9.475665561817,1.240431362649));
#876 = CARTESIAN_POINT('',(9.4778275545,1.245547849736));
#877 = CARTESIAN_POINT('',(9.480011286662,1.25065033441));
#878 = CARTESIAN_POINT('',(9.493155757129,1.280976378515));
#879 = CARTESIAN_POINT('',(9.504628953086,1.305864352656));
#880 = CARTESIAN_POINT('',(9.516633933167,1.330376307878));
#881 = CARTESIAN_POINT('',(9.529167440551,1.35448458093));
#882 = CARTESIAN_POINT('',(9.542225353612,1.378160062663));
#883 = CARTESIAN_POINT('',(9.577058757199,1.43771209107));
#884 = CARTESIAN_POINT('',(9.599605560784,1.472946931967));
#885 = CARTESIAN_POINT('',(9.623403933472,1.506917565418));
#886 = CARTESIAN_POINT('',(9.64841155025,1.539488192223));
#887 = CARTESIAN_POINT('',(9.67458712027,1.570545867683));
#888 = CARTESIAN_POINT('',(9.701894582829,1.6));
#889 = ( GEOMETRIC_REPRESENTATION_CONTEXT(2) 
PARAMETRIC_REPRESENTATION_CONTEXT() REPRESENTATION_CONTEXT('2D SPACE',''
  ) );
#890 = PCURVE('',#271,#891);
#891 = DEFINITIONAL_REPRESENTATION('',(#892),#910);
#892 = B_SPLINE_CURVE_WITH_KNOTS('',6,(#893,#894,#895,#896,#897,#898,
    #899,#900,#901,#902,#903,#904,#905,#906,#907,#908,#909),
  .UNSPECIFIED.,.F.,.F.,(7,5,5,7),(0.727502030367,0.747355809567,
    0.845830415804,0.999997906334),.UNSPECIFIED.);
#893 = CARTESIAN_POINT('',(2.072328097597,0.151338389564));
#894 = CARTESIAN_POINT('',(2.076852375601,0.151464395496));
#895 = CARTESIAN_POINT('',(2.08137838965,0.151598825634));
#896 = CARTESIAN_POINT('',(2.085906143328,0.151741955198));
#897 = CARTESIAN_POINT('',(2.090435638548,0.151894063673));
#898 = CARTESIAN_POINT('',(2.094966875559,0.152055434804));
#899 = CARTESIAN_POINT('',(2.121983389114,0.153074127549));
#900 = CARTESIAN_POINT('',(2.144509548073,0.15415673248));
#901 = CARTESIAN_POINT('',(2.167078298873,0.15550952951));
#902 = CARTESIAN_POINT('',(2.189687623029,0.157169798424));
#903 = CARTESIAN_POINT('',(2.212333514512,0.159176740679));
#904 = CARTESIAN_POINT('',(2.27051125133,0.165320576505));
#905 = CARTESIAN_POINT('',(2.306117007206,0.170022946053));
#906 = CARTESIAN_POINT('',(2.3417653635,0.175834155669));
#907 = CARTESIAN_POINT('',(2.377401451297,0.18291339828));
#908 = CARTESIAN_POINT('',(2.412974137555,0.19141914901));
#909 = CARTESIAN_POINT('',(2.448432746013,0.201504822073));
#910 = ( GEOMETRIC_REPRESENTATION_CONTEXT(2) 
PARAMETRIC_REPRESENTATION_CONTEXT() REPRESENTATION_CONTEXT('2D SPACE',''
  ) );
#911 = ADVANCED_FACE('',(#912),#709,.F.);
#912 = FACE_BOUND('',#913,.F.);
#913 = EDGE_LOOP('',(#914,#935,#936,#957));
#914 = ORIENTED_EDGE('',*,*,#915,.T.);
#915 = EDGE_CURVE('',#916,#654,#918,.T.);
#916 = VERTEX_POINT('',#917);
#917 = CARTESIAN_POINT('',(12.599927320088,-1.290661337755,-1.4));
#918 = SURFACE_CURVE('',#919,(#923,#929),.PCURVE_S1.);
#919 = LINE('',#920,#921);
#920 = CARTESIAN_POINT('',(12.4,-1.290661337755,-1.4));
#921 = VECTOR('',#922,1.);
#922 = DIRECTION('',(1.,0.,0.));
#923 = PCURVE('',#709,#924);
#924 = DEFINITIONAL_REPRESENTATION('',(#925),#928);
#925 = B_SPLINE_CURVE_WITH_KNOTS('',1,(#926,#927),.UNSPECIFIED.,.F.,.F.,
  (2,2),(-2.399999999625E-06,1.22),.PIECEWISE_BEZIER_KNOTS.);
#926 = CARTESIAN_POINT('',(0.3999976,9.338662244783E-03));
#927 = CARTESIAN_POINT('',(1.62,9.338662244783E-03));
#928 = ( GEOMETRIC_REPRESENTATION_CONTEXT(2) 
PARAMETRIC_REPRESENTATION_CONTEXT() REPRESENTATION_CONTEXT('2D SPACE',''
  ) );
#929 = PCURVE('',#446,#930);
#930 = DEFINITIONAL_REPRESENTATION('',(#931),#934);
#931 = B_SPLINE_CURVE_WITH_KNOTS('',1,(#932,#933),.UNSPECIFIED.,.F.,.F.,
  (2,2),(0.199927320088,0.949967699387),.PIECEWISE_BEZIER_KNOTS.);
#932 = CARTESIAN_POINT('',(7.393427642293,0.199927320088));
#933 = CARTESIAN_POINT('',(7.393427642293,0.949967699387));
#934 = ( GEOMETRIC_REPRESENTATION_CONTEXT(2) 
PARAMETRIC_REPRESENTATION_CONTEXT() REPRESENTATION_CONTEXT('2D SPACE',''
  ) );
#935 = ORIENTED_EDGE('',*,*,#693,.T.);
#936 = ORIENTED_EDGE('',*,*,#937,.T.);
#937 = EDGE_CURVE('',#694,#938,#940,.T.);
#938 = VERTEX_POINT('',#939);
#939 = CARTESIAN_POINT('',(11.40182358562,-1.346743740533,-1.4));
#940 = SURFACE_CURVE('',#941,(#945,#951),.PCURVE_S1.);
#941 = LINE('',#942,#943);
#942 = CARTESIAN_POINT('',(10.5,-1.346743740533,-1.4));
#943 = VECTOR('',#944,1.);
#944 = DIRECTION('',(1.,0.,0.));
#945 = PCURVE('',#709,#946);
#946 = DEFINITIONAL_REPRESENTATION('',(#947),#950);
#947 = B_SPLINE_CURVE_WITH_KNOTS('',1,(#948,#949),.UNSPECIFIED.,.F.,.F.,
  (2,2),(-2.399999999625E-06,1.4000024),.PIECEWISE_BEZIER_KNOTS.);
#948 = CARTESIAN_POINT('',(-1.5000024,-4.674374053292E-02));
#949 = CARTESIAN_POINT('',(-9.99976E-02,-4.674374053292E-02));
#950 = ( GEOMETRIC_REPRESENTATION_CONTEXT(2) 
PARAMETRIC_REPRESENTATION_CONTEXT() REPRESENTATION_CONTEXT('2D SPACE',''
  ) );
#951 = PCURVE('',#154,#952);
#952 = DEFINITIONAL_REPRESENTATION('',(#953),#956);
#953 = B_SPLINE_CURVE_WITH_KNOTS('',1,(#954,#955),.UNSPECIFIED.,.F.,.F.,
  (2,2),(0.15080949354,0.90182358562),.PIECEWISE_BEZIER_KNOTS.);
#954 = CARTESIAN_POINT('',(7.374252996299,0.15080949354));
#955 = CARTESIAN_POINT('',(7.374252996299,0.90182358562));
#956 = ( GEOMETRIC_REPRESENTATION_CONTEXT(2) 
PARAMETRIC_REPRESENTATION_CONTEXT() REPRESENTATION_CONTEXT('2D SPACE',''
  ) );
#957 = ORIENTED_EDGE('',*,*,#958,.F.);
#958 = EDGE_CURVE('',#916,#938,#959,.T.);
#959 = SURFACE_CURVE('',#960,(#965,#972),.PCURVE_S1.);
#960 = CIRCLE('',#961,0.6);
#961 = AXIS2_PLACEMENT_3D('',#962,#963,#964);
#962 = CARTESIAN_POINT('',(12.,-1.3,-1.4));
#963 = DIRECTION('',(0.,0.,1.));
#964 = DIRECTION('',(1.,0.,0.));
#965 = PCURVE('',#709,#966);
#966 = DEFINITIONAL_REPRESENTATION('',(#967),#971);
#967 = CIRCLE('',#968,0.6);
#968 = AXIS2_PLACEMENT_2D('',#969,#970);
#969 = CARTESIAN_POINT('',(0.,0.));
#970 = DIRECTION('',(1.,0.));
#971 = ( GEOMETRIC_REPRESENTATION_CONTEXT(2) 
PARAMETRIC_REPRESENTATION_CONTEXT() REPRESENTATION_CONTEXT('2D SPACE',''
  ) );
#972 = PCURVE('',#973,#978);
#973 = CYLINDRICAL_SURFACE('',#974,0.6);
#974 = AXIS2_PLACEMENT_3D('',#975,#976,#977);
#975 = CARTESIAN_POINT('',(12.,-1.3,-2.35));
#976 = DIRECTION('',(0.,0.,1.));
#977 = DIRECTION('',(1.,0.,0.));
#978 = DEFINITIONAL_REPRESENTATION('',(#979),#983);
#979 = LINE('',#980,#981);
#980 = CARTESIAN_POINT('',(0.,0.95));
#981 = VECTOR('',#982,1.);
#982 = DIRECTION('',(1.,0.));
#983 = ( GEOMETRIC_REPRESENTATION_CONTEXT(2) 
PARAMETRIC_REPRESENTATION_CONTEXT() REPRESENTATION_CONTEXT('2D SPACE',''
  ) );
#984 = ADVANCED_FACE('',(#985),#973,.T.);
#985 = FACE_BOUND('',#986,.T.);
#986 = EDGE_LOOP('',(#987,#988,#1017,#1040,#1067,#1068,#1133,#1159,#1188
    ,#1214));
#987 = ORIENTED_EDGE('',*,*,#958,.F.);
#988 = ORIENTED_EDGE('',*,*,#989,.F.);
#989 = EDGE_CURVE('',#990,#916,#992,.T.);
#990 = VERTEX_POINT('',#991);
#991 = CARTESIAN_POINT('',(12.6,-1.3,-1.418465843843));
#992 = SURFACE_CURVE('',#993,(#999,#1008),.PCURVE_S1.);
#993 = B_SPLINE_CURVE_WITH_KNOTS('',4,(#994,#995,#996,#997,#998),
  .UNSPECIFIED.,.F.,.F.,(5,5),(0.,1.),.PIECEWISE_BEZIER_KNOTS.);
#994 = CARTESIAN_POINT('',(12.6,-1.3,-1.418465843843));
#995 = CARTESIAN_POINT('',(12.6,-1.297634134631,-1.413875390754));
#996 = CARTESIAN_POINT('',(12.599987561502,-1.295288692996,
    -1.409267069306));
#997 = CARTESIAN_POINT('',(12.599963167773,-1.292963944052,
    -1.404641074504));
#998 = CARTESIAN_POINT('',(12.599927301551,-1.290660147025,-1.3999976));
#999 = PCURVE('',#973,#1000);
#1000 = DEFINITIONAL_REPRESENTATION('',(#1001),#1007);
#1001 = B_SPLINE_CURVE_WITH_KNOTS('',4,(#1002,#1003,#1004,#1005,#1006),
  .UNSPECIFIED.,.F.,.F.,(5,5),(0.,1.),.PIECEWISE_BEZIER_KNOTS.);
#1002 = CARTESIAN_POINT('',(0.,0.931534156157));
#1003 = CARTESIAN_POINT('',(3.943108948434E-03,0.936124609246));
#1004 = CARTESIAN_POINT('',(7.852178355002E-03,0.940732930694));
#1005 = CARTESIAN_POINT('',(1.172692335602E-02,0.945358925496));
#1006 = CARTESIAN_POINT('',(1.556705035298E-02,0.9500024));
#1007 = ( GEOMETRIC_REPRESENTATION_CONTEXT(2) 
PARAMETRIC_REPRESENTATION_CONTEXT() REPRESENTATION_CONTEXT('2D SPACE',''
  ) );
#1008 = PCURVE('',#446,#1009);
#1009 = DEFINITIONAL_REPRESENTATION('',(#1010),#1016);
#1010 = B_SPLINE_CURVE_WITH_KNOTS('',4,(#1011,#1012,#1013,#1014,#1015),
  .UNSPECIFIED.,.F.,.F.,(5,5),(0.,0.999870786318),
  .PIECEWISE_BEZIER_KNOTS.);
#1011 = CARTESIAN_POINT('',(7.378099384314,0.2));
#1012 = CARTESIAN_POINT('',(7.381924267597,0.2));
#1013 = CARTESIAN_POINT('',(7.385753984003,0.199987564716));
#1014 = CARTESIAN_POINT('',(7.389588463184,0.199963177228));
#1015 = CARTESIAN_POINT('',(7.393427642293,0.199927320088));
#1016 = ( GEOMETRIC_REPRESENTATION_CONTEXT(2) 
PARAMETRIC_REPRESENTATION_CONTEXT() REPRESENTATION_CONTEXT('2D SPACE',''
  ) );
#1017 = ORIENTED_EDGE('',*,*,#1018,.F.);
#1018 = EDGE_CURVE('',#1019,#990,#1021,.T.);
#1019 = VERTEX_POINT('',#1020);
#1020 = CARTESIAN_POINT('',(12.6,-1.3,-2.35));
#1021 = SEAM_CURVE('',#1022,(#1026,#1033),.PCURVE_S1.);
#1022 = LINE('',#1023,#1024);
#1023 = CARTESIAN_POINT('',(12.6,-1.3,-2.35));
#1024 = VECTOR('',#1025,1.);
#1025 = DIRECTION('',(0.,0.,1.));
#1026 = PCURVE('',#973,#1027);
#1027 = DEFINITIONAL_REPRESENTATION('',(#1028),#1032);
#1028 = LINE('',#1029,#1030);
#1029 = CARTESIAN_POINT('',(6.28318530718,-0.));
#1030 = VECTOR('',#1031,1.);
#1031 = DIRECTION('',(0.,1.));
#1032 = ( GEOMETRIC_REPRESENTATION_CONTEXT(2) 
PARAMETRIC_REPRESENTATION_CONTEXT() REPRESENTATION_CONTEXT('2D SPACE',''
  ) );
#1033 = PCURVE('',#973,#1034);
#1034 = DEFINITIONAL_REPRESENTATION('',(#1035),#1039);
#1035 = LINE('',#1036,#1037);
#1036 = CARTESIAN_POINT('',(0.,-0.));
#1037 = VECTOR('',#1038,1.);
#1038 = DIRECTION('',(0.,1.));
#1039 = ( GEOMETRIC_REPRESENTATION_CONTEXT(2) 
PARAMETRIC_REPRESENTATION_CONTEXT() REPRESENTATION_CONTEXT('2D SPACE',''
  ) );
#1040 = ORIENTED_EDGE('',*,*,#1041,.T.);
#1041 = EDGE_CURVE('',#1019,#1019,#1042,.T.);
#1042 = SURFACE_CURVE('',#1043,(#1048,#1055),.PCURVE_S1.);
#1043 = CIRCLE('',#1044,0.6);
#1044 = AXIS2_PLACEMENT_3D('',#1045,#1046,#1047);
#1045 = CARTESIAN_POINT('',(12.,-1.3,-2.35));
#1046 = DIRECTION('',(0.,0.,1.));
#1047 = DIRECTION('',(1.,0.,0.));
#1048 = PCURVE('',#973,#1049);
#1049 = DEFINITIONAL_REPRESENTATION('',(#1050),#1054);
#1050 = LINE('',#1051,#1052);
#1051 = CARTESIAN_POINT('',(0.,0.));
#1052 = VECTOR('',#1053,1.);
#1053 = DIRECTION('',(1.,0.));
#1054 = ( GEOMETRIC_REPRESENTATION_CONTEXT(2) 
PARAMETRIC_REPRESENTATION_CONTEXT() REPRESENTATION_CONTEXT('2D SPACE',''
  ) );
#1055 = PCURVE('',#1056,#1061);
#1056 = PLANE('',#1057);
#1057 = AXIS2_PLACEMENT_3D('',#1058,#1059,#1060);
#1058 = CARTESIAN_POINT('',(12.,-1.3,-2.35));
#1059 = DIRECTION('',(0.,0.,1.));
#1060 = DIRECTION('',(1.,0.,0.));
#1061 = DEFINITIONAL_REPRESENTATION('',(#1062),#1066);
#1062 = CIRCLE('',#1063,0.6);
#1063 = AXIS2_PLACEMENT_2D('',#1064,#1065);
#1064 = CARTESIAN_POINT('',(0.,0.));
#1065 = DIRECTION('',(1.,0.));
#1066 = ( GEOMETRIC_REPRESENTATION_CONTEXT(2) 
PARAMETRIC_REPRESENTATION_CONTEXT() REPRESENTATION_CONTEXT('2D SPACE',''
  ) );
#1067 = ORIENTED_EDGE('',*,*,#1018,.T.);
#1068 = ORIENTED_EDGE('',*,*,#1069,.F.);
#1069 = EDGE_CURVE('',#1070,#990,#1072,.T.);
#1070 = VERTEX_POINT('',#1071);
#1071 = CARTESIAN_POINT('',(12.4,-1.7472135955,-1.920630460589));
#1072 = SURFACE_CURVE('',#1073,(#1091,#1112),.PCURVE_S1.);
#1073 = B_SPLINE_CURVE_WITH_KNOTS('',6,(#1074,#1075,#1076,#1077,#1078,
    #1079,#1080,#1081,#1082,#1083,#1084,#1085,#1086,#1087,#1088,#1089,
    #1090),.UNSPECIFIED.,.F.,.F.,(7,5,5,7),(0.,0.196977715976,
    0.627324253546,1.),.UNSPECIFIED.);
#1074 = CARTESIAN_POINT('',(12.3999976,-1.747215742114,-1.920631902579)
  );
#1075 = CARTESIAN_POINT('',(12.414701262337,-1.734064528746,
    -1.911797577612));
#1076 = CARTESIAN_POINT('',(12.428803146187,-1.720407361054,
    -1.902354606403));
#1077 = CARTESIAN_POINT('',(12.44226962871,-1.706296374067,
    -1.892289675435));
#1078 = CARTESIAN_POINT('',(12.455074663119,-1.691787719079,
    -1.881592100022));
#1079 = CARTESIAN_POINT('',(12.467199839385,-1.676940145384,
    -1.870254561416));
#1080 = CARTESIAN_POINT('',(12.503616168782,-1.628765863173,
    -1.832099003402));
#1081 = CARTESIAN_POINT('',(12.525269987822,-1.594428369437,
    -1.802887389486));
#1082 = CARTESIAN_POINT('',(12.543512955456,-1.559415115254,
    -1.770605675513));
#1083 = CARTESIAN_POINT('',(12.55842086377,-1.524358723577,
    -1.735306689088));
#1084 = CARTESIAN_POINT('',(12.570217195082,-1.489864334111,
    -1.697159699738));
#1085 = CARTESIAN_POINT('',(12.587047537963,-1.427562536734,
    -1.621252037884));
#1086 = CARTESIAN_POINT('',(12.592780320535,-1.399462818454,
    -1.584105534344));
#1087 = CARTESIAN_POINT('',(12.596672374612,-1.372438779888,
    -1.545128526469));
#1088 = CARTESIAN_POINT('',(12.598986079442,-1.346722819744,
    -1.504433385026));
#1089 = CARTESIAN_POINT('',(12.6,-1.322518336786,-1.46215783494));
#1090 = CARTESIAN_POINT('',(12.6,-1.3,-1.418465843843));
#1091 = PCURVE('',#973,#1092);
#1092 = DEFINITIONAL_REPRESENTATION('',(#1093),#1111);
#1093 = B_SPLINE_CURVE_WITH_KNOTS('',6,(#1094,#1095,#1096,#1097,#1098,
    #1099,#1100,#1101,#1102,#1103,#1104,#1105,#1106,#1107,#1108,#1109,
    #1110),.UNSPECIFIED.,.F.,.F.,(7,5,5,7),(0.,0.196977715976,
    0.627324253546,1.),.UNSPECIFIED.);
#1094 = CARTESIAN_POINT('',(5.442111270061,0.429368097421));
#1095 = CARTESIAN_POINT('',(5.474989500751,0.438202422388));
#1096 = CARTESIAN_POINT('',(5.507682316733,0.447645393597));
#1097 = CARTESIAN_POINT('',(5.540154062369,0.457710324565));
#1098 = CARTESIAN_POINT('',(5.572370223862,0.468407899978));
#1099 = CARTESIAN_POINT('',(5.604296942011,0.479745438584));
#1100 = CARTESIAN_POINT('',(5.704946368145,0.517900996598));
#1101 = CARTESIAN_POINT('',(5.772362383689,0.547112610514));
#1102 = CARTESIAN_POINT('',(5.837841124691,0.579394324487));
#1103 = CARTESIAN_POINT('',(5.90107094004,0.614693310912));
#1104 = CARTESIAN_POINT('',(5.961699474303,0.652840300262));
#1105 = CARTESIAN_POINT('',(6.069257913173,0.728747962116));
#1106 = CARTESIAN_POINT('',(6.116961731569,0.765894465656));
#1107 = CARTESIAN_POINT('',(6.16235916004,0.804871473531));
#1108 = CARTESIAN_POINT('',(6.205313793937,0.845566614974));
#1109 = CARTESIAN_POINT('',(6.245654745869,0.88784216506));
#1110 = CARTESIAN_POINT('',(6.28318530718,0.931534156157));
#1111 = ( GEOMETRIC_REPRESENTATION_CONTEXT(2) 
PARAMETRIC_REPRESENTATION_CONTEXT() REPRESENTATION_CONTEXT('2D SPACE',''
  ) );
#1112 = PCURVE('',#446,#1113);
#1113 = DEFINITIONAL_REPRESENTATION('',(#1114),#1132);
#1114 = B_SPLINE_CURVE_WITH_KNOTS('',6,(#1115,#1116,#1117,#1118,#1119,
    #1120,#1121,#1122,#1123,#1124,#1125,#1126,#1127,#1128,#1129,#1130,
    #1131),.UNSPECIFIED.,.F.,.F.,(7,5,5,7),(5.358617661011E-06,
    0.196977715976,0.627324253546,1.),.UNSPECIFIED.);
#1115 = CARTESIAN_POINT('',(6.874700668361,-3.114375055039E-14));
#1116 = CARTESIAN_POINT('',(6.886435959236,1.470318048357E-02));
#1117 = CARTESIAN_POINT('',(6.898733727844,2.880461156309E-02));
#1118 = CARTESIAN_POINT('',(6.911570305295,4.227067375966E-02));
#1119 = CARTESIAN_POINT('',(6.924919926603,5.507532282952E-02));
#1120 = CARTESIAN_POINT('',(6.938755370828,6.720015045431E-02));
#1121 = CARTESIAN_POINT('',(6.984276547584,0.103616168782));
#1122 = CARTESIAN_POINT('',(7.017650071619,0.125269987822));
#1123 = CARTESIAN_POINT('',(7.05288278087,0.143512955456));
#1124 = CARTESIAN_POINT('',(7.089675502607,0.15842086377));
#1125 = CARTESIAN_POINT('',(7.127728208588,0.170217195082));
#1126 = CARTESIAN_POINT('',(7.200469881226,0.187047537963));
#1127 = CARTESIAN_POINT('',(7.234944579461,0.192780320535));
#1128 = CARTESIAN_POINT('',(7.270031064635,0.196672374612));
#1129 = CARTESIAN_POINT('',(7.305639850575,0.198986079442));
#1130 = CARTESIAN_POINT('',(7.341689391733,0.2));
#1131 = CARTESIAN_POINT('',(7.378099384314,0.2));
#1132 = ( GEOMETRIC_REPRESENTATION_CONTEXT(2) 
PARAMETRIC_REPRESENTATION_CONTEXT() REPRESENTATION_CONTEXT('2D SPACE',''
  ) );
#1133 = ORIENTED_EDGE('',*,*,#1134,.T.);
#1134 = EDGE_CURVE('',#1070,#1135,#1137,.T.);
#1135 = VERTEX_POINT('',#1136);
#1136 = CARTESIAN_POINT('',(12.4,-1.7472135955,-1.4));
#1137 = SURFACE_CURVE('',#1138,(#1142,#1148),.PCURVE_S1.);
#1138 = LINE('',#1139,#1140);
#1139 = CARTESIAN_POINT('',(12.4,-1.7472135955,-2.35));
#1140 = VECTOR('',#1141,1.);
#1141 = DIRECTION('',(0.,0.,1.));
#1142 = PCURVE('',#973,#1143);
#1143 = DEFINITIONAL_REPRESENTATION('',(#1144),#1147);
#1144 = B_SPLINE_CURVE_WITH_KNOTS('',1,(#1145,#1146),.UNSPECIFIED.,.F.,
  .F.,(2,2),(-2.400000000069E-06,0.9500024),.PIECEWISE_BEZIER_KNOTS.);
#1145 = CARTESIAN_POINT('',(5.442116636612,-2.400000000069E-06));
#1146 = CARTESIAN_POINT('',(5.442116636612,0.9500024));
#1147 = ( GEOMETRIC_REPRESENTATION_CONTEXT(2) 
PARAMETRIC_REPRESENTATION_CONTEXT() REPRESENTATION_CONTEXT('2D SPACE',''
  ) );
#1148 = PCURVE('',#1149,#1154);
#1149 = PLANE('',#1150);
#1150 = AXIS2_PLACEMENT_3D('',#1151,#1152,#1153);
#1151 = CARTESIAN_POINT('',(12.4,-2.5,-0.8));
#1152 = DIRECTION('',(1.,0.,0.));
#1153 = DIRECTION('',(0.,0.,-1.));
#1154 = DEFINITIONAL_REPRESENTATION('',(#1155),#1158);
#1155 = B_SPLINE_CURVE_WITH_KNOTS('',1,(#1156,#1157),.UNSPECIFIED.,.F.,
  .F.,(2,2),(-2.400000000069E-06,0.9500024),.PIECEWISE_BEZIER_KNOTS.);
#1156 = CARTESIAN_POINT('',(1.5500024,0.7527864045));
#1157 = CARTESIAN_POINT('',(0.5999976,0.7527864045));
#1158 = ( GEOMETRIC_REPRESENTATION_CONTEXT(2) 
PARAMETRIC_REPRESENTATION_CONTEXT() REPRESENTATION_CONTEXT('2D SPACE',''
  ) );
#1159 = ORIENTED_EDGE('',*,*,#1160,.F.);
#1160 = EDGE_CURVE('',#1161,#1135,#1163,.T.);
#1161 = VERTEX_POINT('',#1162);
#1162 = CARTESIAN_POINT('',(11.9,-1.89160797831,-1.4));
#1163 = SURFACE_CURVE('',#1164,(#1169,#1176),.PCURVE_S1.);
#1164 = CIRCLE('',#1165,0.6);
#1165 = AXIS2_PLACEMENT_3D('',#1166,#1167,#1168);
#1166 = CARTESIAN_POINT('',(12.,-1.3,-1.4));
#1167 = DIRECTION('',(0.,0.,1.));
#1168 = DIRECTION('',(1.,0.,0.));
#1169 = PCURVE('',#973,#1170);
#1170 = DEFINITIONAL_REPRESENTATION('',(#1171),#1175);
#1171 = LINE('',#1172,#1173);
#1172 = CARTESIAN_POINT('',(0.,0.95));
#1173 = VECTOR('',#1174,1.);
#1174 = DIRECTION('',(1.,0.));
#1175 = ( GEOMETRIC_REPRESENTATION_CONTEXT(2) 
PARAMETRIC_REPRESENTATION_CONTEXT() REPRESENTATION_CONTEXT('2D SPACE',''
  ) );
#1176 = PCURVE('',#1177,#1182);
#1177 = PLANE('',#1178);
#1178 = AXIS2_PLACEMENT_3D('',#1179,#1180,#1181);
#1179 = CARTESIAN_POINT('',(12.,-1.3,-1.4));
#1180 = DIRECTION('',(0.,0.,1.));
#1181 = DIRECTION('',(1.,0.,0.));
#1182 = DEFINITIONAL_REPRESENTATION('',(#1183),#1187);
#1183 = CIRCLE('',#1184,0.6);
#1184 = AXIS2_PLACEMENT_2D('',#1185,#1186);
#1185 = CARTESIAN_POINT('',(0.,0.));
#1186 = DIRECTION('',(1.,0.));
#1187 = ( GEOMETRIC_REPRESENTATION_CONTEXT(2) 
PARAMETRIC_REPRESENTATION_CONTEXT() REPRESENTATION_CONTEXT('2D SPACE',''
  ) );
#1188 = ORIENTED_EDGE('',*,*,#1189,.F.);
#1189 = EDGE_CURVE('',#1190,#1161,#1192,.T.);
#1190 = VERTEX_POINT('',#1191);
#1191 = CARTESIAN_POINT('',(11.9,-1.89160797831,-1.948851229683));
#1192 = SURFACE_CURVE('',#1193,(#1197,#1203),.PCURVE_S1.);
#1193 = LINE('',#1194,#1195);
#1194 = CARTESIAN_POINT('',(11.9,-1.89160797831,-2.35));
#1195 = VECTOR('',#1196,1.);
#1196 = DIRECTION('',(0.,0.,1.));
#1197 = PCURVE('',#973,#1198);
#1198 = DEFINITIONAL_REPRESENTATION('',(#1199),#1202);
#1199 = B_SPLINE_CURVE_WITH_KNOTS('',1,(#1200,#1201),.UNSPECIFIED.,.F.,
  .F.,(2,2),(-2.400000000069E-06,0.9500024),.PIECEWISE_BEZIER_KNOTS.);
#1200 = CARTESIAN_POINT('',(4.544940901165,-2.400000000069E-06));
#1201 = CARTESIAN_POINT('',(4.544940901165,0.9500024));
#1202 = ( GEOMETRIC_REPRESENTATION_CONTEXT(2) 
PARAMETRIC_REPRESENTATION_CONTEXT() REPRESENTATION_CONTEXT('2D SPACE',''
  ) );
#1203 = PCURVE('',#1204,#1209);
#1204 = PLANE('',#1205);
#1205 = AXIS2_PLACEMENT_3D('',#1206,#1207,#1208);
#1206 = CARTESIAN_POINT('',(11.9,-2.5,-0.8));
#1207 = DIRECTION('',(1.,0.,0.));
#1208 = DIRECTION('',(0.,0.,-1.));
#1209 = DEFINITIONAL_REPRESENTATION('',(#1210),#1213);
#1210 = B_SPLINE_CURVE_WITH_KNOTS('',1,(#1211,#1212),.UNSPECIFIED.,.F.,
  .F.,(2,2),(-2.400000000069E-06,0.9500024),.PIECEWISE_BEZIER_KNOTS.);
#1211 = CARTESIAN_POINT('',(1.5500024,0.60839202169));
#1212 = CARTESIAN_POINT('',(0.5999976,0.60839202169));
#1213 = ( GEOMETRIC_REPRESENTATION_CONTEXT(2) 
PARAMETRIC_REPRESENTATION_CONTEXT() REPRESENTATION_CONTEXT('2D SPACE',''
  ) );
#1214 = ORIENTED_EDGE('',*,*,#1215,.F.);
#1215 = EDGE_CURVE('',#938,#1190,#1216,.T.);
#1216 = SURFACE_CURVE('',#1217,(#1240,#1266),.PCURVE_S1.);
#1217 = B_SPLINE_CURVE_WITH_KNOTS('',5,(#1218,#1219,#1220,#1221,#1222,
    #1223,#1224,#1225,#1226,#1227,#1228,#1229,#1230,#1231,#1232,#1233,
    #1234,#1235,#1236,#1237,#1238,#1239),.UNSPECIFIED.,.F.,.F.,(6,4,4,4,
    4,6),(0.,0.224105772633,0.316705264536,0.502118810902,0.77192604967,
    1.),.UNSPECIFIED.);
#1218 = CARTESIAN_POINT('',(11.401823488048,-1.346742491898,-1.3999976)
  );
#1219 = CARTESIAN_POINT('',(11.40368394854,-1.370551316006,
    -1.445760624989));
#1220 = CARTESIAN_POINT('',(11.406889476595,-1.396323807083,
    -1.48975388172));
#1221 = CARTESIAN_POINT('',(11.41183116905,-1.423782176245,
    -1.531729599352));
#1222 = CARTESIAN_POINT('',(11.418886665896,-1.45258698187,
    -1.571500241442));
#1223 = CARTESIAN_POINT('',(11.432300457856,-1.494637551489,
    -1.624400842162));
#1224 = CARTESIAN_POINT('',(11.436636840536,-1.507090125083,
    -1.639463227568));
#1225 = CARTESIAN_POINT('',(11.441409075259,-1.519668805038,
    -1.654107651374));
#1226 = CARTESIAN_POINT('',(11.446634910587,-1.532338959049,
    -1.668322375713));
#1227 = CARTESIAN_POINT('',(11.463728567266,-1.570540216511,
    -1.709678143766));
#1228 = CARTESIAN_POINT('',(11.477007683234,-1.596243085362,
    -1.735505719134));
#1229 = CARTESIAN_POINT('',(11.492271526009,-1.621852388273,
    -1.759475355721));
#1230 = CARTESIAN_POINT('',(11.509552437286,-1.647026877901,
    -1.781550156122));
#1231 = CARTESIAN_POINT('',(11.556803651062,-1.706968661638,
    -1.831128976246));
#1232 = CARTESIAN_POINT('',(11.588924060056,-1.740829366575,
    -1.856483666085));
#1233 = CARTESIAN_POINT('',(11.625010166757,-1.772076611775,
    -1.87790854175));
#1234 = CARTESIAN_POINT('',(11.664553498689,-1.799812790425,
    -1.895674978236));
#1235 = CARTESIAN_POINT('',(11.74238156284,-1.843417719379,
    -1.922250825791));
#1236 = CARTESIAN_POINT('',(11.779937368145,-1.860470962343,
    -1.93202794974));
#1237 = CARTESIAN_POINT('',(11.819028364537,-1.874305516519,
    -1.939622080269));
#1238 = CARTESIAN_POINT('',(11.859211605165,-1.884713651423,
    -1.94520023486));
#1239 = CARTESIAN_POINT('',(11.9000024,-1.891608383979,-1.948851444511)
  );
#1240 = PCURVE('',#973,#1241);
#1241 = DEFINITIONAL_REPRESENTATION('',(#1242),#1265);
#1242 = B_SPLINE_CURVE_WITH_KNOTS('',5,(#1243,#1244,#1245,#1246,#1247,
    #1248,#1249,#1250,#1251,#1252,#1253,#1254,#1255,#1256,#1257,#1258,
    #1259,#1260,#1261,#1262,#1263,#1264),.UNSPECIFIED.,.F.,.F.,(6,4,4,4,
    4,6),(0.,0.224105772633,0.316705264536,0.502118810902,0.77192604967,
    1.),.UNSPECIFIED.);
#1243 = CARTESIAN_POINT('',(3.219575823536,0.9500024));
#1244 = CARTESIAN_POINT('',(3.259378162199,0.904239375011));
#1245 = CARTESIAN_POINT('',(3.302618138972,0.86024611828));
#1246 = CARTESIAN_POINT('',(3.349015238906,0.818270400648));
#1247 = CARTESIAN_POINT('',(3.398326054812,0.778499758558));
#1248 = CARTESIAN_POINT('',(3.47188971243,0.725599157838));
#1249 = CARTESIAN_POINT('',(3.493858764152,0.710536772432));
#1250 = CARTESIAN_POINT('',(3.516269602353,0.695892348626));
#1251 = CARTESIAN_POINT('',(3.539102204499,0.681677624287));
#1252 = CARTESIAN_POINT('',(3.608854328528,0.640321856234));
#1253 = CARTESIAN_POINT('',(3.656996015721,0.614494280866));
#1254 = CARTESIAN_POINT('',(3.706555311068,0.590524644279));
#1255 = CARTESIAN_POINT('',(3.757336032712,0.568449843878));
#1256 = CARTESIAN_POINT('',(3.884546429745,0.518871023754));
#1257 = CARTESIAN_POINT('',(3.962008941025,0.493516333915));
#1258 = CARTESIAN_POINT('',(4.041029120489,0.47209145825));
#1259 = CARTESIAN_POINT('',(4.121119194755,0.454325021764));
#1260 = CARTESIAN_POINT('',(4.269804146906,0.427749174209));
#1261 = CARTESIAN_POINT('',(4.33830294564,0.41797205026));
#1262 = CARTESIAN_POINT('',(4.407069607852,0.410377919731));
#1263 = CARTESIAN_POINT('',(4.475995977566,0.40479976514));
#1264 = CARTESIAN_POINT('',(4.544944957904,0.401148555489));
#1265 = ( GEOMETRIC_REPRESENTATION_CONTEXT(2) 
PARAMETRIC_REPRESENTATION_CONTEXT() REPRESENTATION_CONTEXT('2D SPACE',''
  ) );
#1266 = PCURVE('',#154,#1267);
#1267 = DEFINITIONAL_REPRESENTATION('',(#1268),#1291);
#1268 = B_SPLINE_CURVE_WITH_KNOTS('',5,(#1269,#1270,#1271,#1272,#1273,
    #1274,#1275,#1276,#1277,#1278,#1279,#1280,#1281,#1282,#1283,#1284,
    #1285,#1286,#1287,#1288,#1289,#1290),.UNSPECIFIED.,.F.,.F.,(6,4,4,4,
    4,6),(2.35060637139E-06,0.224105772633,0.316705264536,0.502118810902
    ,0.77192604967,0.999997316171),.UNSPECIFIED.);
#1269 = CARTESIAN_POINT('',(7.374252996299,0.90182358562));
#1270 = CARTESIAN_POINT('',(7.334571901692,0.90368408303));
#1271 = CARTESIAN_POINT('',(7.295401356481,0.906889632094));
#1272 = CARTESIAN_POINT('',(7.256878742418,0.911831317058));
#1273 = CARTESIAN_POINT('',(7.219142990008,0.918886765454));
#1274 = CARTESIAN_POINT('',(7.167160652469,0.932300457856));
#1275 = CARTESIAN_POINT('',(7.152130107388,0.936636840536));
#1276 = CARTESIAN_POINT('',(7.137283512224,0.941409075259));
#1277 = CARTESIAN_POINT('',(7.122638279759,0.946634910587));
#1278 = CARTESIAN_POINT('',(7.079330958931,0.963728567266));
#1279 = CARTESIAN_POINT('',(7.05132148551,0.977007683234));
#1280 = CARTESIAN_POINT('',(7.024360107613,0.992271526009));
#1281 = CARTESIAN_POINT('',(6.998615283116,1.009552437286));
#1282 = CARTESIAN_POINT('',(6.938777846326,1.056803651062));
#1283 = CARTESIAN_POINT('',(6.90627672077,1.088924060056));
#1284 = CARTESIAN_POINT('',(6.877156218294,1.125010166757));
#1285 = CARTESIAN_POINT('',(6.851824954065,1.164553498689));
#1286 = CARTESIAN_POINT('',(6.812544161002,1.242381143308));
#1287 = CARTESIAN_POINT('',(6.79742874295,1.279936484279));
#1288 = CARTESIAN_POINT('',(6.785289555833,1.319026984544));
#1289 = CARTESIAN_POINT('',(6.776206130169,1.359209713763));
#1290 = CARTESIAN_POINT('',(6.770204642233,1.4));
#1291 = ( GEOMETRIC_REPRESENTATION_CONTEXT(2) 
PARAMETRIC_REPRESENTATION_CONTEXT() REPRESENTATION_CONTEXT('2D SPACE',''
  ) );
#1292 = ADVANCED_FACE('',(#1293,#1296),#1056,.F.);
#1293 = FACE_BOUND('',#1294,.F.);
#1294 = EDGE_LOOP('',(#1295));
#1295 = ORIENTED_EDGE('',*,*,#1041,.T.);
#1296 = FACE_BOUND('',#1297,.F.);
#1297 = EDGE_LOOP('',(#1298));
#1298 = ORIENTED_EDGE('',*,*,#1299,.F.);
#1299 = EDGE_CURVE('',#1300,#1300,#1302,.T.);
#1300 = VERTEX_POINT('',#1301);
#1301 = CARTESIAN_POINT('',(12.45,-1.3,-2.35));
#1302 = SURFACE_CURVE('',#1303,(#1308,#1315),.PCURVE_S1.);
#1303 = CIRCLE('',#1304,0.45);
#1304 = AXIS2_PLACEMENT_3D('',#1305,#1306,#1307);
#1305 = CARTESIAN_POINT('',(12.,-1.3,-2.35));
#1306 = DIRECTION('',(0.,0.,1.));
#1307 = DIRECTION('',(1.,0.,0.));
#1308 = PCURVE('',#1056,#1309);
#1309 = DEFINITIONAL_REPRESENTATION('',(#1310),#1314);
#1310 = CIRCLE('',#1311,0.45);
#1311 = AXIS2_PLACEMENT_2D('',#1312,#1313);
#1312 = CARTESIAN_POINT('',(0.,0.));
#1313 = DIRECTION('',(1.,0.));
#1314 = ( GEOMETRIC_REPRESENTATION_CONTEXT(2) 
PARAMETRIC_REPRESENTATION_CONTEXT() REPRESENTATION_CONTEXT('2D SPACE',''
  ) );
#1315 = PCURVE('',#1316,#1321);
#1316 = CYLINDRICAL_SURFACE('',#1317,0.45);
#1317 = AXIS2_PLACEMENT_3D('',#1318,#1319,#1320);
#1318 = CARTESIAN_POINT('',(12.,-1.3,-3.6));
#1319 = DIRECTION('',(0.,0.,1.));
#1320 = DIRECTION('',(1.,0.,0.));
#1321 = DEFINITIONAL_REPRESENTATION('',(#1322),#1326);
#1322 = LINE('',#1323,#1324);
#1323 = CARTESIAN_POINT('',(0.,1.25));
#1324 = VECTOR('',#1325,1.);
#1325 = DIRECTION('',(1.,0.));
#1326 = ( GEOMETRIC_REPRESENTATION_CONTEXT(2) 
PARAMETRIC_REPRESENTATION_CONTEXT() REPRESENTATION_CONTEXT('2D SPACE',''
  ) );
#1327 = ADVANCED_FACE('',(#1328),#1316,.T.);
#1328 = FACE_BOUND('',#1329,.T.);
#1329 = EDGE_LOOP('',(#1330,#1331,#1354,#1381));
#1330 = ORIENTED_EDGE('',*,*,#1299,.F.);
#1331 = ORIENTED_EDGE('',*,*,#1332,.F.);
#1332 = EDGE_CURVE('',#1333,#1300,#1335,.T.);
#1333 = VERTEX_POINT('',#1334);
#1334 = CARTESIAN_POINT('',(12.45,-1.3,-3.6));
#1335 = SEAM_CURVE('',#1336,(#1340,#1347),.PCURVE_S1.);
#1336 = LINE('',#1337,#1338);
#1337 = CARTESIAN_POINT('',(12.45,-1.3,-3.6));
#1338 = VECTOR('',#1339,1.);
#1339 = DIRECTION('',(0.,0.,1.));
#1340 = PCURVE('',#1316,#1341);
#1341 = DEFINITIONAL_REPRESENTATION('',(#1342),#1346);
#1342 = LINE('',#1343,#1344);
#1343 = CARTESIAN_POINT('',(6.28318530718,-0.));
#1344 = VECTOR('',#1345,1.);
#1345 = DIRECTION('',(0.,1.));
#1346 = ( GEOMETRIC_REPRESENTATION_CONTEXT(2) 
PARAMETRIC_REPRESENTATION_CONTEXT() REPRESENTATION_CONTEXT('2D SPACE',''
  ) );
#1347 = PCURVE('',#1316,#1348);
#1348 = DEFINITIONAL_REPRESENTATION('',(#1349),#1353);
#1349 = LINE('',#1350,#1351);
#1350 = CARTESIAN_POINT('',(0.,-0.));
#1351 = VECTOR('',#1352,1.);
#1352 = DIRECTION('',(0.,1.));
#1353 = ( GEOMETRIC_REPRESENTATION_CONTEXT(2) 
PARAMETRIC_REPRESENTATION_CONTEXT() REPRESENTATION_CONTEXT('2D SPACE',''
  ) );
#1354 = ORIENTED_EDGE('',*,*,#1355,.T.);
#1355 = EDGE_CURVE('',#1333,#1333,#1356,.T.);
#1356 = SURFACE_CURVE('',#1357,(#1362,#1369),.PCURVE_S1.);
#1357 = CIRCLE('',#1358,0.45);
#1358 = AXIS2_PLACEMENT_3D('',#1359,#1360,#1361);
#1359 = CARTESIAN_POINT('',(12.,-1.3,-3.6));
#1360 = DIRECTION('',(0.,0.,1.));
#1361 = DIRECTION('',(1.,0.,0.));
#1362 = PCURVE('',#1316,#1363);
#1363 = DEFINITIONAL_REPRESENTATION('',(#1364),#1368);
#1364 = LINE('',#1365,#1366);
#1365 = CARTESIAN_POINT('',(0.,0.));
#1366 = VECTOR('',#1367,1.);
#1367 = DIRECTION('',(1.,0.));
#1368 = ( GEOMETRIC_REPRESENTATION_CONTEXT(2) 
PARAMETRIC_REPRESENTATION_CONTEXT() REPRESENTATION_CONTEXT('2D SPACE',''
  ) );
#1369 = PCURVE('',#1370,#1375);
#1370 = PLANE('',#1371);
#1371 = AXIS2_PLACEMENT_3D('',#1372,#1373,#1374);
#1372 = CARTESIAN_POINT('',(12.,-1.3,-3.6));
#1373 = DIRECTION('',(0.,0.,1.));
#1374 = DIRECTION('',(1.,0.,0.));
#1375 = DEFINITIONAL_REPRESENTATION('',(#1376),#1380);
#1376 = CIRCLE('',#1377,0.45);
#1377 = AXIS2_PLACEMENT_2D('',#1378,#1379);
#1378 = CARTESIAN_POINT('',(0.,0.));
#1379 = DIRECTION('',(1.,0.));
#1380 = ( GEOMETRIC_REPRESENTATION_CONTEXT(2) 
PARAMETRIC_REPRESENTATION_CONTEXT() REPRESENTATION_CONTEXT('2D SPACE',''
  ) );
#1381 = ORIENTED_EDGE('',*,*,#1332,.T.);
#1382 = ADVANCED_FACE('',(#1383),#1370,.F.);
#1383 = FACE_BOUND('',#1384,.T.);
#1384 = EDGE_LOOP('',(#1385));
#1385 = ORIENTED_EDGE('',*,*,#1355,.F.);
#1386 = ADVANCED_FACE('',(#1387),#1149,.F.);
#1387 = FACE_BOUND('',#1388,.F.);
#1388 = EDGE_LOOP('',(#1389,#1417,#1443,#1444,#1465,#1491,#1517,#1543,
    #1569));
#1389 = ORIENTED_EDGE('',*,*,#1390,.T.);
#1390 = EDGE_CURVE('',#1391,#1393,#1395,.T.);
#1391 = VERTEX_POINT('',#1392);
#1392 = CARTESIAN_POINT('',(12.4,-3.693769410125,-1.4));
#1393 = VERTEX_POINT('',#1394);
#1394 = CARTESIAN_POINT('',(12.4,-3.709338662245,-1.4));
#1395 = SURFACE_CURVE('',#1396,(#1400,#1406),.PCURVE_S1.);
#1396 = LINE('',#1397,#1398);
#1397 = CARTESIAN_POINT('',(12.4,-3.6,-1.4));
#1398 = VECTOR('',#1399,1.);
#1399 = DIRECTION('',(0.,-1.,0.));
#1400 = PCURVE('',#1149,#1401);
#1401 = DEFINITIONAL_REPRESENTATION('',(#1402),#1405);
#1402 = B_SPLINE_CURVE_WITH_KNOTS('',1,(#1403,#1404),.UNSPECIFIED.,.F.,
  .F.,(2,2),(-0.25,0.25),.PIECEWISE_BEZIER_KNOTS.);
#1403 = CARTESIAN_POINT('',(0.6,-0.85));
#1404 = CARTESIAN_POINT('',(0.6,-1.35));
#1405 = ( GEOMETRIC_REPRESENTATION_CONTEXT(2) 
PARAMETRIC_REPRESENTATION_CONTEXT() REPRESENTATION_CONTEXT('2D SPACE',''
  ) );
#1406 = PCURVE('',#1407,#1412);
#1407 = PLANE('',#1408);
#1408 = AXIS2_PLACEMENT_3D('',#1409,#1410,#1411);
#1409 = CARTESIAN_POINT('',(11.5,-4.7,-1.4));
#1410 = DIRECTION('',(0.,0.,1.));
#1411 = DIRECTION('',(1.,0.,0.));
#1412 = DEFINITIONAL_REPRESENTATION('',(#1413),#1416);
#1413 = B_SPLINE_CURVE_WITH_KNOTS('',1,(#1414,#1415),.UNSPECIFIED.,.F.,
  .F.,(2,2),(-0.25,0.25),.PIECEWISE_BEZIER_KNOTS.);
#1414 = CARTESIAN_POINT('',(0.9,1.35));
#1415 = CARTESIAN_POINT('',(0.9,0.85));
#1416 = ( GEOMETRIC_REPRESENTATION_CONTEXT(2) 
PARAMETRIC_REPRESENTATION_CONTEXT() REPRESENTATION_CONTEXT('2D SPACE',''
  ) );
#1417 = ORIENTED_EDGE('',*,*,#1418,.F.);
#1418 = EDGE_CURVE('',#1070,#1393,#1419,.T.);
#1419 = SURFACE_CURVE('',#1420,(#1425,#1436),.PCURVE_S1.);
#1420 = CIRCLE('',#1421,1.35);
#1421 = AXIS2_PLACEMENT_3D('',#1422,#1423,#1424);
#1422 = CARTESIAN_POINT('',(12.4,-2.5,-0.8));
#1423 = DIRECTION('',(-1.,0.,0.));
#1424 = DIRECTION('',(0.,0.557619558889,-0.830096637473));
#1425 = PCURVE('',#1149,#1426);
#1426 = DEFINITIONAL_REPRESENTATION('',(#1427),#1435);
#1427 = ( BOUNDED_CURVE() B_SPLINE_CURVE(2,(#1428,#1429,#1430,#1431,
#1432,#1433,#1434),.UNSPECIFIED.,.T.,.F.) B_SPLINE_CURVE_WITH_KNOTS((1,2
    ,2,2,2,1),(-2.094395102393,0.,2.094395102393,4.188790204786,
6.28318530718,8.377580409573),.UNSPECIFIED.) CURVE() 
GEOMETRIC_REPRESENTATION_ITEM() RATIONAL_B_SPLINE_CURVE((1.,0.5,1.,0.5,
1.,0.5,1.)) REPRESENTATION_ITEM('') );
#1428 = CARTESIAN_POINT('',(1.120630460589,0.7527864045));
#1429 = CARTESIAN_POINT('',(2.42449476043,-1.18820248975));
#1430 = CARTESIAN_POINT('',(9.161691962602E-02,-1.346887649375));
#1431 = CARTESIAN_POINT('',(-2.241260921178,-1.505572809));
#1432 = CARTESIAN_POINT('',(-1.212247380215,0.594101244875));
#1433 = CARTESIAN_POINT('',(-0.183233839252,2.693775298749));
#1434 = CARTESIAN_POINT('',(1.120630460589,0.7527864045));
#1435 = ( GEOMETRIC_REPRESENTATION_CONTEXT(2) 
PARAMETRIC_REPRESENTATION_CONTEXT() REPRESENTATION_CONTEXT('2D SPACE',''
  ) );
#1436 = PCURVE('',#446,#1437);
#1437 = DEFINITIONAL_REPRESENTATION('',(#1438),#1442);
#1438 = LINE('',#1439,#1440);
#1439 = CARTESIAN_POINT('',(6.874700668361,0.));
#1440 = VECTOR('',#1441,1.);
#1441 = DIRECTION('',(-1.,-0.));
#1442 = ( GEOMETRIC_REPRESENTATION_CONTEXT(2) 
PARAMETRIC_REPRESENTATION_CONTEXT() REPRESENTATION_CONTEXT('2D SPACE',''
  ) );
#1443 = ORIENTED_EDGE('',*,*,#1134,.T.);
#1444 = ORIENTED_EDGE('',*,*,#1445,.T.);
#1445 = EDGE_CURVE('',#1135,#1446,#1448,.T.);
#1446 = VERTEX_POINT('',#1447);
#1447 = CARTESIAN_POINT('',(12.4,-2.589379695823,-1.4));
#1448 = SURFACE_CURVE('',#1449,(#1453,#1459),.PCURVE_S1.);
#1449 = LINE('',#1450,#1451);
#1450 = CARTESIAN_POINT('',(12.4,-1.9,-1.4));
#1451 = VECTOR('',#1452,1.);
#1452 = DIRECTION('',(0.,-1.,0.));
#1453 = PCURVE('',#1149,#1454);
#1454 = DEFINITIONAL_REPRESENTATION('',(#1455),#1458);
#1455 = B_SPLINE_CURVE_WITH_KNOTS('',1,(#1456,#1457),.UNSPECIFIED.,.F.,
  .F.,(2,2),(-0.75,0.75),.PIECEWISE_BEZIER_KNOTS.);
#1456 = CARTESIAN_POINT('',(0.6,1.35));
#1457 = CARTESIAN_POINT('',(0.6,-0.15));
#1458 = ( GEOMETRIC_REPRESENTATION_CONTEXT(2) 
PARAMETRIC_REPRESENTATION_CONTEXT() REPRESENTATION_CONTEXT('2D SPACE',''
  ) );
#1459 = PCURVE('',#1177,#1460);
#1460 = DEFINITIONAL_REPRESENTATION('',(#1461),#1464);
#1461 = B_SPLINE_CURVE_WITH_KNOTS('',1,(#1462,#1463),.UNSPECIFIED.,.F.,
  .F.,(2,2),(-0.75,0.75),.PIECEWISE_BEZIER_KNOTS.);
#1462 = CARTESIAN_POINT('',(0.4,0.15));
#1463 = CARTESIAN_POINT('',(0.4,-1.35));
#1464 = ( GEOMETRIC_REPRESENTATION_CONTEXT(2) 
PARAMETRIC_REPRESENTATION_CONTEXT() REPRESENTATION_CONTEXT('2D SPACE',''
  ) );
#1465 = ORIENTED_EDGE('',*,*,#1466,.T.);
#1466 = EDGE_CURVE('',#1446,#1467,#1469,.T.);
#1467 = VERTEX_POINT('',#1468);
#1468 = CARTESIAN_POINT('',(12.4,-2.589379695823,-1.225));
#1469 = SURFACE_CURVE('',#1470,(#1474,#1480),.PCURVE_S1.);
#1470 = LINE('',#1471,#1472);
#1471 = CARTESIAN_POINT('',(12.4,-2.589379695823,-1.4));
#1472 = VECTOR('',#1473,1.);
#1473 = DIRECTION('',(0.,0.,1.));
#1474 = PCURVE('',#1149,#1475);
#1475 = DEFINITIONAL_REPRESENTATION('',(#1476),#1479);
#1476 = B_SPLINE_CURVE_WITH_KNOTS('',1,(#1477,#1478),.UNSPECIFIED.,.F.,
  .F.,(2,2),(-2.400000000069E-06,1.6000024),.PIECEWISE_BEZIER_KNOTS.);
#1477 = CARTESIAN_POINT('',(0.6000024,-8.937969582276E-02));
#1478 = CARTESIAN_POINT('',(-1.0000024,-8.937969582276E-02));
#1479 = ( GEOMETRIC_REPRESENTATION_CONTEXT(2) 
PARAMETRIC_REPRESENTATION_CONTEXT() REPRESENTATION_CONTEXT('2D SPACE',''
  ) );
#1480 = PCURVE('',#1481,#1486);
#1481 = CYLINDRICAL_SURFACE('',#1482,1.35);
#1482 = AXIS2_PLACEMENT_3D('',#1483,#1484,#1485);
#1483 = CARTESIAN_POINT('',(12.,-1.3,-1.4));
#1484 = DIRECTION('',(0.,0.,1.));
#1485 = DIRECTION('',(1.,0.,0.));
#1486 = DEFINITIONAL_REPRESENTATION('',(#1487),#1490);
#1487 = B_SPLINE_CURVE_WITH_KNOTS('',1,(#1488,#1489),.UNSPECIFIED.,.F.,
  .F.,(2,2),(-2.400000000069E-06,1.6000024),.PIECEWISE_BEZIER_KNOTS.);
#1488 = CARTESIAN_POINT('',(5.013201455641,-2.400000000069E-06));
#1489 = CARTESIAN_POINT('',(5.013201455641,1.6000024));
#1490 = ( GEOMETRIC_REPRESENTATION_CONTEXT(2) 
PARAMETRIC_REPRESENTATION_CONTEXT() REPRESENTATION_CONTEXT('2D SPACE',''
  ) );
#1491 = ORIENTED_EDGE('',*,*,#1492,.F.);
#1492 = EDGE_CURVE('',#1493,#1467,#1495,.T.);
#1493 = VERTEX_POINT('',#1494);
#1494 = CARTESIAN_POINT('',(12.4,-2.925,-1.225));
#1495 = SURFACE_CURVE('',#1496,(#1500,#1506),.PCURVE_S1.);
#1496 = LINE('',#1497,#1498);
#1497 = CARTESIAN_POINT('',(12.4,-2.7125,-1.225));
#1498 = VECTOR('',#1499,1.);
#1499 = DIRECTION('',(0.,1.,0.));
#1500 = PCURVE('',#1149,#1501);
#1501 = DEFINITIONAL_REPRESENTATION('',(#1502),#1505);
#1502 = B_SPLINE_CURVE_WITH_KNOTS('',1,(#1503,#1504),.UNSPECIFIED.,.F.,
  .F.,(2,2),(-0.2125,0.6375),.PIECEWISE_BEZIER_KNOTS.);
#1503 = CARTESIAN_POINT('',(0.425,-0.425));
#1504 = CARTESIAN_POINT('',(0.425,0.425));
#1505 = ( GEOMETRIC_REPRESENTATION_CONTEXT(2) 
PARAMETRIC_REPRESENTATION_CONTEXT() REPRESENTATION_CONTEXT('2D SPACE',''
  ) );
#1506 = PCURVE('',#1507,#1512);
#1507 = PLANE('',#1508);
#1508 = AXIS2_PLACEMENT_3D('',#1509,#1510,#1511);
#1509 = CARTESIAN_POINT('',(11.,-2.925,-1.225));
#1510 = DIRECTION('',(0.,0.,1.));
#1511 = DIRECTION('',(1.,0.,0.));
#1512 = DEFINITIONAL_REPRESENTATION('',(#1513),#1516);
#1513 = B_SPLINE_CURVE_WITH_KNOTS('',1,(#1514,#1515),.UNSPECIFIED.,.F.,
  .F.,(2,2),(-0.2125,0.6375),.PIECEWISE_BEZIER_KNOTS.);
#1514 = CARTESIAN_POINT('',(1.4,0.));
#1515 = CARTESIAN_POINT('',(1.4,0.85));
#1516 = ( GEOMETRIC_REPRESENTATION_CONTEXT(2) 
PARAMETRIC_REPRESENTATION_CONTEXT() REPRESENTATION_CONTEXT('2D SPACE',''
  ) );
#1517 = ORIENTED_EDGE('',*,*,#1518,.F.);
#1518 = EDGE_CURVE('',#1519,#1493,#1521,.T.);
#1519 = VERTEX_POINT('',#1520);
#1520 = CARTESIAN_POINT('',(12.4,-2.925,-0.6));
#1521 = SURFACE_CURVE('',#1522,(#1526,#1532),.PCURVE_S1.);
#1522 = LINE('',#1523,#1524);
#1523 = CARTESIAN_POINT('',(12.4,-2.925,-1.0125));
#1524 = VECTOR('',#1525,1.);
#1525 = DIRECTION('',(0.,0.,-1.));
#1526 = PCURVE('',#1149,#1527);
#1527 = DEFINITIONAL_REPRESENTATION('',(#1528),#1531);
#1528 = B_SPLINE_CURVE_WITH_KNOTS('',1,(#1529,#1530),.UNSPECIFIED.,.F.,
  .F.,(2,2),(-0.6375,0.2125),.PIECEWISE_BEZIER_KNOTS.);
#1529 = CARTESIAN_POINT('',(-0.425,-0.425));
#1530 = CARTESIAN_POINT('',(0.425,-0.425));
#1531 = ( GEOMETRIC_REPRESENTATION_CONTEXT(2) 
PARAMETRIC_REPRESENTATION_CONTEXT() REPRESENTATION_CONTEXT('2D SPACE',''
  ) );
#1532 = PCURVE('',#1533,#1538);
#1533 = PLANE('',#1534);
#1534 = AXIS2_PLACEMENT_3D('',#1535,#1536,#1537);
#1535 = CARTESIAN_POINT('',(11.,-2.925,-1.225));
#1536 = DIRECTION('',(0.,1.,0.));
#1537 = DIRECTION('',(0.,0.,1.));
#1538 = DEFINITIONAL_REPRESENTATION('',(#1539),#1542);
#1539 = B_SPLINE_CURVE_WITH_KNOTS('',1,(#1540,#1541),.UNSPECIFIED.,.F.,
  .F.,(2,2),(-0.6375,0.2125),.PIECEWISE_BEZIER_KNOTS.);
#1540 = CARTESIAN_POINT('',(0.85,1.4));
#1541 = CARTESIAN_POINT('',(0.,1.4));
#1542 = ( GEOMETRIC_REPRESENTATION_CONTEXT(2) 
PARAMETRIC_REPRESENTATION_CONTEXT() REPRESENTATION_CONTEXT('2D SPACE',''
  ) );
#1543 = ORIENTED_EDGE('',*,*,#1544,.T.);
#1544 = EDGE_CURVE('',#1519,#1545,#1547,.T.);
#1545 = VERTEX_POINT('',#1546);
#1546 = CARTESIAN_POINT('',(12.4,-3.693769410125,-0.6));
#1547 = SURFACE_CURVE('',#1548,(#1552,#1558),.PCURVE_S1.);
#1548 = LINE('',#1549,#1550);
#1549 = CARTESIAN_POINT('',(12.4,-3.069967593208,-0.6));
#1550 = VECTOR('',#1551,1.);
#1551 = DIRECTION('',(0.,-1.,0.));
#1552 = PCURVE('',#1149,#1553);
#1553 = DEFINITIONAL_REPRESENTATION('',(#1554),#1557);
#1554 = B_SPLINE_CURVE_WITH_KNOTS('',1,(#1555,#1556),.UNSPECIFIED.,.F.,
  .F.,(2,2),(-0.569967593208,0.780032406792),.PIECEWISE_BEZIER_KNOTS.);
#1555 = CARTESIAN_POINT('',(-0.2,2.22044604925E-16));
#1556 = CARTESIAN_POINT('',(-0.2,-1.35));
#1557 = ( GEOMETRIC_REPRESENTATION_CONTEXT(2) 
PARAMETRIC_REPRESENTATION_CONTEXT() REPRESENTATION_CONTEXT('2D SPACE',''
  ) );
#1558 = PCURVE('',#1559,#1564);
#1559 = PLANE('',#1560);
#1560 = AXIS2_PLACEMENT_3D('',#1561,#1562,#1563);
#1561 = CARTESIAN_POINT('',(13.168082500457,-3.639935186415,-0.6));
#1562 = DIRECTION('',(0.,0.,1.));
#1563 = DIRECTION('',(1.,0.,0.));
#1564 = DEFINITIONAL_REPRESENTATION('',(#1565),#1568);
#1565 = B_SPLINE_CURVE_WITH_KNOTS('',1,(#1566,#1567),.UNSPECIFIED.,.F.,
  .F.,(2,2),(-0.569967593208,0.780032406792),.PIECEWISE_BEZIER_KNOTS.);
#1566 = CARTESIAN_POINT('',(-0.768082500457,1.139935186415));
#1567 = CARTESIAN_POINT('',(-0.768082500457,-0.210064813585));
#1568 = ( GEOMETRIC_REPRESENTATION_CONTEXT(2) 
PARAMETRIC_REPRESENTATION_CONTEXT() REPRESENTATION_CONTEXT('2D SPACE',''
  ) );
#1569 = ORIENTED_EDGE('',*,*,#1570,.F.);
#1570 = EDGE_CURVE('',#1391,#1545,#1571,.T.);
#1571 = SURFACE_CURVE('',#1572,(#1576,#1582),.PCURVE_S1.);
#1572 = LINE('',#1573,#1574);
#1573 = CARTESIAN_POINT('',(12.4,-3.693769410125,-1.4));
#1574 = VECTOR('',#1575,1.);
#1575 = DIRECTION('',(0.,0.,1.));
#1576 = PCURVE('',#1149,#1577);
#1577 = DEFINITIONAL_REPRESENTATION('',(#1578),#1581);
#1578 = B_SPLINE_CURVE_WITH_KNOTS('',1,(#1579,#1580),.UNSPECIFIED.,.F.,
  .F.,(2,2),(-2.400000000069E-06,1.6000024),.PIECEWISE_BEZIER_KNOTS.);
#1579 = CARTESIAN_POINT('',(0.6000024,-1.193769410125));
#1580 = CARTESIAN_POINT('',(-1.0000024,-1.193769410125));
#1581 = ( GEOMETRIC_REPRESENTATION_CONTEXT(2) 
PARAMETRIC_REPRESENTATION_CONTEXT() REPRESENTATION_CONTEXT('2D SPACE',''
  ) );
#1582 = PCURVE('',#1583,#1588);
#1583 = CYLINDRICAL_SURFACE('',#1584,1.35);
#1584 = AXIS2_PLACEMENT_3D('',#1585,#1586,#1587);
#1585 = CARTESIAN_POINT('',(11.5,-4.7,-1.4));
#1586 = DIRECTION('',(0.,0.,1.));
#1587 = DIRECTION('',(1.,0.,0.));
#1588 = DEFINITIONAL_REPRESENTATION('',(#1589),#1592);
#1589 = B_SPLINE_CURVE_WITH_KNOTS('',1,(#1590,#1591),.UNSPECIFIED.,.F.,
  .F.,(2,2),(-2.400000000069E-06,1.6000024),.PIECEWISE_BEZIER_KNOTS.);
#1590 = CARTESIAN_POINT('',(0.841068670568,-2.400000000069E-06));
#1591 = CARTESIAN_POINT('',(0.841068670568,1.6000024));
#1592 = ( GEOMETRIC_REPRESENTATION_CONTEXT(2) 
PARAMETRIC_REPRESENTATION_CONTEXT() REPRESENTATION_CONTEXT('2D SPACE',''
  ) );
#1593 = ADVANCED_FACE('',(#1594),#1583,.T.);
#1594 = FACE_BOUND('',#1595,.T.);
#1595 = EDGE_LOOP('',(#1596,#1597,#1621,#1642));
#1596 = ORIENTED_EDGE('',*,*,#1570,.F.);
#1597 = ORIENTED_EDGE('',*,*,#1598,.T.);
#1598 = EDGE_CURVE('',#1391,#1599,#1601,.T.);
#1599 = VERTEX_POINT('',#1600);
#1600 = CARTESIAN_POINT('',(11.9,-3.410620304177,-1.4));
#1601 = SURFACE_CURVE('',#1602,(#1607,#1614),.PCURVE_S1.);
#1602 = CIRCLE('',#1603,1.35);
#1603 = AXIS2_PLACEMENT_3D('',#1604,#1605,#1606);
#1604 = CARTESIAN_POINT('',(11.5,-4.7,-1.4));
#1605 = DIRECTION('',(0.,0.,1.));
#1606 = DIRECTION('',(1.,0.,0.));
#1607 = PCURVE('',#1583,#1608);
#1608 = DEFINITIONAL_REPRESENTATION('',(#1609),#1613);
#1609 = LINE('',#1610,#1611);
#1610 = CARTESIAN_POINT('',(0.,0.));
#1611 = VECTOR('',#1612,1.);
#1612 = DIRECTION('',(1.,0.));
#1613 = ( GEOMETRIC_REPRESENTATION_CONTEXT(2) 
PARAMETRIC_REPRESENTATION_CONTEXT() REPRESENTATION_CONTEXT('2D SPACE',''
  ) );
#1614 = PCURVE('',#1407,#1615);
#1615 = DEFINITIONAL_REPRESENTATION('',(#1616),#1620);
#1616 = CIRCLE('',#1617,1.35);
#1617 = AXIS2_PLACEMENT_2D('',#1618,#1619);
#1618 = CARTESIAN_POINT('',(0.,0.));
#1619 = DIRECTION('',(1.,0.));
#1620 = ( GEOMETRIC_REPRESENTATION_CONTEXT(2) 
PARAMETRIC_REPRESENTATION_CONTEXT() REPRESENTATION_CONTEXT('2D SPACE',''
  ) );
#1621 = ORIENTED_EDGE('',*,*,#1622,.T.);
#1622 = EDGE_CURVE('',#1599,#1623,#1625,.T.);
#1623 = VERTEX_POINT('',#1624);
#1624 = CARTESIAN_POINT('',(11.9,-3.410620304177,-0.6));
#1625 = SURFACE_CURVE('',#1626,(#1630,#1636),.PCURVE_S1.);
#1626 = LINE('',#1627,#1628);
#1627 = CARTESIAN_POINT('',(11.9,-3.410620304177,-1.4));
#1628 = VECTOR('',#1629,1.);
#1629 = DIRECTION('',(0.,0.,1.));
#1630 = PCURVE('',#1583,#1631);
#1631 = DEFINITIONAL_REPRESENTATION('',(#1632),#1635);
#1632 = B_SPLINE_CURVE_WITH_KNOTS('',1,(#1633,#1634),.UNSPECIFIED.,.F.,
  .F.,(2,2),(-2.400000000069E-06,1.6000024),.PIECEWISE_BEZIER_KNOTS.);
#1633 = CARTESIAN_POINT('',(1.269983851538,-2.400000000069E-06));
#1634 = CARTESIAN_POINT('',(1.269983851538,1.6000024));
#1635 = ( GEOMETRIC_REPRESENTATION_CONTEXT(2) 
PARAMETRIC_REPRESENTATION_CONTEXT() REPRESENTATION_CONTEXT('2D SPACE',''
  ) );
#1636 = PCURVE('',#1204,#1637);
#1637 = DEFINITIONAL_REPRESENTATION('',(#1638),#1641);
#1638 = B_SPLINE_CURVE_WITH_KNOTS('',1,(#1639,#1640),.UNSPECIFIED.,.F.,
  .F.,(2,2),(-2.400000000069E-06,1.6000024),.PIECEWISE_BEZIER_KNOTS.);
#1639 = CARTESIAN_POINT('',(0.6000024,-0.910620304177));
#1640 = CARTESIAN_POINT('',(-1.0000024,-0.910620304177));
#1641 = ( GEOMETRIC_REPRESENTATION_CONTEXT(2) 
PARAMETRIC_REPRESENTATION_CONTEXT() REPRESENTATION_CONTEXT('2D SPACE',''
  ) );
#1642 = ORIENTED_EDGE('',*,*,#1643,.F.);
#1643 = EDGE_CURVE('',#1545,#1623,#1644,.T.);
#1644 = SURFACE_CURVE('',#1645,(#1650,#1657),.PCURVE_S1.);
#1645 = CIRCLE('',#1646,1.35);
#1646 = AXIS2_PLACEMENT_3D('',#1647,#1648,#1649);
#1647 = CARTESIAN_POINT('',(11.5,-4.7,-0.6));
#1648 = DIRECTION('',(0.,-0.,1.));
#1649 = DIRECTION('',(0.94915311324,0.314814814815,0.));
#1650 = PCURVE('',#1583,#1651);
#1651 = DEFINITIONAL_REPRESENTATION('',(#1652),#1656);
#1652 = LINE('',#1653,#1654);
#1653 = CARTESIAN_POINT('',(0.320261542032,0.8));
#1654 = VECTOR('',#1655,1.);
#1655 = DIRECTION('',(1.,0.));
#1656 = ( GEOMETRIC_REPRESENTATION_CONTEXT(2) 
PARAMETRIC_REPRESENTATION_CONTEXT() REPRESENTATION_CONTEXT('2D SPACE',''
  ) );
#1657 = PCURVE('',#1559,#1658);
#1658 = DEFINITIONAL_REPRESENTATION('',(#1659),#1663);
#1659 = CIRCLE('',#1660,1.35);
#1660 = AXIS2_PLACEMENT_2D('',#1661,#1662);
#1661 = CARTESIAN_POINT('',(-1.668082500457,-1.060064813585));
#1662 = DIRECTION('',(0.94915311324,0.314814814815));
#1663 = ( GEOMETRIC_REPRESENTATION_CONTEXT(2) 
PARAMETRIC_REPRESENTATION_CONTEXT() REPRESENTATION_CONTEXT('2D SPACE',''
  ) );
#1664 = ADVANCED_FACE('',(#1665),#1559,.F.);
#1665 = FACE_BOUND('',#1666,.F.);
#1666 = EDGE_LOOP('',(#1667,#1668,#1669,#1690,#1718));
#1667 = ORIENTED_EDGE('',*,*,#1643,.F.);
#1668 = ORIENTED_EDGE('',*,*,#1544,.F.);
#1669 = ORIENTED_EDGE('',*,*,#1670,.F.);
#1670 = EDGE_CURVE('',#1671,#1519,#1673,.T.);
#1671 = VERTEX_POINT('',#1672);
#1672 = CARTESIAN_POINT('',(11.9375,-2.925,-0.6));
#1673 = SURFACE_CURVE('',#1674,(#1678,#1684),.PCURVE_S1.);
#1674 = LINE('',#1675,#1676);
#1675 = CARTESIAN_POINT('',(12.084041250228,-2.925,-0.6));
#1676 = VECTOR('',#1677,1.);
#1677 = DIRECTION('',(1.,0.,0.));
#1678 = PCURVE('',#1559,#1679);
#1679 = DEFINITIONAL_REPRESENTATION('',(#1680),#1683);
#1680 = B_SPLINE_CURVE_WITH_KNOTS('',1,(#1681,#1682),.UNSPECIFIED.,.F.,
  .F.,(2,2),(-0.184041250228,0.315958749772),.PIECEWISE_BEZIER_KNOTS.);
#1681 = CARTESIAN_POINT('',(-1.268082500457,0.714935186415));
#1682 = CARTESIAN_POINT('',(-0.768082500457,0.714935186415));
#1683 = ( GEOMETRIC_REPRESENTATION_CONTEXT(2) 
PARAMETRIC_REPRESENTATION_CONTEXT() REPRESENTATION_CONTEXT('2D SPACE',''
  ) );
#1684 = PCURVE('',#1533,#1685);
#1685 = DEFINITIONAL_REPRESENTATION('',(#1686),#1689);
#1686 = B_SPLINE_CURVE_WITH_KNOTS('',1,(#1687,#1688),.UNSPECIFIED.,.F.,
  .F.,(2,2),(-0.184041250228,0.315958749772),.PIECEWISE_BEZIER_KNOTS.);
#1687 = CARTESIAN_POINT('',(0.625,0.9));
#1688 = CARTESIAN_POINT('',(0.625,1.4));
#1689 = ( GEOMETRIC_REPRESENTATION_CONTEXT(2) 
PARAMETRIC_REPRESENTATION_CONTEXT() REPRESENTATION_CONTEXT('2D SPACE',''
  ) );
#1690 = ORIENTED_EDGE('',*,*,#1691,.T.);
#1691 = EDGE_CURVE('',#1671,#1692,#1694,.T.);
#1692 = VERTEX_POINT('',#1693);
#1693 = CARTESIAN_POINT('',(11.9,-2.94,-0.6));
#1694 = SURFACE_CURVE('',#1695,(#1699,#1706),.PCURVE_S1.);
#1695 = LINE('',#1696,#1697);
#1696 = CARTESIAN_POINT('',(13.,-2.5,-0.6));
#1697 = VECTOR('',#1698,1.);
#1698 = DIRECTION('',(-0.928476690885,-0.371390676354,0.));
#1699 = PCURVE('',#1559,#1700);
#1700 = DEFINITIONAL_REPRESENTATION('',(#1701),#1705);
#1701 = LINE('',#1702,#1703);
#1702 = CARTESIAN_POINT('',(-0.168082500457,1.139935186415));
#1703 = VECTOR('',#1704,1.);
#1704 = DIRECTION('',(-0.928476690885,-0.371390676354));
#1705 = ( GEOMETRIC_REPRESENTATION_CONTEXT(2) 
PARAMETRIC_REPRESENTATION_CONTEXT() REPRESENTATION_CONTEXT('2D SPACE',''
  ) );
#1706 = PCURVE('',#1707,#1712);
#1707 = PLANE('',#1708);
#1708 = AXIS2_PLACEMENT_3D('',#1709,#1710,#1711);
#1709 = CARTESIAN_POINT('',(13.,-2.5,-0.6));
#1710 = DIRECTION('',(0.371390676354,-0.928476690885,0.));
#1711 = DIRECTION('',(-0.928476690885,-0.371390676354,0.));
#1712 = DEFINITIONAL_REPRESENTATION('',(#1713),#1717);
#1713 = LINE('',#1714,#1715);
#1714 = CARTESIAN_POINT('',(0.,0.));
#1715 = VECTOR('',#1716,1.);
#1716 = DIRECTION('',(1.,0.));
#1717 = ( GEOMETRIC_REPRESENTATION_CONTEXT(2) 
PARAMETRIC_REPRESENTATION_CONTEXT() REPRESENTATION_CONTEXT('2D SPACE',''
  ) );
#1718 = ORIENTED_EDGE('',*,*,#1719,.T.);
#1719 = EDGE_CURVE('',#1692,#1623,#1720,.T.);
#1720 = SURFACE_CURVE('',#1721,(#1725,#1731),.PCURVE_S1.);
#1721 = LINE('',#1722,#1723);
#1722 = CARTESIAN_POINT('',(11.9,-3.069967593208,-0.6));
#1723 = VECTOR('',#1724,1.);
#1724 = DIRECTION('',(0.,-1.,0.));
#1725 = PCURVE('',#1559,#1726);
#1726 = DEFINITIONAL_REPRESENTATION('',(#1727),#1730);
#1727 = B_SPLINE_CURVE_WITH_KNOTS('',1,(#1728,#1729),.UNSPECIFIED.,.F.,
  .F.,(2,2),(-0.569967593208,0.730032406792),.PIECEWISE_BEZIER_KNOTS.);
#1728 = CARTESIAN_POINT('',(-1.268082500457,1.139935186415));
#1729 = CARTESIAN_POINT('',(-1.268082500457,-0.160064813585));
#1730 = ( GEOMETRIC_REPRESENTATION_CONTEXT(2) 
PARAMETRIC_REPRESENTATION_CONTEXT() REPRESENTATION_CONTEXT('2D SPACE',''
  ) );
#1731 = PCURVE('',#1204,#1732);
#1732 = DEFINITIONAL_REPRESENTATION('',(#1733),#1736);
#1733 = B_SPLINE_CURVE_WITH_KNOTS('',1,(#1734,#1735),.UNSPECIFIED.,.F.,
  .F.,(2,2),(-0.569967593208,0.730032406792),.PIECEWISE_BEZIER_KNOTS.);
#1734 = CARTESIAN_POINT('',(-0.2,2.22044604925E-16));
#1735 = CARTESIAN_POINT('',(-0.2,-1.3));
#1736 = ( GEOMETRIC_REPRESENTATION_CONTEXT(2) 
PARAMETRIC_REPRESENTATION_CONTEXT() REPRESENTATION_CONTEXT('2D SPACE',''
  ) );
#1737 = ADVANCED_FACE('',(#1738),#1707,.F.);
#1738 = FACE_BOUND('',#1739,.F.);
#1739 = EDGE_LOOP('',(#1740,#1741,#1762,#1788,#1814,#1842));
#1740 = ORIENTED_EDGE('',*,*,#1691,.F.);
#1741 = ORIENTED_EDGE('',*,*,#1742,.F.);
#1742 = EDGE_CURVE('',#1743,#1671,#1745,.T.);
#1743 = VERTEX_POINT('',#1744);
#1744 = CARTESIAN_POINT('',(11.9375,-2.925,-0.375));
#1745 = SURFACE_CURVE('',#1746,(#1750,#1756),.PCURVE_S1.);
#1746 = LINE('',#1747,#1748);
#1747 = CARTESIAN_POINT('',(11.9375,-2.925,-0.9125));
#1748 = VECTOR('',#1749,1.);
#1749 = DIRECTION('',(0.,0.,-1.));
#1750 = PCURVE('',#1707,#1751);
#1751 = DEFINITIONAL_REPRESENTATION('',(#1752),#1755);
#1752 = B_SPLINE_CURVE_WITH_KNOTS('',1,(#1753,#1754),.UNSPECIFIED.,.F.,
  .F.,(2,2),(-0.5375,-0.3125),.PIECEWISE_BEZIER_KNOTS.);
#1753 = CARTESIAN_POINT('',(1.144347521516,-0.225));
#1754 = CARTESIAN_POINT('',(1.144347521516,0.));
#1755 = ( GEOMETRIC_REPRESENTATION_CONTEXT(2) 
PARAMETRIC_REPRESENTATION_CONTEXT() REPRESENTATION_CONTEXT('2D SPACE',''
  ) );
#1756 = PCURVE('',#1533,#1757);
#1757 = DEFINITIONAL_REPRESENTATION('',(#1758),#1761);
#1758 = B_SPLINE_CURVE_WITH_KNOTS('',1,(#1759,#1760),.UNSPECIFIED.,.F.,
  .F.,(2,2),(-0.5375,-0.3125),.PIECEWISE_BEZIER_KNOTS.);
#1759 = CARTESIAN_POINT('',(0.85,0.9375));
#1760 = CARTESIAN_POINT('',(0.625,0.9375));
#1761 = ( GEOMETRIC_REPRESENTATION_CONTEXT(2) 
PARAMETRIC_REPRESENTATION_CONTEXT() REPRESENTATION_CONTEXT('2D SPACE',''
  ) );
#1762 = ORIENTED_EDGE('',*,*,#1763,.T.);
#1763 = EDGE_CURVE('',#1743,#1764,#1766,.T.);
#1764 = VERTEX_POINT('',#1765);
#1765 = CARTESIAN_POINT('',(12.4,-2.74,-0.375));
#1766 = SURFACE_CURVE('',#1767,(#1771,#1777),.PCURVE_S1.);
#1767 = LINE('',#1768,#1769);
#1768 = CARTESIAN_POINT('',(12.064655172414,-2.874137931034,-0.375));
#1769 = VECTOR('',#1770,1.);
#1770 = DIRECTION('',(0.928476690885,0.371390676354,-0.));
#1771 = PCURVE('',#1707,#1772);
#1772 = DEFINITIONAL_REPRESENTATION('',(#1773),#1776);
#1773 = B_SPLINE_CURVE_WITH_KNOTS('',1,(#1774,#1775),.UNSPECIFIED.,.F.,
  .F.,(2,2),(-0.136950311906,0.361177432754),.PIECEWISE_BEZIER_KNOTS.);
#1774 = CARTESIAN_POINT('',(1.144347521516,-0.225));
#1775 = CARTESIAN_POINT('',(0.646219776856,-0.225));
#1776 = ( GEOMETRIC_REPRESENTATION_CONTEXT(2) 
PARAMETRIC_REPRESENTATION_CONTEXT() REPRESENTATION_CONTEXT('2D SPACE',''
  ) );
#1777 = PCURVE('',#1778,#1783);
#1778 = PLANE('',#1779);
#1779 = AXIS2_PLACEMENT_3D('',#1780,#1781,#1782);
#1780 = CARTESIAN_POINT('',(11.,-2.925,-0.375));
#1781 = DIRECTION('',(0.,0.,1.));
#1782 = DIRECTION('',(1.,0.,0.));
#1783 = DEFINITIONAL_REPRESENTATION('',(#1784),#1787);
#1784 = B_SPLINE_CURVE_WITH_KNOTS('',1,(#1785,#1786),.UNSPECIFIED.,.F.,
  .F.,(2,2),(-0.136950311906,0.361177432754),.PIECEWISE_BEZIER_KNOTS.);
#1785 = CARTESIAN_POINT('',(0.9375,2.775557561563E-17));
#1786 = CARTESIAN_POINT('',(1.4,0.185));
#1787 = ( GEOMETRIC_REPRESENTATION_CONTEXT(2) 
PARAMETRIC_REPRESENTATION_CONTEXT() REPRESENTATION_CONTEXT('2D SPACE',''
  ) );
#1788 = ORIENTED_EDGE('',*,*,#1789,.F.);
#1789 = EDGE_CURVE('',#1790,#1764,#1792,.T.);
#1790 = VERTEX_POINT('',#1791);
#1791 = CARTESIAN_POINT('',(12.4,-2.74,-1.E-01));
#1792 = SURFACE_CURVE('',#1793,(#1797,#1803),.PCURVE_S1.);
#1793 = LINE('',#1794,#1795);
#1794 = CARTESIAN_POINT('',(12.4,-2.74,-0.7));
#1795 = VECTOR('',#1796,1.);
#1796 = DIRECTION('',(0.,0.,-1.));
#1797 = PCURVE('',#1707,#1798);
#1798 = DEFINITIONAL_REPRESENTATION('',(#1799),#1802);
#1799 = B_SPLINE_CURVE_WITH_KNOTS('',1,(#1800,#1801),.UNSPECIFIED.,.F.,
  .F.,(2,2),(-0.6,-1.E-01),.PIECEWISE_BEZIER_KNOTS.);
#1800 = CARTESIAN_POINT('',(0.646219776856,-0.5));
#1801 = CARTESIAN_POINT('',(0.646219776856,0.));
#1802 = ( GEOMETRIC_REPRESENTATION_CONTEXT(2) 
PARAMETRIC_REPRESENTATION_CONTEXT() REPRESENTATION_CONTEXT('2D SPACE',''
  ) );
#1803 = PCURVE('',#1804,#1809);
#1804 = PLANE('',#1805);
#1805 = AXIS2_PLACEMENT_3D('',#1806,#1807,#1808);
#1806 = CARTESIAN_POINT('',(12.4,-2.5,-0.8));
#1807 = DIRECTION('',(1.,0.,0.));
#1808 = DIRECTION('',(0.,0.,-1.));
#1809 = DEFINITIONAL_REPRESENTATION('',(#1810),#1813);
#1810 = B_SPLINE_CURVE_WITH_KNOTS('',1,(#1811,#1812),.UNSPECIFIED.,.F.,
  .F.,(2,2),(-0.6,-1.E-01),.PIECEWISE_BEZIER_KNOTS.);
#1811 = CARTESIAN_POINT('',(-0.7,-0.24));
#1812 = CARTESIAN_POINT('',(-0.2,-0.24));
#1813 = ( GEOMETRIC_REPRESENTATION_CONTEXT(2) 
PARAMETRIC_REPRESENTATION_CONTEXT() REPRESENTATION_CONTEXT('2D SPACE',''
  ) );
#1814 = ORIENTED_EDGE('',*,*,#1815,.T.);
#1815 = EDGE_CURVE('',#1790,#1816,#1818,.T.);
#1816 = VERTEX_POINT('',#1817);
#1817 = CARTESIAN_POINT('',(11.9,-2.94,-1.E-01));
#1818 = SURFACE_CURVE('',#1819,(#1823,#1830),.PCURVE_S1.);
#1819 = LINE('',#1820,#1821);
#1820 = CARTESIAN_POINT('',(13.,-2.5,-1.E-01));
#1821 = VECTOR('',#1822,1.);
#1822 = DIRECTION('',(-0.928476690885,-0.371390676354,0.));
#1823 = PCURVE('',#1707,#1824);
#1824 = DEFINITIONAL_REPRESENTATION('',(#1825),#1829);
#1825 = LINE('',#1826,#1827);
#1826 = CARTESIAN_POINT('',(0.,-0.5));
#1827 = VECTOR('',#1828,1.);
#1828 = DIRECTION('',(1.,0.));
#1829 = ( GEOMETRIC_REPRESENTATION_CONTEXT(2) 
PARAMETRIC_REPRESENTATION_CONTEXT() REPRESENTATION_CONTEXT('2D SPACE',''
  ) );
#1830 = PCURVE('',#1831,#1836);
#1831 = PLANE('',#1832);
#1832 = AXIS2_PLACEMENT_3D('',#1833,#1834,#1835);
#1833 = CARTESIAN_POINT('',(13.168082500457,-3.639935186415,-1.E-01));
#1834 = DIRECTION('',(0.,0.,1.));
#1835 = DIRECTION('',(1.,0.,0.));
#1836 = DEFINITIONAL_REPRESENTATION('',(#1837),#1841);
#1837 = LINE('',#1838,#1839);
#1838 = CARTESIAN_POINT('',(-0.168082500457,1.139935186415));
#1839 = VECTOR('',#1840,1.);
#1840 = DIRECTION('',(-0.928476690885,-0.371390676354));
#1841 = ( GEOMETRIC_REPRESENTATION_CONTEXT(2) 
PARAMETRIC_REPRESENTATION_CONTEXT() REPRESENTATION_CONTEXT('2D SPACE',''
  ) );
#1842 = ORIENTED_EDGE('',*,*,#1843,.T.);
#1843 = EDGE_CURVE('',#1816,#1692,#1844,.T.);
#1844 = SURFACE_CURVE('',#1845,(#1849,#1855),.PCURVE_S1.);
#1845 = LINE('',#1846,#1847);
#1846 = CARTESIAN_POINT('',(11.9,-2.94,-0.7));
#1847 = VECTOR('',#1848,1.);
#1848 = DIRECTION('',(0.,0.,-1.));
#1849 = PCURVE('',#1707,#1850);
#1850 = DEFINITIONAL_REPRESENTATION('',(#1851),#1854);
#1851 = B_SPLINE_CURVE_WITH_KNOTS('',1,(#1852,#1853),.UNSPECIFIED.,.F.,
  .F.,(2,2),(-0.6,-1.E-01),.PIECEWISE_BEZIER_KNOTS.);
#1852 = CARTESIAN_POINT('',(1.18473625757,-0.5));
#1853 = CARTESIAN_POINT('',(1.18473625757,0.));
#1854 = ( GEOMETRIC_REPRESENTATION_CONTEXT(2) 
PARAMETRIC_REPRESENTATION_CONTEXT() REPRESENTATION_CONTEXT('2D SPACE',''
  ) );
#1855 = PCURVE('',#1204,#1856);
#1856 = DEFINITIONAL_REPRESENTATION('',(#1857),#1860);
#1857 = B_SPLINE_CURVE_WITH_KNOTS('',1,(#1858,#1859),.UNSPECIFIED.,.F.,
  .F.,(2,2),(-0.6,-1.E-01),.PIECEWISE_BEZIER_KNOTS.);
#1858 = CARTESIAN_POINT('',(-0.7,-0.44));
#1859 = CARTESIAN_POINT('',(-0.2,-0.44));
#1860 = ( GEOMETRIC_REPRESENTATION_CONTEXT(2) 
PARAMETRIC_REPRESENTATION_CONTEXT() REPRESENTATION_CONTEXT('2D SPACE',''
  ) );
#1861 = ADVANCED_FACE('',(#1862),#1778,.T.);
#1862 = FACE_BOUND('',#1863,.T.);
#1863 = EDGE_LOOP('',(#1864,#1895,#1916,#1937,#1938));
#1864 = ORIENTED_EDGE('',*,*,#1865,.F.);
#1865 = EDGE_CURVE('',#1866,#1868,#1870,.T.);
#1866 = VERTEX_POINT('',#1867);
#1867 = CARTESIAN_POINT('',(11.9,-2.646291201784,-0.375));
#1868 = VERTEX_POINT('',#1869);
#1869 = CARTESIAN_POINT('',(12.4,-2.589379695823,-0.375));
#1870 = SURFACE_CURVE('',#1871,(#1876,#1883),.PCURVE_S1.);
#1871 = CIRCLE('',#1872,1.35);
#1872 = AXIS2_PLACEMENT_3D('',#1873,#1874,#1875);
#1873 = CARTESIAN_POINT('',(12.,-1.3,-0.375));
#1874 = DIRECTION('',(0.,0.,1.));
#1875 = DIRECTION('',(1.,0.,-0.));
#1876 = PCURVE('',#1778,#1877);
#1877 = DEFINITIONAL_REPRESENTATION('',(#1878),#1882);
#1878 = CIRCLE('',#1879,1.35);
#1879 = AXIS2_PLACEMENT_2D('',#1880,#1881);
#1880 = CARTESIAN_POINT('',(1.,1.625));
#1881 = DIRECTION('',(1.,0.));
#1882 = ( GEOMETRIC_REPRESENTATION_CONTEXT(2) 
PARAMETRIC_REPRESENTATION_CONTEXT() REPRESENTATION_CONTEXT('2D SPACE',''
  ) );
#1883 = PCURVE('',#1884,#1889);
#1884 = CYLINDRICAL_SURFACE('',#1885,1.35);
#1885 = AXIS2_PLACEMENT_3D('',#1886,#1887,#1888);
#1886 = CARTESIAN_POINT('',(12.,-1.3,-1.4));
#1887 = DIRECTION('',(0.,0.,1.));
#1888 = DIRECTION('',(1.,0.,0.));
#1889 = DEFINITIONAL_REPRESENTATION('',(#1890),#1894);
#1890 = LINE('',#1891,#1892);
#1891 = CARTESIAN_POINT('',(0.,1.025));
#1892 = VECTOR('',#1893,1.);
#1893 = DIRECTION('',(1.,0.));
#1894 = ( GEOMETRIC_REPRESENTATION_CONTEXT(2) 
PARAMETRIC_REPRESENTATION_CONTEXT() REPRESENTATION_CONTEXT('2D SPACE',''
  ) );
#1895 = ORIENTED_EDGE('',*,*,#1896,.F.);
#1896 = EDGE_CURVE('',#1897,#1866,#1899,.T.);
#1897 = VERTEX_POINT('',#1898);
#1898 = CARTESIAN_POINT('',(11.9,-2.925,-0.375));
#1899 = SURFACE_CURVE('',#1900,(#1904,#1910),.PCURVE_S1.);
#1900 = LINE('',#1901,#1902);
#1901 = CARTESIAN_POINT('',(11.9,-2.7125,-0.375));
#1902 = VECTOR('',#1903,1.);
#1903 = DIRECTION('',(0.,1.,0.));
#1904 = PCURVE('',#1778,#1905);
#1905 = DEFINITIONAL_REPRESENTATION('',(#1906),#1909);
#1906 = B_SPLINE_CURVE_WITH_KNOTS('',1,(#1907,#1908),.UNSPECIFIED.,.F.,
  .F.,(2,2),(-0.2125,0.6375),.PIECEWISE_BEZIER_KNOTS.);
#1907 = CARTESIAN_POINT('',(0.9,0.));
#1908 = CARTESIAN_POINT('',(0.9,0.85));
#1909 = ( GEOMETRIC_REPRESENTATION_CONTEXT(2) 
PARAMETRIC_REPRESENTATION_CONTEXT() REPRESENTATION_CONTEXT('2D SPACE',''
  ) );
#1910 = PCURVE('',#1204,#1911);
#1911 = DEFINITIONAL_REPRESENTATION('',(#1912),#1915);
#1912 = B_SPLINE_CURVE_WITH_KNOTS('',1,(#1913,#1914),.UNSPECIFIED.,.F.,
  .F.,(2,2),(-0.2125,0.6375),.PIECEWISE_BEZIER_KNOTS.);
#1913 = CARTESIAN_POINT('',(-0.425,-0.425));
#1914 = CARTESIAN_POINT('',(-0.425,0.425));
#1915 = ( GEOMETRIC_REPRESENTATION_CONTEXT(2) 
PARAMETRIC_REPRESENTATION_CONTEXT() REPRESENTATION_CONTEXT('2D SPACE',''
  ) );
#1916 = ORIENTED_EDGE('',*,*,#1917,.T.);
#1917 = EDGE_CURVE('',#1897,#1743,#1918,.T.);
#1918 = SURFACE_CURVE('',#1919,(#1923,#1930),.PCURVE_S1.);
#1919 = LINE('',#1920,#1921);
#1920 = CARTESIAN_POINT('',(11.,-2.925,-0.375));
#1921 = VECTOR('',#1922,1.);
#1922 = DIRECTION('',(1.,0.,0.));
#1923 = PCURVE('',#1778,#1924);
#1924 = DEFINITIONAL_REPRESENTATION('',(#1925),#1929);
#1925 = LINE('',#1926,#1927);
#1926 = CARTESIAN_POINT('',(0.,0.));
#1927 = VECTOR('',#1928,1.);
#1928 = DIRECTION('',(1.,0.));
#1929 = ( GEOMETRIC_REPRESENTATION_CONTEXT(2) 
PARAMETRIC_REPRESENTATION_CONTEXT() REPRESENTATION_CONTEXT('2D SPACE',''
  ) );
#1930 = PCURVE('',#1533,#1931);
#1931 = DEFINITIONAL_REPRESENTATION('',(#1932),#1936);
#1932 = LINE('',#1933,#1934);
#1933 = CARTESIAN_POINT('',(0.85,0.));
#1934 = VECTOR('',#1935,1.);
#1935 = DIRECTION('',(0.,1.));
#1936 = ( GEOMETRIC_REPRESENTATION_CONTEXT(2) 
PARAMETRIC_REPRESENTATION_CONTEXT() REPRESENTATION_CONTEXT('2D SPACE',''
  ) );
#1937 = ORIENTED_EDGE('',*,*,#1763,.T.);
#1938 = ORIENTED_EDGE('',*,*,#1939,.T.);
#1939 = EDGE_CURVE('',#1764,#1868,#1940,.T.);
#1940 = SURFACE_CURVE('',#1941,(#1945,#1951),.PCURVE_S1.);
#1941 = LINE('',#1942,#1943);
#1942 = CARTESIAN_POINT('',(12.4,-2.7125,-0.375));
#1943 = VECTOR('',#1944,1.);
#1944 = DIRECTION('',(0.,1.,0.));
#1945 = PCURVE('',#1778,#1946);
#1946 = DEFINITIONAL_REPRESENTATION('',(#1947),#1950);
#1947 = B_SPLINE_CURVE_WITH_KNOTS('',1,(#1948,#1949),.UNSPECIFIED.,.F.,
  .F.,(2,2),(-0.2125,0.6375),.PIECEWISE_BEZIER_KNOTS.);
#1948 = CARTESIAN_POINT('',(1.4,0.));
#1949 = CARTESIAN_POINT('',(1.4,0.85));
#1950 = ( GEOMETRIC_REPRESENTATION_CONTEXT(2) 
PARAMETRIC_REPRESENTATION_CONTEXT() REPRESENTATION_CONTEXT('2D SPACE',''
  ) );
#1951 = PCURVE('',#1804,#1952);
#1952 = DEFINITIONAL_REPRESENTATION('',(#1953),#1956);
#1953 = B_SPLINE_CURVE_WITH_KNOTS('',1,(#1954,#1955),.UNSPECIFIED.,.F.,
  .F.,(2,2),(-0.2125,0.6375),.PIECEWISE_BEZIER_KNOTS.);
#1954 = CARTESIAN_POINT('',(-0.425,-0.425));
#1955 = CARTESIAN_POINT('',(-0.425,0.425));
#1956 = ( GEOMETRIC_REPRESENTATION_CONTEXT(2) 
PARAMETRIC_REPRESENTATION_CONTEXT() REPRESENTATION_CONTEXT('2D SPACE',''
  ) );
#1957 = ADVANCED_FACE('',(#1958),#1884,.T.);
#1958 = FACE_BOUND('',#1959,.T.);
#1959 = EDGE_LOOP('',(#1960,#1981,#2010,#2029));
#1960 = ORIENTED_EDGE('',*,*,#1961,.T.);
#1961 = EDGE_CURVE('',#1868,#1962,#1964,.T.);
#1962 = VERTEX_POINT('',#1963);
#1963 = CARTESIAN_POINT('',(12.4,-2.589379695823,0.2));
#1964 = SURFACE_CURVE('',#1965,(#1969,#1975),.PCURVE_S1.);
#1965 = LINE('',#1966,#1967);
#1966 = CARTESIAN_POINT('',(12.4,-2.589379695823,-1.4));
#1967 = VECTOR('',#1968,1.);
#1968 = DIRECTION('',(0.,0.,1.));
#1969 = PCURVE('',#1884,#1970);
#1970 = DEFINITIONAL_REPRESENTATION('',(#1971),#1974);
#1971 = B_SPLINE_CURVE_WITH_KNOTS('',1,(#1972,#1973),.UNSPECIFIED.,.F.,
  .F.,(2,2),(-2.400000000069E-06,1.6000024),.PIECEWISE_BEZIER_KNOTS.);
#1972 = CARTESIAN_POINT('',(5.013201455641,-2.400000000069E-06));
#1973 = CARTESIAN_POINT('',(5.013201455641,1.6000024));
#1974 = ( GEOMETRIC_REPRESENTATION_CONTEXT(2) 
PARAMETRIC_REPRESENTATION_CONTEXT() REPRESENTATION_CONTEXT('2D SPACE',''
  ) );
#1975 = PCURVE('',#1804,#1976);
#1976 = DEFINITIONAL_REPRESENTATION('',(#1977),#1980);
#1977 = B_SPLINE_CURVE_WITH_KNOTS('',1,(#1978,#1979),.UNSPECIFIED.,.F.,
  .F.,(2,2),(-2.400000000069E-06,1.6000024),.PIECEWISE_BEZIER_KNOTS.);
#1978 = CARTESIAN_POINT('',(0.6000024,-8.937969582276E-02));
#1979 = CARTESIAN_POINT('',(-1.0000024,-8.937969582276E-02));
#1980 = ( GEOMETRIC_REPRESENTATION_CONTEXT(2) 
PARAMETRIC_REPRESENTATION_CONTEXT() REPRESENTATION_CONTEXT('2D SPACE',''
  ) );
#1981 = ORIENTED_EDGE('',*,*,#1982,.F.);
#1982 = EDGE_CURVE('',#1983,#1962,#1985,.T.);
#1983 = VERTEX_POINT('',#1984);
#1984 = CARTESIAN_POINT('',(11.9,-2.646291201784,0.2));
#1985 = SURFACE_CURVE('',#1986,(#1991,#1998),.PCURVE_S1.);
#1986 = CIRCLE('',#1987,1.35);
#1987 = AXIS2_PLACEMENT_3D('',#1988,#1989,#1990);
#1988 = CARTESIAN_POINT('',(12.,-1.3,0.2));
#1989 = DIRECTION('',(0.,0.,1.));
#1990 = DIRECTION('',(1.,0.,0.));
#1991 = PCURVE('',#1884,#1992);
#1992 = DEFINITIONAL_REPRESENTATION('',(#1993),#1997);
#1993 = LINE('',#1994,#1995);
#1994 = CARTESIAN_POINT('',(0.,1.6));
#1995 = VECTOR('',#1996,1.);
#1996 = DIRECTION('',(1.,0.));
#1997 = ( GEOMETRIC_REPRESENTATION_CONTEXT(2) 
PARAMETRIC_REPRESENTATION_CONTEXT() REPRESENTATION_CONTEXT('2D SPACE',''
  ) );
#1998 = PCURVE('',#1999,#2004);
#1999 = PLANE('',#2000);
#2000 = AXIS2_PLACEMENT_3D('',#2001,#2002,#2003);
#2001 = CARTESIAN_POINT('',(12.,-1.3,0.2));
#2002 = DIRECTION('',(0.,0.,1.));
#2003 = DIRECTION('',(1.,0.,0.));
#2004 = DEFINITIONAL_REPRESENTATION('',(#2005),#2009);
#2005 = CIRCLE('',#2006,1.35);
#2006 = AXIS2_PLACEMENT_2D('',#2007,#2008);
#2007 = CARTESIAN_POINT('',(0.,0.));
#2008 = DIRECTION('',(1.,0.));
#2009 = ( GEOMETRIC_REPRESENTATION_CONTEXT(2) 
PARAMETRIC_REPRESENTATION_CONTEXT() REPRESENTATION_CONTEXT('2D SPACE',''
  ) );
#2010 = ORIENTED_EDGE('',*,*,#2011,.F.);
#2011 = EDGE_CURVE('',#1866,#1983,#2012,.T.);
#2012 = SURFACE_CURVE('',#2013,(#2017,#2023),.PCURVE_S1.);
#2013 = LINE('',#2014,#2015);
#2014 = CARTESIAN_POINT('',(11.9,-2.646291201784,-1.4));
#2015 = VECTOR('',#2016,1.);
#2016 = DIRECTION('',(0.,0.,1.));
#2017 = PCURVE('',#1884,#2018);
#2018 = DEFINITIONAL_REPRESENTATION('',(#2019),#2022);
#2019 = B_SPLINE_CURVE_WITH_KNOTS('',1,(#2020,#2021),.UNSPECIFIED.,.F.,
  .F.,(2,2),(-2.400000000069E-06,1.6000024),.PIECEWISE_BEZIER_KNOTS.);
#2020 = CARTESIAN_POINT('',(4.638246998151,-2.400000000069E-06));
#2021 = CARTESIAN_POINT('',(4.638246998151,1.6000024));
#2022 = ( GEOMETRIC_REPRESENTATION_CONTEXT(2) 
PARAMETRIC_REPRESENTATION_CONTEXT() REPRESENTATION_CONTEXT('2D SPACE',''
  ) );
#2023 = PCURVE('',#1204,#2024);
#2024 = DEFINITIONAL_REPRESENTATION('',(#2025),#2028);
#2025 = B_SPLINE_CURVE_WITH_KNOTS('',1,(#2026,#2027),.UNSPECIFIED.,.F.,
  .F.,(2,2),(-2.400000000069E-06,1.6000024),.PIECEWISE_BEZIER_KNOTS.);
#2026 = CARTESIAN_POINT('',(0.6000024,-0.146291201784));
#2027 = CARTESIAN_POINT('',(-1.0000024,-0.146291201784));
#2028 = ( GEOMETRIC_REPRESENTATION_CONTEXT(2) 
PARAMETRIC_REPRESENTATION_CONTEXT() REPRESENTATION_CONTEXT('2D SPACE',''
  ) );
#2029 = ORIENTED_EDGE('',*,*,#1865,.T.);
#2030 = ADVANCED_FACE('',(#2031),#1999,.T.);
#2031 = FACE_BOUND('',#2032,.T.);
#2032 = EDGE_LOOP('',(#2033,#2054,#2055,#2076));
#2033 = ORIENTED_EDGE('',*,*,#2034,.T.);
#2034 = EDGE_CURVE('',#2035,#1983,#2037,.T.);
#2035 = VERTEX_POINT('',#2036);
#2036 = CARTESIAN_POINT('',(11.9,-1.89160797831,0.2));
#2037 = SURFACE_CURVE('',#2038,(#2042,#2048),.PCURVE_S1.);
#2038 = LINE('',#2039,#2040);
#2039 = CARTESIAN_POINT('',(11.9,-1.9,0.2));
#2040 = VECTOR('',#2041,1.);
#2041 = DIRECTION('',(0.,-1.,0.));
#2042 = PCURVE('',#1999,#2043);
#2043 = DEFINITIONAL_REPRESENTATION('',(#2044),#2047);
#2044 = B_SPLINE_CURVE_WITH_KNOTS('',1,(#2045,#2046),.UNSPECIFIED.,.F.,
  .F.,(2,2),(-0.7,0.75),.PIECEWISE_BEZIER_KNOTS.);
#2045 = CARTESIAN_POINT('',(-1.E-01,0.1));
#2046 = CARTESIAN_POINT('',(-1.E-01,-1.35));
#2047 = ( GEOMETRIC_REPRESENTATION_CONTEXT(2) 
PARAMETRIC_REPRESENTATION_CONTEXT() REPRESENTATION_CONTEXT('2D SPACE',''
  ) );
#2048 = PCURVE('',#1204,#2049);
#2049 = DEFINITIONAL_REPRESENTATION('',(#2050),#2053);
#2050 = B_SPLINE_CURVE_WITH_KNOTS('',1,(#2051,#2052),.UNSPECIFIED.,.F.,
  .F.,(2,2),(-0.7,0.75),.PIECEWISE_BEZIER_KNOTS.);
#2051 = CARTESIAN_POINT('',(-1.,1.3));
#2052 = CARTESIAN_POINT('',(-1.,-0.15));
#2053 = ( GEOMETRIC_REPRESENTATION_CONTEXT(2) 
PARAMETRIC_REPRESENTATION_CONTEXT() REPRESENTATION_CONTEXT('2D SPACE',''
  ) );
#2054 = ORIENTED_EDGE('',*,*,#1982,.T.);
#2055 = ORIENTED_EDGE('',*,*,#2056,.F.);
#2056 = EDGE_CURVE('',#2057,#1962,#2059,.T.);
#2057 = VERTEX_POINT('',#2058);
#2058 = CARTESIAN_POINT('',(12.4,-1.7472135955,0.2));
#2059 = SURFACE_CURVE('',#2060,(#2064,#2070),.PCURVE_S1.);
#2060 = LINE('',#2061,#2062);
#2061 = CARTESIAN_POINT('',(12.4,-1.9,0.2));
#2062 = VECTOR('',#2063,1.);
#2063 = DIRECTION('',(0.,-1.,0.));
#2064 = PCURVE('',#1999,#2065);
#2065 = DEFINITIONAL_REPRESENTATION('',(#2066),#2069);
#2066 = B_SPLINE_CURVE_WITH_KNOTS('',1,(#2067,#2068),.UNSPECIFIED.,.F.,
  .F.,(2,2),(-0.75,0.75),.PIECEWISE_BEZIER_KNOTS.);
#2067 = CARTESIAN_POINT('',(0.4,0.15));
#2068 = CARTESIAN_POINT('',(0.4,-1.35));
#2069 = ( GEOMETRIC_REPRESENTATION_CONTEXT(2) 
PARAMETRIC_REPRESENTATION_CONTEXT() REPRESENTATION_CONTEXT('2D SPACE',''
  ) );
#2070 = PCURVE('',#1804,#2071);
#2071 = DEFINITIONAL_REPRESENTATION('',(#2072),#2075);
#2072 = B_SPLINE_CURVE_WITH_KNOTS('',1,(#2073,#2074),.UNSPECIFIED.,.F.,
  .F.,(2,2),(-0.75,0.75),.PIECEWISE_BEZIER_KNOTS.);
#2073 = CARTESIAN_POINT('',(-1.,1.35));
#2074 = CARTESIAN_POINT('',(-1.,-0.15));
#2075 = ( GEOMETRIC_REPRESENTATION_CONTEXT(2) 
PARAMETRIC_REPRESENTATION_CONTEXT() REPRESENTATION_CONTEXT('2D SPACE',''
  ) );
#2076 = ORIENTED_EDGE('',*,*,#2077,.F.);
#2077 = EDGE_CURVE('',#2035,#2057,#2078,.T.);
#2078 = SURFACE_CURVE('',#2079,(#2084,#2091),.PCURVE_S1.);
#2079 = CIRCLE('',#2080,0.6);
#2080 = AXIS2_PLACEMENT_3D('',#2081,#2082,#2083);
#2081 = CARTESIAN_POINT('',(12.,-1.3,0.2));
#2082 = DIRECTION('',(0.,0.,1.));
#2083 = DIRECTION('',(1.,0.,0.));
#2084 = PCURVE('',#1999,#2085);
#2085 = DEFINITIONAL_REPRESENTATION('',(#2086),#2090);
#2086 = CIRCLE('',#2087,0.6);
#2087 = AXIS2_PLACEMENT_2D('',#2088,#2089);
#2088 = CARTESIAN_POINT('',(0.,0.));
#2089 = DIRECTION('',(1.,0.));
#2090 = ( GEOMETRIC_REPRESENTATION_CONTEXT(2) 
PARAMETRIC_REPRESENTATION_CONTEXT() REPRESENTATION_CONTEXT('2D SPACE',''
  ) );
#2091 = PCURVE('',#2092,#2097);
#2092 = CYLINDRICAL_SURFACE('',#2093,0.6);
#2093 = AXIS2_PLACEMENT_3D('',#2094,#2095,#2096);
#2094 = CARTESIAN_POINT('',(12.,-1.3,-2.35));
#2095 = DIRECTION('',(0.,0.,1.));
#2096 = DIRECTION('',(1.,0.,0.));
#2097 = DEFINITIONAL_REPRESENTATION('',(#2098),#2102);
#2098 = LINE('',#2099,#2100);
#2099 = CARTESIAN_POINT('',(0.,2.55));
#2100 = VECTOR('',#2101,1.);
#2101 = DIRECTION('',(1.,0.));
#2102 = ( GEOMETRIC_REPRESENTATION_CONTEXT(2) 
PARAMETRIC_REPRESENTATION_CONTEXT() REPRESENTATION_CONTEXT('2D SPACE',''
  ) );
#2103 = ADVANCED_FACE('',(#2104),#2092,.T.);
#2104 = FACE_BOUND('',#2105,.T.);
#2105 = EDGE_LOOP('',(#2106,#2131,#2155,#2193,#2212,#2213,#2234,#2278,
    #2300,#2301));
#2106 = ORIENTED_EDGE('',*,*,#2107,.F.);
#2107 = EDGE_CURVE('',#2108,#2110,#2112,.T.);
#2108 = VERTEX_POINT('',#2109);
#2109 = CARTESIAN_POINT('',(12.6,-1.3,0.2));
#2110 = VERTEX_POINT('',#2111);
#2111 = CARTESIAN_POINT('',(12.6,-1.3,1.15));
#2112 = SEAM_CURVE('',#2113,(#2117,#2124),.PCURVE_S1.);
#2113 = LINE('',#2114,#2115);
#2114 = CARTESIAN_POINT('',(12.6,-1.3,-2.35));
#2115 = VECTOR('',#2116,1.);
#2116 = DIRECTION('',(0.,0.,1.));
#2117 = PCURVE('',#2092,#2118);
#2118 = DEFINITIONAL_REPRESENTATION('',(#2119),#2123);
#2119 = LINE('',#2120,#2121);
#2120 = CARTESIAN_POINT('',(0.,-0.));
#2121 = VECTOR('',#2122,1.);
#2122 = DIRECTION('',(0.,1.));
#2123 = ( GEOMETRIC_REPRESENTATION_CONTEXT(2) 
PARAMETRIC_REPRESENTATION_CONTEXT() REPRESENTATION_CONTEXT('2D SPACE',''
  ) );
#2124 = PCURVE('',#2092,#2125);
#2125 = DEFINITIONAL_REPRESENTATION('',(#2126),#2130);
#2126 = LINE('',#2127,#2128);
#2127 = CARTESIAN_POINT('',(6.28318530718,-0.));
#2128 = VECTOR('',#2129,1.);
#2129 = DIRECTION('',(0.,1.));
#2130 = ( GEOMETRIC_REPRESENTATION_CONTEXT(2) 
PARAMETRIC_REPRESENTATION_CONTEXT() REPRESENTATION_CONTEXT('2D SPACE',''
  ) );
#2131 = ORIENTED_EDGE('',*,*,#2132,.T.);
#2132 = EDGE_CURVE('',#2108,#2133,#2135,.T.);
#2133 = VERTEX_POINT('',#2134);
#2134 = CARTESIAN_POINT('',(11.527147245857,-1.669337613708,0.2));
#2135 = SURFACE_CURVE('',#2136,(#2141,#2148),.PCURVE_S1.);
#2136 = CIRCLE('',#2137,0.6);
#2137 = AXIS2_PLACEMENT_3D('',#2138,#2139,#2140);
#2138 = CARTESIAN_POINT('',(12.,-1.3,0.2));
#2139 = DIRECTION('',(0.,0.,1.));
#2140 = DIRECTION('',(1.,0.,0.));
#2141 = PCURVE('',#2092,#2142);
#2142 = DEFINITIONAL_REPRESENTATION('',(#2143),#2147);
#2143 = LINE('',#2144,#2145);
#2144 = CARTESIAN_POINT('',(0.,2.55));
#2145 = VECTOR('',#2146,1.);
#2146 = DIRECTION('',(1.,0.));
#2147 = ( GEOMETRIC_REPRESENTATION_CONTEXT(2) 
PARAMETRIC_REPRESENTATION_CONTEXT() REPRESENTATION_CONTEXT('2D SPACE',''
  ) );
#2148 = PCURVE('',#406,#2149);
#2149 = DEFINITIONAL_REPRESENTATION('',(#2150),#2154);
#2150 = CIRCLE('',#2151,0.6);
#2151 = AXIS2_PLACEMENT_2D('',#2152,#2153);
#2152 = CARTESIAN_POINT('',(0.,0.));
#2153 = DIRECTION('',(1.,0.));
#2154 = ( GEOMETRIC_REPRESENTATION_CONTEXT(2) 
PARAMETRIC_REPRESENTATION_CONTEXT() REPRESENTATION_CONTEXT('2D SPACE',''
  ) );
#2155 = ORIENTED_EDGE('',*,*,#2156,.T.);
#2156 = EDGE_CURVE('',#2133,#2157,#2159,.T.);
#2157 = VERTEX_POINT('',#2158);
#2158 = CARTESIAN_POINT('',(11.9,-1.89160797831,0.348851229683));
#2159 = SURFACE_CURVE('',#2160,(#2169,#2181),.PCURVE_S1.);
#2160 = B_SPLINE_CURVE_WITH_KNOTS('',7,(#2161,#2162,#2163,#2164,#2165,
    #2166,#2167,#2168),.UNSPECIFIED.,.F.,.F.,(8,8),(0.,1.),
  .PIECEWISE_BEZIER_KNOTS.);
#2161 = CARTESIAN_POINT('',(11.527144989124,-1.669334724456,0.1999976));
#2162 = CARTESIAN_POINT('',(11.564135375462,-1.716693091748,
    0.239336645629));
#2163 = CARTESIAN_POINT('',(11.607760136967,-1.761138474045,
    0.271833485062));
#2164 = CARTESIAN_POINT('',(11.65773995964,-1.801091563741,
    0.297888926641));
#2165 = CARTESIAN_POINT('',(11.713337162142,-1.835102596042,
    0.318063070536));
#2166 = CARTESIAN_POINT('',(11.773352189179,-1.861936000347,
    0.332986332519));
#2167 = CARTESIAN_POINT('',(11.83616828568,-1.880818715673,
    0.343137612868));
#2168 = CARTESIAN_POINT('',(11.9000024,-1.891608383979,0.348851444511));
#2169 = PCURVE('',#2092,#2170);
#2170 = DEFINITIONAL_REPRESENTATION('',(#2171),#2180);
#2171 = B_SPLINE_CURVE_WITH_KNOTS('',7,(#2172,#2173,#2174,#2175,#2176,
    #2177,#2178,#2179),.UNSPECIFIED.,.F.,.F.,(8,8),(0.,1.),
  .PIECEWISE_BEZIER_KNOTS.);
#2172 = CARTESIAN_POINT('',(3.804686304248,2.5499976));
#2173 = CARTESIAN_POINT('',(3.904840402655,2.589336645629));
#2174 = CARTESIAN_POINT('',(4.007974521988,2.621833485062));
#2175 = CARTESIAN_POINT('',(4.113370201576,2.647888926641));
#2176 = CARTESIAN_POINT('',(4.220440932132,2.668063070536));
#2177 = CARTESIAN_POINT('',(4.328571153426,2.682986332519));
#2178 = CARTESIAN_POINT('',(4.437045685262,2.693137612868));
#2179 = CARTESIAN_POINT('',(4.544944957904,2.698851444511));
#2180 = ( GEOMETRIC_REPRESENTATION_CONTEXT(2) 
PARAMETRIC_REPRESENTATION_CONTEXT() REPRESENTATION_CONTEXT('2D SPACE',''
  ) );
#2181 = PCURVE('',#271,#2182);
#2182 = DEFINITIONAL_REPRESENTATION('',(#2183),#2192);
#2183 = B_SPLINE_CURVE_WITH_KNOTS('',7,(#2184,#2185,#2186,#2187,#2188,
    #2189,#2190,#2191),.UNSPECIFIED.,.F.,.F.,(8,8),(8.715480931992E-06,
    0.999994628934),.PIECEWISE_BEZIER_KNOTS.);
#2184 = CARTESIAN_POINT('',(2.448432746013,1.027147245857));
#2185 = CARTESIAN_POINT('',(2.495790293858,1.064137458054));
#2186 = CARTESIAN_POINT('',(2.538061366756,1.107761846336));
#2187 = CARTESIAN_POINT('',(2.57468101392,1.15774109253));
#2188 = CARTESIAN_POINT('',(2.605076069813,1.213337536855));
#2189 = CARTESIAN_POINT('',(2.628690928937,1.273351672401));
#2190 = CARTESIAN_POINT('',(2.645181521892,1.33616681769));
#2191 = CARTESIAN_POINT('',(2.654573318536,1.4));
#2192 = ( GEOMETRIC_REPRESENTATION_CONTEXT(2) 
PARAMETRIC_REPRESENTATION_CONTEXT() REPRESENTATION_CONTEXT('2D SPACE',''
  ) );
#2193 = ORIENTED_EDGE('',*,*,#2194,.F.);
#2194 = EDGE_CURVE('',#2035,#2157,#2195,.T.);
#2195 = SURFACE_CURVE('',#2196,(#2200,#2206),.PCURVE_S1.);
#2196 = LINE('',#2197,#2198);
#2197 = CARTESIAN_POINT('',(11.9,-1.89160797831,-2.35));
#2198 = VECTOR('',#2199,1.);
#2199 = DIRECTION('',(0.,0.,1.));
#2200 = PCURVE('',#2092,#2201);
#2201 = DEFINITIONAL_REPRESENTATION('',(#2202),#2205);
#2202 = B_SPLINE_CURVE_WITH_KNOTS('',1,(#2203,#2204),.UNSPECIFIED.,.F.,
  .F.,(2,2),(2.5499976,3.11),.PIECEWISE_BEZIER_KNOTS.);
#2203 = CARTESIAN_POINT('',(4.544940901165,2.5499976));
#2204 = CARTESIAN_POINT('',(4.544940901165,3.11));
#2205 = ( GEOMETRIC_REPRESENTATION_CONTEXT(2) 
PARAMETRIC_REPRESENTATION_CONTEXT() REPRESENTATION_CONTEXT('2D SPACE',''
  ) );
#2206 = PCURVE('',#1204,#2207);
#2207 = DEFINITIONAL_REPRESENTATION('',(#2208),#2211);
#2208 = B_SPLINE_CURVE_WITH_KNOTS('',1,(#2209,#2210),.UNSPECIFIED.,.F.,
  .F.,(2,2),(2.5499976,3.11),.PIECEWISE_BEZIER_KNOTS.);
#2209 = CARTESIAN_POINT('',(-0.9999976,0.60839202169));
#2210 = CARTESIAN_POINT('',(-1.56,0.60839202169));
#2211 = ( GEOMETRIC_REPRESENTATION_CONTEXT(2) 
PARAMETRIC_REPRESENTATION_CONTEXT() REPRESENTATION_CONTEXT('2D SPACE',''
  ) );
#2212 = ORIENTED_EDGE('',*,*,#2077,.T.);
#2213 = ORIENTED_EDGE('',*,*,#2214,.T.);
#2214 = EDGE_CURVE('',#2057,#2215,#2217,.T.);
#2215 = VERTEX_POINT('',#2216);
#2216 = CARTESIAN_POINT('',(12.4,-1.7472135955,0.320630460589));
#2217 = SURFACE_CURVE('',#2218,(#2222,#2228),.PCURVE_S1.);
#2218 = LINE('',#2219,#2220);
#2219 = CARTESIAN_POINT('',(12.4,-1.7472135955,-2.35));
#2220 = VECTOR('',#2221,1.);
#2221 = DIRECTION('',(0.,0.,1.));
#2222 = PCURVE('',#2092,#2223);
#2223 = DEFINITIONAL_REPRESENTATION('',(#2224),#2227);
#2224 = B_SPLINE_CURVE_WITH_KNOTS('',1,(#2225,#2226),.UNSPECIFIED.,.F.,
  .F.,(2,2),(2.5499976,3.17),.PIECEWISE_BEZIER_KNOTS.);
#2225 = CARTESIAN_POINT('',(5.442116636612,2.5499976));
#2226 = CARTESIAN_POINT('',(5.442116636612,3.17));
#2227 = ( GEOMETRIC_REPRESENTATION_CONTEXT(2) 
PARAMETRIC_REPRESENTATION_CONTEXT() REPRESENTATION_CONTEXT('2D SPACE',''
  ) );
#2228 = PCURVE('',#1804,#2229);
#2229 = DEFINITIONAL_REPRESENTATION('',(#2230),#2233);
#2230 = B_SPLINE_CURVE_WITH_KNOTS('',1,(#2231,#2232),.UNSPECIFIED.,.F.,
  .F.,(2,2),(2.5499976,3.17),.PIECEWISE_BEZIER_KNOTS.);
#2231 = CARTESIAN_POINT('',(-0.9999976,0.7527864045));
#2232 = CARTESIAN_POINT('',(-1.62,0.7527864045));
#2233 = ( GEOMETRIC_REPRESENTATION_CONTEXT(2) 
PARAMETRIC_REPRESENTATION_CONTEXT() REPRESENTATION_CONTEXT('2D SPACE',''
  ) );
#2234 = ORIENTED_EDGE('',*,*,#2235,.T.);
#2235 = EDGE_CURVE('',#2215,#2236,#2238,.T.);
#2236 = VERTEX_POINT('',#2237);
#2237 = CARTESIAN_POINT('',(12.523548333648,-1.593082142639,0.2));
#2238 = SURFACE_CURVE('',#2239,(#2250,#2264),.PCURVE_S1.);
#2239 = B_SPLINE_CURVE_WITH_KNOTS('',5,(#2240,#2241,#2242,#2243,#2244,
    #2245,#2246,#2247,#2248,#2249),.UNSPECIFIED.,.F.,.F.,(6,4,6),(0.,
    0.571254720394,1.),.UNSPECIFIED.);
#2240 = CARTESIAN_POINT('',(12.3999976,-1.747215742114,0.320631902579));
#2241 = CARTESIAN_POINT('',(12.417513867457,-1.731548885418,
    0.310107694707));
#2242 = CARTESIAN_POINT('',(12.434140548321,-1.715134062312,
    0.29868371698));
#2243 = CARTESIAN_POINT('',(12.449811847081,-1.698073285088,
    0.286333915733));
#2244 = CARTESIAN_POINT('',(12.464484030529,-1.680480280691,
    0.273039900604));
#2245 = CARTESIAN_POINT('',(12.488381894526,-1.64895670027,
    0.248104132482));
#2246 = CARTESIAN_POINT('',(12.498052426677,-1.635208212789,
    0.236878314461));
#2247 = CARTESIAN_POINT('',(12.507137628931,-1.621278211283,
    0.225116138707));
#2248 = CARTESIAN_POINT('',(12.515635102413,-1.607218139208,
    0.212820255903));
#2249 = CARTESIAN_POINT('',(12.523549815048,-1.593079496321,0.1999976));
#2250 = PCURVE('',#2092,#2251);
#2251 = DEFINITIONAL_REPRESENTATION('',(#2252),#2263);
#2252 = B_SPLINE_CURVE_WITH_KNOTS('',5,(#2253,#2254,#2255,#2256,#2257,
    #2258,#2259,#2260,#2261,#2262),.UNSPECIFIED.,.F.,.F.,(6,4,6),(0.,
    0.571254720394,1.),.UNSPECIFIED.);
#2253 = CARTESIAN_POINT('',(5.442111270061,2.670631902579));
#2254 = CARTESIAN_POINT('',(5.481278646806,2.660107694707));
#2255 = CARTESIAN_POINT('',(5.520171969102,2.64868371698));
#2256 = CARTESIAN_POINT('',(5.558721463519,2.636333915733));
#2257 = CARTESIAN_POINT('',(5.596860663573,2.623039900604));
#2258 = CARTESIAN_POINT('',(5.66279084605,2.598104132482));
#2259 = CARTESIAN_POINT('',(5.690787789382,2.586878314461));
#2260 = CARTESIAN_POINT('',(5.718483900749,2.575116138707));
#2261 = CARTESIAN_POINT('',(5.745849274113,2.562820255903));
#2262 = CARTESIAN_POINT('',(5.772854618171,2.5499976));
#2263 = ( GEOMETRIC_REPRESENTATION_CONTEXT(2) 
PARAMETRIC_REPRESENTATION_CONTEXT() REPRESENTATION_CONTEXT('2D SPACE',''
  ) );
#2264 = PCURVE('',#446,#2265);
#2265 = DEFINITIONAL_REPRESENTATION('',(#2266),#2277);
#2266 = B_SPLINE_CURVE_WITH_KNOTS('',5,(#2267,#2268,#2269,#2270,#2271,
    #2272,#2273,#2274,#2275,#2276),.UNSPECIFIED.,.F.,.F.,(6,4,6),(
    1.565419265858E-05,0.571254720394,0.99998395041),.UNSPECIFIED.);
#2267 = CARTESIAN_POINT('',(8.833262599588,-3.12708025808E-14));
#2268 = CARTESIAN_POINT('',(8.81928251435,1.751568994844E-02));
#2269 = CARTESIAN_POINT('',(8.804470906687,3.414183664846E-02));
#2270 = CARTESIAN_POINT('',(8.788874087244,4.981265120891E-02));
#2271 = CARTESIAN_POINT('',(8.772544484997,6.44844046312E-02));
#2272 = CARTESIAN_POINT('',(8.742772362637,8.838151097497E-02));
#2273 = CARTESIAN_POINT('',(8.729626779275,9.805170266604E-02));
#2274 = CARTESIAN_POINT('',(8.716124927022,0.107136608646));
#2275 = CARTESIAN_POINT('',(8.702292060599,0.115633830035));
#2276 = CARTESIAN_POINT('',(8.68815395875,0.123548333648));
#2277 = ( GEOMETRIC_REPRESENTATION_CONTEXT(2) 
PARAMETRIC_REPRESENTATION_CONTEXT() REPRESENTATION_CONTEXT('2D SPACE',''
  ) );
#2278 = ORIENTED_EDGE('',*,*,#2279,.T.);
#2279 = EDGE_CURVE('',#2236,#2108,#2280,.T.);
#2280 = SURFACE_CURVE('',#2281,(#2286,#2293),.PCURVE_S1.);
#2281 = CIRCLE('',#2282,0.6);
#2282 = AXIS2_PLACEMENT_3D('',#2283,#2284,#2285);
#2283 = CARTESIAN_POINT('',(12.,-1.3,0.2));
#2284 = DIRECTION('',(0.,0.,1.));
#2285 = DIRECTION('',(1.,0.,0.));
#2286 = PCURVE('',#2092,#2287);
#2287 = DEFINITIONAL_REPRESENTATION('',(#2288),#2292);
#2288 = LINE('',#2289,#2290);
#2289 = CARTESIAN_POINT('',(0.,2.55));
#2290 = VECTOR('',#2291,1.);
#2291 = DIRECTION('',(1.,0.));
#2292 = ( GEOMETRIC_REPRESENTATION_CONTEXT(2) 
PARAMETRIC_REPRESENTATION_CONTEXT() REPRESENTATION_CONTEXT('2D SPACE',''
  ) );
#2293 = PCURVE('',#406,#2294);
#2294 = DEFINITIONAL_REPRESENTATION('',(#2295),#2299);
#2295 = CIRCLE('',#2296,0.6);
#2296 = AXIS2_PLACEMENT_2D('',#2297,#2298);
#2297 = CARTESIAN_POINT('',(0.,0.));
#2298 = DIRECTION('',(1.,0.));
#2299 = ( GEOMETRIC_REPRESENTATION_CONTEXT(2) 
PARAMETRIC_REPRESENTATION_CONTEXT() REPRESENTATION_CONTEXT('2D SPACE',''
  ) );
#2300 = ORIENTED_EDGE('',*,*,#2107,.T.);
#2301 = ORIENTED_EDGE('',*,*,#2302,.F.);
#2302 = EDGE_CURVE('',#2110,#2110,#2303,.T.);
#2303 = SURFACE_CURVE('',#2304,(#2309,#2316),.PCURVE_S1.);
#2304 = CIRCLE('',#2305,0.6);
#2305 = AXIS2_PLACEMENT_3D('',#2306,#2307,#2308);
#2306 = CARTESIAN_POINT('',(12.,-1.3,1.15));
#2307 = DIRECTION('',(0.,0.,1.));
#2308 = DIRECTION('',(1.,0.,0.));
#2309 = PCURVE('',#2092,#2310);
#2310 = DEFINITIONAL_REPRESENTATION('',(#2311),#2315);
#2311 = LINE('',#2312,#2313);
#2312 = CARTESIAN_POINT('',(0.,3.5));
#2313 = VECTOR('',#2314,1.);
#2314 = DIRECTION('',(1.,0.));
#2315 = ( GEOMETRIC_REPRESENTATION_CONTEXT(2) 
PARAMETRIC_REPRESENTATION_CONTEXT() REPRESENTATION_CONTEXT('2D SPACE',''
  ) );
#2316 = PCURVE('',#2317,#2322);
#2317 = PLANE('',#2318);
#2318 = AXIS2_PLACEMENT_3D('',#2319,#2320,#2321);
#2319 = CARTESIAN_POINT('',(12.,-1.3,1.15));
#2320 = DIRECTION('',(0.,0.,1.));
#2321 = DIRECTION('',(1.,0.,0.));
#2322 = DEFINITIONAL_REPRESENTATION('',(#2323),#2327);
#2323 = CIRCLE('',#2324,0.6);
#2324 = AXIS2_PLACEMENT_2D('',#2325,#2326);
#2325 = CARTESIAN_POINT('',(0.,0.));
#2326 = DIRECTION('',(1.,0.));
#2327 = ( GEOMETRIC_REPRESENTATION_CONTEXT(2) 
PARAMETRIC_REPRESENTATION_CONTEXT() REPRESENTATION_CONTEXT('2D SPACE',''
  ) );
#2328 = ADVANCED_FACE('',(#2329,#2332),#2317,.T.);
#2329 = FACE_BOUND('',#2330,.T.);
#2330 = EDGE_LOOP('',(#2331));
#2331 = ORIENTED_EDGE('',*,*,#2302,.T.);
#2332 = FACE_BOUND('',#2333,.T.);
#2333 = EDGE_LOOP('',(#2334));
#2334 = ORIENTED_EDGE('',*,*,#2335,.F.);
#2335 = EDGE_CURVE('',#2336,#2336,#2338,.T.);
#2336 = VERTEX_POINT('',#2337);
#2337 = CARTESIAN_POINT('',(12.45,-1.3,1.15));
#2338 = SURFACE_CURVE('',#2339,(#2344,#2351),.PCURVE_S1.);
#2339 = CIRCLE('',#2340,0.45);
#2340 = AXIS2_PLACEMENT_3D('',#2341,#2342,#2343);
#2341 = CARTESIAN_POINT('',(12.,-1.3,1.15));
#2342 = DIRECTION('',(0.,0.,1.));
#2343 = DIRECTION('',(1.,0.,0.));
#2344 = PCURVE('',#2317,#2345);
#2345 = DEFINITIONAL_REPRESENTATION('',(#2346),#2350);
#2346 = CIRCLE('',#2347,0.45);
#2347 = AXIS2_PLACEMENT_2D('',#2348,#2349);
#2348 = CARTESIAN_POINT('',(0.,0.));
#2349 = DIRECTION('',(1.,0.));
#2350 = ( GEOMETRIC_REPRESENTATION_CONTEXT(2) 
PARAMETRIC_REPRESENTATION_CONTEXT() REPRESENTATION_CONTEXT('2D SPACE',''
  ) );
#2351 = PCURVE('',#2352,#2357);
#2352 = CYLINDRICAL_SURFACE('',#2353,0.45);
#2353 = AXIS2_PLACEMENT_3D('',#2354,#2355,#2356);
#2354 = CARTESIAN_POINT('',(12.,-1.3,-3.6));
#2355 = DIRECTION('',(0.,0.,1.));
#2356 = DIRECTION('',(1.,0.,0.));
#2357 = DEFINITIONAL_REPRESENTATION('',(#2358),#2362);
#2358 = LINE('',#2359,#2360);
#2359 = CARTESIAN_POINT('',(0.,4.75));
#2360 = VECTOR('',#2361,1.);
#2361 = DIRECTION('',(1.,0.));
#2362 = ( GEOMETRIC_REPRESENTATION_CONTEXT(2) 
PARAMETRIC_REPRESENTATION_CONTEXT() REPRESENTATION_CONTEXT('2D SPACE',''
  ) );
#2363 = ADVANCED_FACE('',(#2364),#2352,.T.);
#2364 = FACE_BOUND('',#2365,.T.);
#2365 = EDGE_LOOP('',(#2366,#2389,#2416,#2417));
#2366 = ORIENTED_EDGE('',*,*,#2367,.T.);
#2367 = EDGE_CURVE('',#2336,#2368,#2370,.T.);
#2368 = VERTEX_POINT('',#2369);
#2369 = CARTESIAN_POINT('',(12.45,-1.3,2.4));
#2370 = SEAM_CURVE('',#2371,(#2375,#2382),.PCURVE_S1.);
#2371 = LINE('',#2372,#2373);
#2372 = CARTESIAN_POINT('',(12.45,-1.3,-3.6));
#2373 = VECTOR('',#2374,1.);
#2374 = DIRECTION('',(0.,0.,1.));
#2375 = PCURVE('',#2352,#2376);
#2376 = DEFINITIONAL_REPRESENTATION('',(#2377),#2381);
#2377 = LINE('',#2378,#2379);
#2378 = CARTESIAN_POINT('',(6.28318530718,-0.));
#2379 = VECTOR('',#2380,1.);
#2380 = DIRECTION('',(0.,1.));
#2381 = ( GEOMETRIC_REPRESENTATION_CONTEXT(2) 
PARAMETRIC_REPRESENTATION_CONTEXT() REPRESENTATION_CONTEXT('2D SPACE',''
  ) );
#2382 = PCURVE('',#2352,#2383);
#2383 = DEFINITIONAL_REPRESENTATION('',(#2384),#2388);
#2384 = LINE('',#2385,#2386);
#2385 = CARTESIAN_POINT('',(0.,-0.));
#2386 = VECTOR('',#2387,1.);
#2387 = DIRECTION('',(0.,1.));
#2388 = ( GEOMETRIC_REPRESENTATION_CONTEXT(2) 
PARAMETRIC_REPRESENTATION_CONTEXT() REPRESENTATION_CONTEXT('2D SPACE',''
  ) );
#2389 = ORIENTED_EDGE('',*,*,#2390,.F.);
#2390 = EDGE_CURVE('',#2368,#2368,#2391,.T.);
#2391 = SURFACE_CURVE('',#2392,(#2397,#2404),.PCURVE_S1.);
#2392 = CIRCLE('',#2393,0.45);
#2393 = AXIS2_PLACEMENT_3D('',#2394,#2395,#2396);
#2394 = CARTESIAN_POINT('',(12.,-1.3,2.4));
#2395 = DIRECTION('',(0.,0.,1.));
#2396 = DIRECTION('',(1.,0.,0.));
#2397 = PCURVE('',#2352,#2398);
#2398 = DEFINITIONAL_REPRESENTATION('',(#2399),#2403);
#2399 = LINE('',#2400,#2401);
#2400 = CARTESIAN_POINT('',(0.,6.));
#2401 = VECTOR('',#2402,1.);
#2402 = DIRECTION('',(1.,0.));
#2403 = ( GEOMETRIC_REPRESENTATION_CONTEXT(2) 
PARAMETRIC_REPRESENTATION_CONTEXT() REPRESENTATION_CONTEXT('2D SPACE',''
  ) );
#2404 = PCURVE('',#2405,#2410);
#2405 = PLANE('',#2406);
#2406 = AXIS2_PLACEMENT_3D('',#2407,#2408,#2409);
#2407 = CARTESIAN_POINT('',(12.,-1.3,2.4));
#2408 = DIRECTION('',(0.,0.,1.));
#2409 = DIRECTION('',(1.,0.,0.));
#2410 = DEFINITIONAL_REPRESENTATION('',(#2411),#2415);
#2411 = CIRCLE('',#2412,0.45);
#2412 = AXIS2_PLACEMENT_2D('',#2413,#2414);
#2413 = CARTESIAN_POINT('',(0.,0.));
#2414 = DIRECTION('',(1.,0.));
#2415 = ( GEOMETRIC_REPRESENTATION_CONTEXT(2) 
PARAMETRIC_REPRESENTATION_CONTEXT() REPRESENTATION_CONTEXT('2D SPACE',''
  ) );
#2416 = ORIENTED_EDGE('',*,*,#2367,.F.);
#2417 = ORIENTED_EDGE('',*,*,#2335,.T.);
#2418 = ADVANCED_FACE('',(#2419),#2405,.T.);
#2419 = FACE_BOUND('',#2420,.T.);
#2420 = EDGE_LOOP('',(#2421));
#2421 = ORIENTED_EDGE('',*,*,#2390,.T.);
#2422 = ADVANCED_FACE('',(#2423),#1804,.F.);
#2423 = FACE_BOUND('',#2424,.F.);
#2424 = EDGE_LOOP('',(#2425,#2426,#2449,#2468,#2469,#2470,#2471));
#2425 = ORIENTED_EDGE('',*,*,#2214,.T.);
#2426 = ORIENTED_EDGE('',*,*,#2427,.T.);
#2427 = EDGE_CURVE('',#2215,#2428,#2430,.T.);
#2428 = VERTEX_POINT('',#2429);
#2429 = CARTESIAN_POINT('',(12.4,-3.654339638062,-0.1));
#2430 = SURFACE_CURVE('',#2431,(#2436,#2443),.PCURVE_S1.);
#2431 = CIRCLE('',#2432,1.35);
#2432 = AXIS2_PLACEMENT_3D('',#2433,#2434,#2435);
#2433 = CARTESIAN_POINT('',(12.4,-2.5,-0.8));
#2434 = DIRECTION('',(1.,-0.,0.));
#2435 = DIRECTION('',(0.,0.,-1.));
#2436 = PCURVE('',#1804,#2437);
#2437 = DEFINITIONAL_REPRESENTATION('',(#2438),#2442);
#2438 = CIRCLE('',#2439,1.35);
#2439 = AXIS2_PLACEMENT_2D('',#2440,#2441);
#2440 = CARTESIAN_POINT('',(0.,0.));
#2441 = DIRECTION('',(1.,0.));
#2442 = ( GEOMETRIC_REPRESENTATION_CONTEXT(2) 
PARAMETRIC_REPRESENTATION_CONTEXT() REPRESENTATION_CONTEXT('2D SPACE',''
  ) );
#2443 = PCURVE('',#446,#2444);
#2444 = DEFINITIONAL_REPRESENTATION('',(#2445),#2448);
#2445 = B_SPLINE_CURVE_WITH_KNOTS('',1,(#2446,#2447),.UNSPECIFIED.,.F.,
  .F.,(2,2),(2.550077292408,4.167271534022),.PIECEWISE_BEZIER_KNOTS.);
#2446 = CARTESIAN_POINT('',(8.833262599588,0.));
#2447 = CARTESIAN_POINT('',(10.450456841202,0.));
#2448 = ( GEOMETRIC_REPRESENTATION_CONTEXT(2) 
PARAMETRIC_REPRESENTATION_CONTEXT() REPRESENTATION_CONTEXT('2D SPACE',''
  ) );
#2449 = ORIENTED_EDGE('',*,*,#2450,.F.);
#2450 = EDGE_CURVE('',#1790,#2428,#2451,.T.);
#2451 = SURFACE_CURVE('',#2452,(#2456,#2462),.PCURVE_S1.);
#2452 = LINE('',#2453,#2454);
#2453 = CARTESIAN_POINT('',(12.4,-3.069967593208,-1.E-01));
#2454 = VECTOR('',#2455,1.);
#2455 = DIRECTION('',(0.,-1.,0.));
#2456 = PCURVE('',#1804,#2457);
#2457 = DEFINITIONAL_REPRESENTATION('',(#2458),#2461);
#2458 = B_SPLINE_CURVE_WITH_KNOTS('',1,(#2459,#2460),.UNSPECIFIED.,.F.,
  .F.,(2,2),(-0.569967593208,0.780032406792),.PIECEWISE_BEZIER_KNOTS.);
#2459 = CARTESIAN_POINT('',(-0.7,2.22044604925E-16));
#2460 = CARTESIAN_POINT('',(-0.7,-1.35));
#2461 = ( GEOMETRIC_REPRESENTATION_CONTEXT(2) 
PARAMETRIC_REPRESENTATION_CONTEXT() REPRESENTATION_CONTEXT('2D SPACE',''
  ) );
#2462 = PCURVE('',#1831,#2463);
#2463 = DEFINITIONAL_REPRESENTATION('',(#2464),#2467);
#2464 = B_SPLINE_CURVE_WITH_KNOTS('',1,(#2465,#2466),.UNSPECIFIED.,.F.,
  .F.,(2,2),(-0.569967593208,0.780032406792),.PIECEWISE_BEZIER_KNOTS.);
#2465 = CARTESIAN_POINT('',(-0.768082500457,1.139935186415));
#2466 = CARTESIAN_POINT('',(-0.768082500457,-0.210064813585));
#2467 = ( GEOMETRIC_REPRESENTATION_CONTEXT(2) 
PARAMETRIC_REPRESENTATION_CONTEXT() REPRESENTATION_CONTEXT('2D SPACE',''
  ) );
#2468 = ORIENTED_EDGE('',*,*,#1789,.T.);
#2469 = ORIENTED_EDGE('',*,*,#1939,.T.);
#2470 = ORIENTED_EDGE('',*,*,#1961,.T.);
#2471 = ORIENTED_EDGE('',*,*,#2056,.F.);
#2472 = ADVANCED_FACE('',(#2473),#1831,.T.);
#2473 = FACE_BOUND('',#2474,.T.);
#2474 = EDGE_LOOP('',(#2475,#2501,#2529,#2557,#2585,#2611,#2630,#2631,
    #2632));
#2475 = ORIENTED_EDGE('',*,*,#2476,.F.);
#2476 = EDGE_CURVE('',#2477,#2479,#2481,.T.);
#2477 = VERTEX_POINT('',#2478);
#2478 = CARTESIAN_POINT('',(12.833816245564,-4.491591211631,-1.E-01));
#2479 = VERTEX_POINT('',#2480);
#2480 = CARTESIAN_POINT('',(11.9,-3.410620304177,-1.E-01));
#2481 = SURFACE_CURVE('',#2482,(#2487,#2494),.PCURVE_S1.);
#2482 = CIRCLE('',#2483,1.35);
#2483 = AXIS2_PLACEMENT_3D('',#2484,#2485,#2486);
#2484 = CARTESIAN_POINT('',(11.5,-4.7,-1.E-01));
#2485 = DIRECTION('',(0.,0.,1.));
#2486 = DIRECTION('',(1.,0.,0.));
#2487 = PCURVE('',#1831,#2488);
#2488 = DEFINITIONAL_REPRESENTATION('',(#2489),#2493);
#2489 = CIRCLE('',#2490,1.35);
#2490 = AXIS2_PLACEMENT_2D('',#2491,#2492);
#2491 = CARTESIAN_POINT('',(-1.668082500457,-1.060064813585));
#2492 = DIRECTION('',(1.,0.));
#2493 = ( GEOMETRIC_REPRESENTATION_CONTEXT(2) 
PARAMETRIC_REPRESENTATION_CONTEXT() REPRESENTATION_CONTEXT('2D SPACE',''
  ) );
#2494 = PCURVE('',#296,#2495);
#2495 = DEFINITIONAL_REPRESENTATION('',(#2496),#2500);
#2496 = LINE('',#2497,#2498);
#2497 = CARTESIAN_POINT('',(0.,1.3));
#2498 = VECTOR('',#2499,1.);
#2499 = DIRECTION('',(1.,0.));
#2500 = ( GEOMETRIC_REPRESENTATION_CONTEXT(2) 
PARAMETRIC_REPRESENTATION_CONTEXT() REPRESENTATION_CONTEXT('2D SPACE',''
  ) );
#2501 = ORIENTED_EDGE('',*,*,#2502,.T.);
#2502 = EDGE_CURVE('',#2477,#2503,#2505,.T.);
#2503 = VERTEX_POINT('',#2504);
#2504 = CARTESIAN_POINT('',(14.7,-4.2,-1.E-01));
#2505 = SURFACE_CURVE('',#2506,(#2510,#2517),.PCURVE_S1.);
#2506 = LINE('',#2507,#2508);
#2507 = CARTESIAN_POINT('',(11.5,-4.7,-1.E-01));
#2508 = VECTOR('',#2509,1.);
#2509 = DIRECTION('',(0.988012033751,0.154376880274,0.));
#2510 = PCURVE('',#1831,#2511);
#2511 = DEFINITIONAL_REPRESENTATION('',(#2512),#2516);
#2512 = LINE('',#2513,#2514);
#2513 = CARTESIAN_POINT('',(-1.668082500457,-1.060064813585));
#2514 = VECTOR('',#2515,1.);
#2515 = DIRECTION('',(0.988012033751,0.154376880274));
#2516 = ( GEOMETRIC_REPRESENTATION_CONTEXT(2) 
PARAMETRIC_REPRESENTATION_CONTEXT() REPRESENTATION_CONTEXT('2D SPACE',''
  ) );
#2517 = PCURVE('',#2518,#2523);
#2518 = PLANE('',#2519);
#2519 = AXIS2_PLACEMENT_3D('',#2520,#2521,#2522);
#2520 = CARTESIAN_POINT('',(11.5,-4.7,-0.6));
#2521 = DIRECTION('',(-0.154376880274,0.988012033751,0.));
#2522 = DIRECTION('',(0.988012033751,0.154376880274,0.));
#2523 = DEFINITIONAL_REPRESENTATION('',(#2524),#2528);
#2524 = LINE('',#2525,#2526);
#2525 = CARTESIAN_POINT('',(0.,-0.5));
#2526 = VECTOR('',#2527,1.);
#2527 = DIRECTION('',(1.,0.));
#2528 = ( GEOMETRIC_REPRESENTATION_CONTEXT(2) 
PARAMETRIC_REPRESENTATION_CONTEXT() REPRESENTATION_CONTEXT('2D SPACE',''
  ) );
#2529 = ORIENTED_EDGE('',*,*,#2530,.T.);
#2530 = EDGE_CURVE('',#2503,#2531,#2533,.T.);
#2531 = VERTEX_POINT('',#2532);
#2532 = CARTESIAN_POINT('',(15.3,-3.3,-1.E-01));
#2533 = SURFACE_CURVE('',#2534,(#2538,#2545),.PCURVE_S1.);
#2534 = LINE('',#2535,#2536);
#2535 = CARTESIAN_POINT('',(14.7,-4.2,-1.E-01));
#2536 = VECTOR('',#2537,1.);
#2537 = DIRECTION('',(0.554700196225,0.832050294338,0.));
#2538 = PCURVE('',#1831,#2539);
#2539 = DEFINITIONAL_REPRESENTATION('',(#2540),#2544);
#2540 = LINE('',#2541,#2542);
#2541 = CARTESIAN_POINT('',(1.531917499543,-0.560064813585));
#2542 = VECTOR('',#2543,1.);
#2543 = DIRECTION('',(0.554700196225,0.832050294338));
#2544 = ( GEOMETRIC_REPRESENTATION_CONTEXT(2) 
PARAMETRIC_REPRESENTATION_CONTEXT() REPRESENTATION_CONTEXT('2D SPACE',''
  ) );
#2545 = PCURVE('',#2546,#2551);
#2546 = PLANE('',#2547);
#2547 = AXIS2_PLACEMENT_3D('',#2548,#2549,#2550);
#2548 = CARTESIAN_POINT('',(14.7,-4.2,-0.6));
#2549 = DIRECTION('',(-0.832050294338,0.554700196225,0.));
#2550 = DIRECTION('',(0.554700196225,0.832050294338,0.));
#2551 = DEFINITIONAL_REPRESENTATION('',(#2552),#2556);
#2552 = LINE('',#2553,#2554);
#2553 = CARTESIAN_POINT('',(0.,-0.5));
#2554 = VECTOR('',#2555,1.);
#2555 = DIRECTION('',(1.,0.));
#2556 = ( GEOMETRIC_REPRESENTATION_CONTEXT(2) 
PARAMETRIC_REPRESENTATION_CONTEXT() REPRESENTATION_CONTEXT('2D SPACE',''
  ) );
#2557 = ORIENTED_EDGE('',*,*,#2558,.T.);
#2558 = EDGE_CURVE('',#2531,#2559,#2561,.T.);
#2559 = VERTEX_POINT('',#2560);
#2560 = CARTESIAN_POINT('',(14.,-2.847826086957,-1.E-01));
#2561 = SURFACE_CURVE('',#2562,(#2566,#2573),.PCURVE_S1.);
#2562 = LINE('',#2563,#2564);
#2563 = CARTESIAN_POINT('',(15.3,-3.3,-1.E-01));
#2564 = VECTOR('',#2565,1.);
#2565 = DIRECTION('',(-0.944496796706,0.328520624941,0.));
#2566 = PCURVE('',#1831,#2567);
#2567 = DEFINITIONAL_REPRESENTATION('',(#2568),#2572);
#2568 = LINE('',#2569,#2570);
#2569 = CARTESIAN_POINT('',(2.131917499543,0.339935186415));
#2570 = VECTOR('',#2571,1.);
#2571 = DIRECTION('',(-0.944496796706,0.328520624941));
#2572 = ( GEOMETRIC_REPRESENTATION_CONTEXT(2) 
PARAMETRIC_REPRESENTATION_CONTEXT() REPRESENTATION_CONTEXT('2D SPACE',''
  ) );
#2573 = PCURVE('',#2574,#2579);
#2574 = PLANE('',#2575);
#2575 = AXIS2_PLACEMENT_3D('',#2576,#2577,#2578);
#2576 = CARTESIAN_POINT('',(15.3,-3.3,-0.6));
#2577 = DIRECTION('',(-0.328520624941,-0.944496796706,0.));
#2578 = DIRECTION('',(-0.944496796706,0.328520624941,0.));
#2579 = DEFINITIONAL_REPRESENTATION('',(#2580),#2584);
#2580 = LINE('',#2581,#2582);
#2581 = CARTESIAN_POINT('',(0.,-0.5));
#2582 = VECTOR('',#2583,1.);
#2583 = DIRECTION('',(1.,0.));
#2584 = ( GEOMETRIC_REPRESENTATION_CONTEXT(2) 
PARAMETRIC_REPRESENTATION_CONTEXT() REPRESENTATION_CONTEXT('2D SPACE',''
  ) );
#2585 = ORIENTED_EDGE('',*,*,#2586,.T.);
#2586 = EDGE_CURVE('',#2559,#2587,#2589,.T.);
#2587 = VERTEX_POINT('',#2588);
#2588 = CARTESIAN_POINT('',(14.,-3.654339638062,-0.1));
#2589 = SURFACE_CURVE('',#2590,(#2594,#2600),.PCURVE_S1.);
#2590 = LINE('',#2591,#2592);
#2591 = CARTESIAN_POINT('',(14.,-3.069967593208,-1.E-01));
#2592 = VECTOR('',#2593,1.);
#2593 = DIRECTION('',(0.,-1.,0.));
#2594 = PCURVE('',#1831,#2595);
#2595 = DEFINITIONAL_REPRESENTATION('',(#2596),#2599);
#2596 = B_SPLINE_CURVE_WITH_KNOTS('',1,(#2597,#2598),.UNSPECIFIED.,.F.,
  .F.,(2,2),(-0.569967593208,0.780032406792),.PIECEWISE_BEZIER_KNOTS.);
#2597 = CARTESIAN_POINT('',(0.831917499543,1.139935186415));
#2598 = CARTESIAN_POINT('',(0.831917499543,-0.210064813585));
#2599 = ( GEOMETRIC_REPRESENTATION_CONTEXT(2) 
PARAMETRIC_REPRESENTATION_CONTEXT() REPRESENTATION_CONTEXT('2D SPACE',''
  ) );
#2600 = PCURVE('',#2601,#2606);
#2601 = PLANE('',#2602);
#2602 = AXIS2_PLACEMENT_3D('',#2603,#2604,#2605);
#2603 = CARTESIAN_POINT('',(14.,-2.5,-0.8));
#2604 = DIRECTION('',(1.,0.,0.));
#2605 = DIRECTION('',(0.,0.,-1.));
#2606 = DEFINITIONAL_REPRESENTATION('',(#2607),#2610);
#2607 = B_SPLINE_CURVE_WITH_KNOTS('',1,(#2608,#2609),.UNSPECIFIED.,.F.,
  .F.,(2,2),(-0.569967593208,0.780032406792),.PIECEWISE_BEZIER_KNOTS.);
#2608 = CARTESIAN_POINT('',(-0.7,2.22044604925E-16));
#2609 = CARTESIAN_POINT('',(-0.7,-1.35));
#2610 = ( GEOMETRIC_REPRESENTATION_CONTEXT(2) 
PARAMETRIC_REPRESENTATION_CONTEXT() REPRESENTATION_CONTEXT('2D SPACE',''
  ) );
#2611 = ORIENTED_EDGE('',*,*,#2612,.F.);
#2612 = EDGE_CURVE('',#2428,#2587,#2613,.T.);
#2613 = SURFACE_CURVE('',#2614,(#2618,#2624),.PCURVE_S1.);
#2614 = LINE('',#2615,#2616);
#2615 = CARTESIAN_POINT('',(12.4,-3.654339638062,-1.E-01));
#2616 = VECTOR('',#2617,1.);
#2617 = DIRECTION('',(1.,0.,0.));
#2618 = PCURVE('',#1831,#2619);
#2619 = DEFINITIONAL_REPRESENTATION('',(#2620),#2623);
#2620 = B_SPLINE_CURVE_WITH_KNOTS('',1,(#2621,#2622),.UNSPECIFIED.,.F.,
  .F.,(2,2),(-2.400000031599E-06,1.6000024),.PIECEWISE_BEZIER_KNOTS.);
#2621 = CARTESIAN_POINT('',(-0.768084900457,-1.440445164608E-02));
#2622 = CARTESIAN_POINT('',(0.831919899543,-1.440445164608E-02));
#2623 = ( GEOMETRIC_REPRESENTATION_CONTEXT(2) 
PARAMETRIC_REPRESENTATION_CONTEXT() REPRESENTATION_CONTEXT('2D SPACE',''
  ) );
#2624 = PCURVE('',#446,#2625);
#2625 = DEFINITIONAL_REPRESENTATION('',(#2626),#2629);
#2626 = B_SPLINE_CURVE_WITH_KNOTS('',1,(#2627,#2628),.UNSPECIFIED.,.F.,
  .F.,(2,2),(0.,1.6),.PIECEWISE_BEZIER_KNOTS.);
#2627 = CARTESIAN_POINT('',(10.450456841202,0.));
#2628 = CARTESIAN_POINT('',(10.450456841202,1.6));
#2629 = ( GEOMETRIC_REPRESENTATION_CONTEXT(2) 
PARAMETRIC_REPRESENTATION_CONTEXT() REPRESENTATION_CONTEXT('2D SPACE',''
  ) );
#2630 = ORIENTED_EDGE('',*,*,#2450,.F.);
#2631 = ORIENTED_EDGE('',*,*,#1815,.T.);
#2632 = ORIENTED_EDGE('',*,*,#2633,.T.);
#2633 = EDGE_CURVE('',#1816,#2479,#2634,.T.);
#2634 = SURFACE_CURVE('',#2635,(#2639,#2645),.PCURVE_S1.);
#2635 = LINE('',#2636,#2637);
#2636 = CARTESIAN_POINT('',(11.9,-3.069967593208,-1.E-01));
#2637 = VECTOR('',#2638,1.);
#2638 = DIRECTION('',(0.,-1.,0.));
#2639 = PCURVE('',#1831,#2640);
#2640 = DEFINITIONAL_REPRESENTATION('',(#2641),#2644);
#2641 = B_SPLINE_CURVE_WITH_KNOTS('',1,(#2642,#2643),.UNSPECIFIED.,.F.,
  .F.,(2,2),(-0.569967593208,0.730032406792),.PIECEWISE_BEZIER_KNOTS.);
#2642 = CARTESIAN_POINT('',(-1.268082500457,1.139935186415));
#2643 = CARTESIAN_POINT('',(-1.268082500457,-0.160064813585));
#2644 = ( GEOMETRIC_REPRESENTATION_CONTEXT(2) 
PARAMETRIC_REPRESENTATION_CONTEXT() REPRESENTATION_CONTEXT('2D SPACE',''
  ) );
#2645 = PCURVE('',#1204,#2646);
#2646 = DEFINITIONAL_REPRESENTATION('',(#2647),#2650);
#2647 = B_SPLINE_CURVE_WITH_KNOTS('',1,(#2648,#2649),.UNSPECIFIED.,.F.,
  .F.,(2,2),(-0.569967593208,0.730032406792),.PIECEWISE_BEZIER_KNOTS.);
#2648 = CARTESIAN_POINT('',(-0.7,2.22044604925E-16));
#2649 = CARTESIAN_POINT('',(-0.7,-1.3));
#2650 = ( GEOMETRIC_REPRESENTATION_CONTEXT(2) 
PARAMETRIC_REPRESENTATION_CONTEXT() REPRESENTATION_CONTEXT('2D SPACE',''
  ) );
#2651 = ADVANCED_FACE('',(#2652),#2518,.F.);
#2652 = FACE_BOUND('',#2653,.F.);
#2653 = EDGE_LOOP('',(#2654,#2684,#2710,#2736,#2755,#2756));
#2654 = ORIENTED_EDGE('',*,*,#2655,.F.);
#2655 = EDGE_CURVE('',#2656,#2658,#2660,.T.);
#2656 = VERTEX_POINT('',#2657);
#2657 = CARTESIAN_POINT('',(14.594505494505,-4.216483516484,-0.6));
#2658 = VERTEX_POINT('',#2659);
#2659 = CARTESIAN_POINT('',(14.7,-4.2,-0.6));
#2660 = SURFACE_CURVE('',#2661,(#2665,#2672),.PCURVE_S1.);
#2661 = LINE('',#2662,#2663);
#2662 = CARTESIAN_POINT('',(11.5,-4.7,-0.6));
#2663 = VECTOR('',#2664,1.);
#2664 = DIRECTION('',(0.988012033751,0.154376880274,0.));
#2665 = PCURVE('',#2518,#2666);
#2666 = DEFINITIONAL_REPRESENTATION('',(#2667),#2671);
#2667 = LINE('',#2668,#2669);
#2668 = CARTESIAN_POINT('',(0.,0.));
#2669 = VECTOR('',#2670,1.);
#2670 = DIRECTION('',(1.,0.));
#2671 = ( GEOMETRIC_REPRESENTATION_CONTEXT(2) 
PARAMETRIC_REPRESENTATION_CONTEXT() REPRESENTATION_CONTEXT('2D SPACE',''
  ) );
#2672 = PCURVE('',#2673,#2678);
#2673 = PLANE('',#2674);
#2674 = AXIS2_PLACEMENT_3D('',#2675,#2676,#2677);
#2675 = CARTESIAN_POINT('',(13.168082500457,-3.639935186415,-0.6));
#2676 = DIRECTION('',(0.,0.,1.));
#2677 = DIRECTION('',(1.,0.,0.));
#2678 = DEFINITIONAL_REPRESENTATION('',(#2679),#2683);
#2679 = LINE('',#2680,#2681);
#2680 = CARTESIAN_POINT('',(-1.668082500457,-1.060064813585));
#2681 = VECTOR('',#2682,1.);
#2682 = DIRECTION('',(0.988012033751,0.154376880274));
#2683 = ( GEOMETRIC_REPRESENTATION_CONTEXT(2) 
PARAMETRIC_REPRESENTATION_CONTEXT() REPRESENTATION_CONTEXT('2D SPACE',''
  ) );
#2684 = ORIENTED_EDGE('',*,*,#2685,.T.);
#2685 = EDGE_CURVE('',#2656,#2686,#2688,.T.);
#2686 = VERTEX_POINT('',#2687);
#2687 = CARTESIAN_POINT('',(14.594505494505,-4.216483516484,-0.15));
#2688 = SURFACE_CURVE('',#2689,(#2693,#2699),.PCURVE_S1.);
#2689 = LINE('',#2690,#2691);
#2690 = CARTESIAN_POINT('',(14.594505494505,-4.216483516484,-0.6));
#2691 = VECTOR('',#2692,1.);
#2692 = DIRECTION('',(0.,0.,1.));
#2693 = PCURVE('',#2518,#2694);
#2694 = DEFINITIONAL_REPRESENTATION('',(#2695),#2698);
#2695 = B_SPLINE_CURVE_WITH_KNOTS('',1,(#2696,#2697),.UNSPECIFIED.,.F.,
  .F.,(2,2),(0.,0.45),.PIECEWISE_BEZIER_KNOTS.);
#2696 = CARTESIAN_POINT('',(3.132052433366,0.));
#2697 = CARTESIAN_POINT('',(3.132052433366,-0.45));
#2698 = ( GEOMETRIC_REPRESENTATION_CONTEXT(2) 
PARAMETRIC_REPRESENTATION_CONTEXT() REPRESENTATION_CONTEXT('2D SPACE',''
  ) );
#2699 = PCURVE('',#2700,#2705);
#2700 = PLANE('',#2701);
#2701 = AXIS2_PLACEMENT_3D('',#2702,#2703,#2704);
#2702 = CARTESIAN_POINT('',(14.3,-5.1,-0.6));
#2703 = DIRECTION('',(-0.948683298051,0.316227766017,0.));
#2704 = DIRECTION('',(0.316227766017,0.948683298051,0.));
#2705 = DEFINITIONAL_REPRESENTATION('',(#2706),#2709);
#2706 = B_SPLINE_CURVE_WITH_KNOTS('',1,(#2707,#2708),.UNSPECIFIED.,.F.,
  .F.,(2,2),(0.,0.45),.PIECEWISE_BEZIER_KNOTS.);
#2707 = CARTESIAN_POINT('',(0.931308146072,0.));
#2708 = CARTESIAN_POINT('',(0.931308146072,-0.45));
#2709 = ( GEOMETRIC_REPRESENTATION_CONTEXT(2) 
PARAMETRIC_REPRESENTATION_CONTEXT() REPRESENTATION_CONTEXT('2D SPACE',''
  ) );
#2710 = ORIENTED_EDGE('',*,*,#2711,.F.);
#2711 = EDGE_CURVE('',#2712,#2686,#2714,.T.);
#2712 = VERTEX_POINT('',#2713);
#2713 = CARTESIAN_POINT('',(12.833816245564,-4.491591211631,-0.15));
#2714 = SURFACE_CURVE('',#2715,(#2719,#2725),.PCURVE_S1.);
#2715 = LINE('',#2716,#2717);
#2716 = CARTESIAN_POINT('',(12.32107160232,-4.571707562138,-0.15));
#2717 = VECTOR('',#2718,1.);
#2718 = DIRECTION('',(0.988012033751,0.154376880274,0.));
#2719 = PCURVE('',#2518,#2720);
#2720 = DEFINITIONAL_REPRESENTATION('',(#2721),#2724);
#2721 = B_SPLINE_CURVE_WITH_KNOTS('',1,(#2722,#2723),.UNSPECIFIED.,.F.,
  .F.,(2,2),(0.518965990017,2.407792938157),.PIECEWISE_BEZIER_KNOTS.);
#2722 = CARTESIAN_POINT('',(1.35,-0.45));
#2723 = CARTESIAN_POINT('',(3.23882694814,-0.45));
#2724 = ( GEOMETRIC_REPRESENTATION_CONTEXT(2) 
PARAMETRIC_REPRESENTATION_CONTEXT() REPRESENTATION_CONTEXT('2D SPACE',''
  ) );
#2725 = PCURVE('',#2726,#2731);
#2726 = PLANE('',#2727);
#2727 = AXIS2_PLACEMENT_3D('',#2728,#2729,#2730);
#2728 = CARTESIAN_POINT('',(13.088957676208,-4.10302774231,-0.15));
#2729 = DIRECTION('',(0.,0.,1.));
#2730 = DIRECTION('',(1.,0.,0.));
#2731 = DEFINITIONAL_REPRESENTATION('',(#2732),#2735);
#2732 = B_SPLINE_CURVE_WITH_KNOTS('',1,(#2733,#2734),.UNSPECIFIED.,.F.,
  .F.,(2,2),(0.518965990017,2.407792938157),.PIECEWISE_BEZIER_KNOTS.);
#2733 = CARTESIAN_POINT('',(-0.255141430644,-0.388563469321));
#2734 = CARTESIAN_POINT('',(1.611042323792,-9.697225768999E-02));
#2735 = ( GEOMETRIC_REPRESENTATION_CONTEXT(2) 
PARAMETRIC_REPRESENTATION_CONTEXT() REPRESENTATION_CONTEXT('2D SPACE',''
  ) );
#2736 = ORIENTED_EDGE('',*,*,#2737,.T.);
#2737 = EDGE_CURVE('',#2712,#2477,#2738,.T.);
#2738 = SURFACE_CURVE('',#2739,(#2743,#2749),.PCURVE_S1.);
#2739 = LINE('',#2740,#2741);
#2740 = CARTESIAN_POINT('',(12.833816245564,-4.491591211631,-1.4));
#2741 = VECTOR('',#2742,1.);
#2742 = DIRECTION('',(0.,0.,1.));
#2743 = PCURVE('',#2518,#2744);
#2744 = DEFINITIONAL_REPRESENTATION('',(#2745),#2748);
#2745 = B_SPLINE_CURVE_WITH_KNOTS('',1,(#2746,#2747),.UNSPECIFIED.,.F.,
  .F.,(2,2),(0.75,1.35),.PIECEWISE_BEZIER_KNOTS.);
#2746 = CARTESIAN_POINT('',(1.35,5.E-02));
#2747 = CARTESIAN_POINT('',(1.35,-0.55));
#2748 = ( GEOMETRIC_REPRESENTATION_CONTEXT(2) 
PARAMETRIC_REPRESENTATION_CONTEXT() REPRESENTATION_CONTEXT('2D SPACE',''
  ) );
#2749 = PCURVE('',#296,#2750);
#2750 = DEFINITIONAL_REPRESENTATION('',(#2751),#2754);
#2751 = B_SPLINE_CURVE_WITH_KNOTS('',1,(#2752,#2753),.UNSPECIFIED.,.F.,
  .F.,(2,2),(0.75,1.35),.PIECEWISE_BEZIER_KNOTS.);
#2752 = CARTESIAN_POINT('',(0.154996741924,0.75));
#2753 = CARTESIAN_POINT('',(0.154996741924,1.35));
#2754 = ( GEOMETRIC_REPRESENTATION_CONTEXT(2) 
PARAMETRIC_REPRESENTATION_CONTEXT() REPRESENTATION_CONTEXT('2D SPACE',''
  ) );
#2755 = ORIENTED_EDGE('',*,*,#2502,.T.);
#2756 = ORIENTED_EDGE('',*,*,#2757,.F.);
#2757 = EDGE_CURVE('',#2658,#2503,#2758,.T.);
#2758 = SURFACE_CURVE('',#2759,(#2763,#2770),.PCURVE_S1.);
#2759 = LINE('',#2760,#2761);
#2760 = CARTESIAN_POINT('',(14.7,-4.2,-0.6));
#2761 = VECTOR('',#2762,1.);
#2762 = DIRECTION('',(0.,0.,1.));
#2763 = PCURVE('',#2518,#2764);
#2764 = DEFINITIONAL_REPRESENTATION('',(#2765),#2769);
#2765 = LINE('',#2766,#2767);
#2766 = CARTESIAN_POINT('',(3.23882694814,0.));
#2767 = VECTOR('',#2768,1.);
#2768 = DIRECTION('',(0.,-1.));
#2769 = ( GEOMETRIC_REPRESENTATION_CONTEXT(2) 
PARAMETRIC_REPRESENTATION_CONTEXT() REPRESENTATION_CONTEXT('2D SPACE',''
  ) );
#2770 = PCURVE('',#2546,#2771);
#2771 = DEFINITIONAL_REPRESENTATION('',(#2772),#2776);
#2772 = LINE('',#2773,#2774);
#2773 = CARTESIAN_POINT('',(0.,0.));
#2774 = VECTOR('',#2775,1.);
#2775 = DIRECTION('',(0.,-1.));
#2776 = ( GEOMETRIC_REPRESENTATION_CONTEXT(2) 
PARAMETRIC_REPRESENTATION_CONTEXT() REPRESENTATION_CONTEXT('2D SPACE',''
  ) );
#2777 = ADVANCED_FACE('',(#2778),#2700,.F.);
#2778 = FACE_BOUND('',#2779,.F.);
#2779 = EDGE_LOOP('',(#2780,#2803,#2831,#2852));
#2780 = ORIENTED_EDGE('',*,*,#2781,.F.);
#2781 = EDGE_CURVE('',#2782,#2656,#2784,.T.);
#2782 = VERTEX_POINT('',#2783);
#2783 = CARTESIAN_POINT('',(14.3,-5.1,-0.6));
#2784 = SURFACE_CURVE('',#2785,(#2789,#2796),.PCURVE_S1.);
#2785 = LINE('',#2786,#2787);
#2786 = CARTESIAN_POINT('',(14.3,-5.1,-0.6));
#2787 = VECTOR('',#2788,1.);
#2788 = DIRECTION('',(0.316227766017,0.948683298051,0.));
#2789 = PCURVE('',#2700,#2790);
#2790 = DEFINITIONAL_REPRESENTATION('',(#2791),#2795);
#2791 = LINE('',#2792,#2793);
#2792 = CARTESIAN_POINT('',(0.,0.));
#2793 = VECTOR('',#2794,1.);
#2794 = DIRECTION('',(1.,0.));
#2795 = ( GEOMETRIC_REPRESENTATION_CONTEXT(2) 
PARAMETRIC_REPRESENTATION_CONTEXT() REPRESENTATION_CONTEXT('2D SPACE',''
  ) );
#2796 = PCURVE('',#2673,#2797);
#2797 = DEFINITIONAL_REPRESENTATION('',(#2798),#2802);
#2798 = LINE('',#2799,#2800);
#2799 = CARTESIAN_POINT('',(1.131917499543,-1.460064813585));
#2800 = VECTOR('',#2801,1.);
#2801 = DIRECTION('',(0.316227766017,0.948683298051));
#2802 = ( GEOMETRIC_REPRESENTATION_CONTEXT(2) 
PARAMETRIC_REPRESENTATION_CONTEXT() REPRESENTATION_CONTEXT('2D SPACE',''
  ) );
#2803 = ORIENTED_EDGE('',*,*,#2804,.T.);
#2804 = EDGE_CURVE('',#2782,#2805,#2807,.T.);
#2805 = VERTEX_POINT('',#2806);
#2806 = CARTESIAN_POINT('',(14.3,-5.1,-0.15));
#2807 = SURFACE_CURVE('',#2808,(#2812,#2819),.PCURVE_S1.);
#2808 = LINE('',#2809,#2810);
#2809 = CARTESIAN_POINT('',(14.3,-5.1,-0.6));
#2810 = VECTOR('',#2811,1.);
#2811 = DIRECTION('',(0.,0.,1.));
#2812 = PCURVE('',#2700,#2813);
#2813 = DEFINITIONAL_REPRESENTATION('',(#2814),#2818);
#2814 = LINE('',#2815,#2816);
#2815 = CARTESIAN_POINT('',(0.,0.));
#2816 = VECTOR('',#2817,1.);
#2817 = DIRECTION('',(0.,-1.));
#2818 = ( GEOMETRIC_REPRESENTATION_CONTEXT(2) 
PARAMETRIC_REPRESENTATION_CONTEXT() REPRESENTATION_CONTEXT('2D SPACE',''
  ) );
#2819 = PCURVE('',#2820,#2825);
#2820 = PLANE('',#2821);
#2821 = AXIS2_PLACEMENT_3D('',#2822,#2823,#2824);
#2822 = CARTESIAN_POINT('',(11.5,-4.7,-0.6));
#2823 = DIRECTION('',(0.141421356237,0.989949493661,0.));
#2824 = DIRECTION('',(0.989949493661,-0.141421356237,0.));
#2825 = DEFINITIONAL_REPRESENTATION('',(#2826),#2830);
#2826 = LINE('',#2827,#2828);
#2827 = CARTESIAN_POINT('',(2.828427124746,0.));
#2828 = VECTOR('',#2829,1.);
#2829 = DIRECTION('',(0.,-1.));
#2830 = ( GEOMETRIC_REPRESENTATION_CONTEXT(2) 
PARAMETRIC_REPRESENTATION_CONTEXT() REPRESENTATION_CONTEXT('2D SPACE',''
  ) );
#2831 = ORIENTED_EDGE('',*,*,#2832,.T.);
#2832 = EDGE_CURVE('',#2805,#2686,#2833,.T.);
#2833 = SURFACE_CURVE('',#2834,(#2838,#2845),.PCURVE_S1.);
#2834 = LINE('',#2835,#2836);
#2835 = CARTESIAN_POINT('',(14.3,-5.1,-0.15));
#2836 = VECTOR('',#2837,1.);
#2837 = DIRECTION('',(0.316227766017,0.948683298051,0.));
#2838 = PCURVE('',#2700,#2839);
#2839 = DEFINITIONAL_REPRESENTATION('',(#2840),#2844);
#2840 = LINE('',#2841,#2842);
#2841 = CARTESIAN_POINT('',(0.,-0.45));
#2842 = VECTOR('',#2843,1.);
#2843 = DIRECTION('',(1.,0.));
#2844 = ( GEOMETRIC_REPRESENTATION_CONTEXT(2) 
PARAMETRIC_REPRESENTATION_CONTEXT() REPRESENTATION_CONTEXT('2D SPACE',''
  ) );
#2845 = PCURVE('',#2726,#2846);
#2846 = DEFINITIONAL_REPRESENTATION('',(#2847),#2851);
#2847 = LINE('',#2848,#2849);
#2848 = CARTESIAN_POINT('',(1.211042323792,-0.99697225769));
#2849 = VECTOR('',#2850,1.);
#2850 = DIRECTION('',(0.316227766017,0.948683298051));
#2851 = ( GEOMETRIC_REPRESENTATION_CONTEXT(2) 
PARAMETRIC_REPRESENTATION_CONTEXT() REPRESENTATION_CONTEXT('2D SPACE',''
  ) );
#2852 = ORIENTED_EDGE('',*,*,#2685,.F.);
#2853 = ADVANCED_FACE('',(#2854),#2820,.F.);
#2854 = FACE_BOUND('',#2855,.F.);
#2855 = EDGE_LOOP('',(#2856,#2879,#2905,#2931,#2952,#2973));
#2856 = ORIENTED_EDGE('',*,*,#2857,.F.);
#2857 = EDGE_CURVE('',#2858,#2782,#2860,.T.);
#2858 = VERTEX_POINT('',#2859);
#2859 = CARTESIAN_POINT('',(13.,-4.914285714286,-0.6));
#2860 = SURFACE_CURVE('',#2861,(#2865,#2872),.PCURVE_S1.);
#2861 = LINE('',#2862,#2863);
#2862 = CARTESIAN_POINT('',(11.5,-4.7,-0.6));
#2863 = VECTOR('',#2864,1.);
#2864 = DIRECTION('',(0.989949493661,-0.141421356237,0.));
#2865 = PCURVE('',#2820,#2866);
#2866 = DEFINITIONAL_REPRESENTATION('',(#2867),#2871);
#2867 = LINE('',#2868,#2869);
#2868 = CARTESIAN_POINT('',(0.,0.));
#2869 = VECTOR('',#2870,1.);
#2870 = DIRECTION('',(1.,0.));
#2871 = ( GEOMETRIC_REPRESENTATION_CONTEXT(2) 
PARAMETRIC_REPRESENTATION_CONTEXT() REPRESENTATION_CONTEXT('2D SPACE',''
  ) );
#2872 = PCURVE('',#2673,#2873);
#2873 = DEFINITIONAL_REPRESENTATION('',(#2874),#2878);
#2874 = LINE('',#2875,#2876);
#2875 = CARTESIAN_POINT('',(-1.668082500457,-1.060064813585));
#2876 = VECTOR('',#2877,1.);
#2877 = DIRECTION('',(0.989949493661,-0.141421356237));
#2878 = ( GEOMETRIC_REPRESENTATION_CONTEXT(2) 
PARAMETRIC_REPRESENTATION_CONTEXT() REPRESENTATION_CONTEXT('2D SPACE',''
  ) );
#2879 = ORIENTED_EDGE('',*,*,#2880,.T.);
#2880 = EDGE_CURVE('',#2858,#2881,#2883,.T.);
#2881 = VERTEX_POINT('',#2882);
#2882 = CARTESIAN_POINT('',(13.,-4.914285714286,-0.175));
#2883 = SURFACE_CURVE('',#2884,(#2888,#2894),.PCURVE_S1.);
#2884 = LINE('',#2885,#2886);
#2885 = CARTESIAN_POINT('',(13.,-4.914285714286,-0.8125));
#2886 = VECTOR('',#2887,1.);
#2887 = DIRECTION('',(0.,0.,1.));
#2888 = PCURVE('',#2820,#2889);
#2889 = DEFINITIONAL_REPRESENTATION('',(#2890),#2893);
#2890 = B_SPLINE_CURVE_WITH_KNOTS('',1,(#2891,#2892),.UNSPECIFIED.,.F.,
  .F.,(2,2),(0.2125,0.6375),.PIECEWISE_BEZIER_KNOTS.);
#2891 = CARTESIAN_POINT('',(1.515228816828,0.));
#2892 = CARTESIAN_POINT('',(1.515228816828,-0.425));
#2893 = ( GEOMETRIC_REPRESENTATION_CONTEXT(2) 
PARAMETRIC_REPRESENTATION_CONTEXT() REPRESENTATION_CONTEXT('2D SPACE',''
  ) );
#2894 = PCURVE('',#2895,#2900);
#2895 = PLANE('',#2896);
#2896 = AXIS2_PLACEMENT_3D('',#2897,#2898,#2899);
#2897 = CARTESIAN_POINT('',(13.,-5.125,-1.025));
#2898 = DIRECTION('',(1.,0.,0.));
#2899 = DIRECTION('',(0.,0.,1.));
#2900 = DEFINITIONAL_REPRESENTATION('',(#2901),#2904);
#2901 = B_SPLINE_CURVE_WITH_KNOTS('',1,(#2902,#2903),.UNSPECIFIED.,.F.,
  .F.,(2,2),(0.2125,0.6375),.PIECEWISE_BEZIER_KNOTS.);
#2902 = CARTESIAN_POINT('',(0.425,-0.210714285714));
#2903 = CARTESIAN_POINT('',(0.85,-0.210714285714));
#2904 = ( GEOMETRIC_REPRESENTATION_CONTEXT(2) 
PARAMETRIC_REPRESENTATION_CONTEXT() REPRESENTATION_CONTEXT('2D SPACE',''
  ) );
#2905 = ORIENTED_EDGE('',*,*,#2906,.T.);
#2906 = EDGE_CURVE('',#2881,#2907,#2909,.T.);
#2907 = VERTEX_POINT('',#2908);
#2908 = CARTESIAN_POINT('',(12.836431816443,-4.89091883092,-0.175));
#2909 = SURFACE_CURVE('',#2910,(#2914,#2920),.PCURVE_S1.);
#2910 = LINE('',#2911,#2912);
#2911 = CARTESIAN_POINT('',(10.79475,-4.59925,-0.175));
#2912 = VECTOR('',#2913,1.);
#2913 = DIRECTION('',(-0.989949493661,0.141421356237,0.));
#2914 = PCURVE('',#2820,#2915);
#2915 = DEFINITIONAL_REPRESENTATION('',(#2916),#2919);
#2916 = B_SPLINE_CURVE_WITH_KNOTS('',1,(#2917,#2918),.UNSPECIFIED.,.F.,
  .F.,(2,2),(-2.227638898874,-2.006775815933),.PIECEWISE_BEZIER_KNOTS.);
#2917 = CARTESIAN_POINT('',(1.515228816828,-0.425));
#2918 = CARTESIAN_POINT('',(1.294365733887,-0.425));
#2919 = ( GEOMETRIC_REPRESENTATION_CONTEXT(2) 
PARAMETRIC_REPRESENTATION_CONTEXT() REPRESENTATION_CONTEXT('2D SPACE',''
  ) );
#2920 = PCURVE('',#2921,#2926);
#2921 = PLANE('',#2922);
#2922 = AXIS2_PLACEMENT_3D('',#2923,#2924,#2925);
#2923 = CARTESIAN_POINT('',(10.,-5.125,-0.175));
#2924 = DIRECTION('',(0.,0.,1.));
#2925 = DIRECTION('',(1.,0.,0.));
#2926 = DEFINITIONAL_REPRESENTATION('',(#2927),#2930);
#2927 = B_SPLINE_CURVE_WITH_KNOTS('',1,(#2928,#2929),.UNSPECIFIED.,.F.,
  .F.,(2,2),(-2.227638898874,-2.006775815933),.PIECEWISE_BEZIER_KNOTS.);
#2928 = CARTESIAN_POINT('',(3.,0.210714285714));
#2929 = CARTESIAN_POINT('',(2.781356702874,0.241949042447));
#2930 = ( GEOMETRIC_REPRESENTATION_CONTEXT(2) 
PARAMETRIC_REPRESENTATION_CONTEXT() REPRESENTATION_CONTEXT('2D SPACE',''
  ) );
#2931 = ORIENTED_EDGE('',*,*,#2932,.T.);
#2932 = EDGE_CURVE('',#2907,#2933,#2935,.T.);
#2933 = VERTEX_POINT('',#2934);
#2934 = CARTESIAN_POINT('',(12.836431816443,-4.89091883092,-0.15));
#2935 = SURFACE_CURVE('',#2936,(#2940,#2946),.PCURVE_S1.);
#2936 = LINE('',#2937,#2938);
#2937 = CARTESIAN_POINT('',(12.836431816443,-4.89091883092,-1.4));
#2938 = VECTOR('',#2939,1.);
#2939 = DIRECTION('',(0.,0.,1.));
#2940 = PCURVE('',#2820,#2941);
#2941 = DEFINITIONAL_REPRESENTATION('',(#2942),#2945);
#2942 = B_SPLINE_CURVE_WITH_KNOTS('',1,(#2943,#2944),.UNSPECIFIED.,.F.,
  .F.,(2,2),(0.755,1.295),.PIECEWISE_BEZIER_KNOTS.);
#2943 = CARTESIAN_POINT('',(1.35,4.5E-02));
#2944 = CARTESIAN_POINT('',(1.35,-0.495));
#2945 = ( GEOMETRIC_REPRESENTATION_CONTEXT(2) 
PARAMETRIC_REPRESENTATION_CONTEXT() REPRESENTATION_CONTEXT('2D SPACE',''
  ) );
#2946 = PCURVE('',#296,#2947);
#2947 = DEFINITIONAL_REPRESENTATION('',(#2948),#2951);
#2948 = B_SPLINE_CURVE_WITH_KNOTS('',1,(#2949,#2950),.UNSPECIFIED.,.F.,
  .F.,(2,2),(0.755,1.295),.PIECEWISE_BEZIER_KNOTS.);
#2949 = CARTESIAN_POINT('',(6.141288252575,0.755));
#2950 = CARTESIAN_POINT('',(6.141288252575,1.295));
#2951 = ( GEOMETRIC_REPRESENTATION_CONTEXT(2) 
PARAMETRIC_REPRESENTATION_CONTEXT() REPRESENTATION_CONTEXT('2D SPACE',''
  ) );
#2952 = ORIENTED_EDGE('',*,*,#2953,.T.);
#2953 = EDGE_CURVE('',#2933,#2805,#2954,.T.);
#2954 = SURFACE_CURVE('',#2955,(#2959,#2966),.PCURVE_S1.);
#2955 = LINE('',#2956,#2957);
#2956 = CARTESIAN_POINT('',(11.5,-4.7,-0.15));
#2957 = VECTOR('',#2958,1.);
#2958 = DIRECTION('',(0.989949493661,-0.141421356237,0.));
#2959 = PCURVE('',#2820,#2960);
#2960 = DEFINITIONAL_REPRESENTATION('',(#2961),#2965);
#2961 = LINE('',#2962,#2963);
#2962 = CARTESIAN_POINT('',(0.,-0.45));
#2963 = VECTOR('',#2964,1.);
#2964 = DIRECTION('',(1.,0.));
#2965 = ( GEOMETRIC_REPRESENTATION_CONTEXT(2) 
PARAMETRIC_REPRESENTATION_CONTEXT() REPRESENTATION_CONTEXT('2D SPACE',''
  ) );
#2966 = PCURVE('',#2726,#2967);
#2967 = DEFINITIONAL_REPRESENTATION('',(#2968),#2972);
#2968 = LINE('',#2969,#2970);
#2969 = CARTESIAN_POINT('',(-1.588957676208,-0.59697225769));
#2970 = VECTOR('',#2971,1.);
#2971 = DIRECTION('',(0.989949493661,-0.141421356237));
#2972 = ( GEOMETRIC_REPRESENTATION_CONTEXT(2) 
PARAMETRIC_REPRESENTATION_CONTEXT() REPRESENTATION_CONTEXT('2D SPACE',''
  ) );
#2973 = ORIENTED_EDGE('',*,*,#2804,.F.);
#2974 = ADVANCED_FACE('',(#2975),#2895,.T.);
#2975 = FACE_BOUND('',#2976,.T.);
#2976 = EDGE_LOOP('',(#2977,#3000,#3028,#3056,#3084,#3105));
#2977 = ORIENTED_EDGE('',*,*,#2978,.F.);
#2978 = EDGE_CURVE('',#2979,#2881,#2981,.T.);
#2979 = VERTEX_POINT('',#2980);
#2980 = CARTESIAN_POINT('',(13.,-5.125,-0.175));
#2981 = SURFACE_CURVE('',#2982,(#2986,#2993),.PCURVE_S1.);
#2982 = LINE('',#2983,#2984);
#2983 = CARTESIAN_POINT('',(13.,-5.125,-0.175));
#2984 = VECTOR('',#2985,1.);
#2985 = DIRECTION('',(0.,1.,0.));
#2986 = PCURVE('',#2895,#2987);
#2987 = DEFINITIONAL_REPRESENTATION('',(#2988),#2992);
#2988 = LINE('',#2989,#2990);
#2989 = CARTESIAN_POINT('',(0.85,0.));
#2990 = VECTOR('',#2991,1.);
#2991 = DIRECTION('',(0.,-1.));
#2992 = ( GEOMETRIC_REPRESENTATION_CONTEXT(2) 
PARAMETRIC_REPRESENTATION_CONTEXT() REPRESENTATION_CONTEXT('2D SPACE',''
  ) );
#2993 = PCURVE('',#2921,#2994);
#2994 = DEFINITIONAL_REPRESENTATION('',(#2995),#2999);
#2995 = LINE('',#2996,#2997);
#2996 = CARTESIAN_POINT('',(3.,0.));
#2997 = VECTOR('',#2998,1.);
#2998 = DIRECTION('',(0.,1.));
#2999 = ( GEOMETRIC_REPRESENTATION_CONTEXT(2) 
PARAMETRIC_REPRESENTATION_CONTEXT() REPRESENTATION_CONTEXT('2D SPACE',''
  ) );
#3000 = ORIENTED_EDGE('',*,*,#3001,.F.);
#3001 = EDGE_CURVE('',#3002,#2979,#3004,.T.);
#3002 = VERTEX_POINT('',#3003);
#3003 = CARTESIAN_POINT('',(13.,-5.125,-1.025));
#3004 = SURFACE_CURVE('',#3005,(#3009,#3016),.PCURVE_S1.);
#3005 = LINE('',#3006,#3007);
#3006 = CARTESIAN_POINT('',(13.,-5.125,-1.025));
#3007 = VECTOR('',#3008,1.);
#3008 = DIRECTION('',(0.,0.,1.));
#3009 = PCURVE('',#2895,#3010);
#3010 = DEFINITIONAL_REPRESENTATION('',(#3011),#3015);
#3011 = LINE('',#3012,#3013);
#3012 = CARTESIAN_POINT('',(0.,0.));
#3013 = VECTOR('',#3014,1.);
#3014 = DIRECTION('',(1.,0.));
#3015 = ( GEOMETRIC_REPRESENTATION_CONTEXT(2) 
PARAMETRIC_REPRESENTATION_CONTEXT() REPRESENTATION_CONTEXT('2D SPACE',''
  ) );
#3016 = PCURVE('',#3017,#3022);
#3017 = PLANE('',#3018);
#3018 = AXIS2_PLACEMENT_3D('',#3019,#3020,#3021);
#3019 = CARTESIAN_POINT('',(10.,-5.125,-1.025));
#3020 = DIRECTION('',(0.,1.,0.));
#3021 = DIRECTION('',(0.,0.,1.));
#3022 = DEFINITIONAL_REPRESENTATION('',(#3023),#3027);
#3023 = LINE('',#3024,#3025);
#3024 = CARTESIAN_POINT('',(0.,3.));
#3025 = VECTOR('',#3026,1.);
#3026 = DIRECTION('',(1.,0.));
#3027 = ( GEOMETRIC_REPRESENTATION_CONTEXT(2) 
PARAMETRIC_REPRESENTATION_CONTEXT() REPRESENTATION_CONTEXT('2D SPACE',''
  ) );
#3028 = ORIENTED_EDGE('',*,*,#3029,.T.);
#3029 = EDGE_CURVE('',#3002,#3030,#3032,.T.);
#3030 = VERTEX_POINT('',#3031);
#3031 = CARTESIAN_POINT('',(13.,-4.275,-1.025));
#3032 = SURFACE_CURVE('',#3033,(#3037,#3044),.PCURVE_S1.);
#3033 = LINE('',#3034,#3035);
#3034 = CARTESIAN_POINT('',(13.,-5.125,-1.025));
#3035 = VECTOR('',#3036,1.);
#3036 = DIRECTION('',(0.,1.,0.));
#3037 = PCURVE('',#2895,#3038);
#3038 = DEFINITIONAL_REPRESENTATION('',(#3039),#3043);
#3039 = LINE('',#3040,#3041);
#3040 = CARTESIAN_POINT('',(0.,0.));
#3041 = VECTOR('',#3042,1.);
#3042 = DIRECTION('',(0.,-1.));
#3043 = ( GEOMETRIC_REPRESENTATION_CONTEXT(2) 
PARAMETRIC_REPRESENTATION_CONTEXT() REPRESENTATION_CONTEXT('2D SPACE',''
  ) );
#3044 = PCURVE('',#3045,#3050);
#3045 = PLANE('',#3046);
#3046 = AXIS2_PLACEMENT_3D('',#3047,#3048,#3049);
#3047 = CARTESIAN_POINT('',(10.,-5.125,-1.025));
#3048 = DIRECTION('',(0.,0.,1.));
#3049 = DIRECTION('',(1.,0.,0.));
#3050 = DEFINITIONAL_REPRESENTATION('',(#3051),#3055);
#3051 = LINE('',#3052,#3053);
#3052 = CARTESIAN_POINT('',(3.,0.));
#3053 = VECTOR('',#3054,1.);
#3054 = DIRECTION('',(0.,1.));
#3055 = ( GEOMETRIC_REPRESENTATION_CONTEXT(2) 
PARAMETRIC_REPRESENTATION_CONTEXT() REPRESENTATION_CONTEXT('2D SPACE',''
  ) );
#3056 = ORIENTED_EDGE('',*,*,#3057,.T.);
#3057 = EDGE_CURVE('',#3030,#3058,#3060,.T.);
#3058 = VERTEX_POINT('',#3059);
#3059 = CARTESIAN_POINT('',(13.,-4.275,-0.6));
#3060 = SURFACE_CURVE('',#3061,(#3065,#3072),.PCURVE_S1.);
#3061 = LINE('',#3062,#3063);
#3062 = CARTESIAN_POINT('',(13.,-4.275,-1.025));
#3063 = VECTOR('',#3064,1.);
#3064 = DIRECTION('',(0.,0.,1.));
#3065 = PCURVE('',#2895,#3066);
#3066 = DEFINITIONAL_REPRESENTATION('',(#3067),#3071);
#3067 = LINE('',#3068,#3069);
#3068 = CARTESIAN_POINT('',(0.,-0.85));
#3069 = VECTOR('',#3070,1.);
#3070 = DIRECTION('',(1.,0.));
#3071 = ( GEOMETRIC_REPRESENTATION_CONTEXT(2) 
PARAMETRIC_REPRESENTATION_CONTEXT() REPRESENTATION_CONTEXT('2D SPACE',''
  ) );
#3072 = PCURVE('',#3073,#3078);
#3073 = PLANE('',#3074);
#3074 = AXIS2_PLACEMENT_3D('',#3075,#3076,#3077);
#3075 = CARTESIAN_POINT('',(10.,-4.275,-1.025));
#3076 = DIRECTION('',(0.,1.,0.));
#3077 = DIRECTION('',(0.,0.,1.));
#3078 = DEFINITIONAL_REPRESENTATION('',(#3079),#3083);
#3079 = LINE('',#3080,#3081);
#3080 = CARTESIAN_POINT('',(0.,3.));
#3081 = VECTOR('',#3082,1.);
#3082 = DIRECTION('',(1.,0.));
#3083 = ( GEOMETRIC_REPRESENTATION_CONTEXT(2) 
PARAMETRIC_REPRESENTATION_CONTEXT() REPRESENTATION_CONTEXT('2D SPACE',''
  ) );
#3084 = ORIENTED_EDGE('',*,*,#3085,.F.);
#3085 = EDGE_CURVE('',#2858,#3058,#3086,.T.);
#3086 = SURFACE_CURVE('',#3087,(#3091,#3098),.PCURVE_S1.);
#3087 = LINE('',#3088,#3089);
#3088 = CARTESIAN_POINT('',(13.,-4.914285714286,-0.6));
#3089 = VECTOR('',#3090,1.);
#3090 = DIRECTION('',(0.,1.,0.));
#3091 = PCURVE('',#2895,#3092);
#3092 = DEFINITIONAL_REPRESENTATION('',(#3093),#3097);
#3093 = LINE('',#3094,#3095);
#3094 = CARTESIAN_POINT('',(0.425,-0.210714285714));
#3095 = VECTOR('',#3096,1.);
#3096 = DIRECTION('',(0.,-1.));
#3097 = ( GEOMETRIC_REPRESENTATION_CONTEXT(2) 
PARAMETRIC_REPRESENTATION_CONTEXT() REPRESENTATION_CONTEXT('2D SPACE',''
  ) );
#3098 = PCURVE('',#2673,#3099);
#3099 = DEFINITIONAL_REPRESENTATION('',(#3100),#3104);
#3100 = LINE('',#3101,#3102);
#3101 = CARTESIAN_POINT('',(-0.168082500457,-1.27435052787));
#3102 = VECTOR('',#3103,1.);
#3103 = DIRECTION('',(0.,1.));
#3104 = ( GEOMETRIC_REPRESENTATION_CONTEXT(2) 
PARAMETRIC_REPRESENTATION_CONTEXT() REPRESENTATION_CONTEXT('2D SPACE',''
  ) );
#3105 = ORIENTED_EDGE('',*,*,#2880,.T.);
#3106 = ADVANCED_FACE('',(#3107),#3073,.T.);
#3107 = FACE_BOUND('',#3108,.T.);
#3108 = EDGE_LOOP('',(#3109,#3132,#3158,#3178));
#3109 = ORIENTED_EDGE('',*,*,#3110,.F.);
#3110 = EDGE_CURVE('',#3111,#3030,#3113,.T.);
#3111 = VERTEX_POINT('',#3112);
#3112 = CARTESIAN_POINT('',(12.781356702874,-4.275,-1.025));
#3113 = SURFACE_CURVE('',#3114,(#3118,#3125),.PCURVE_S1.);
#3114 = LINE('',#3115,#3116);
#3115 = CARTESIAN_POINT('',(10.,-4.275,-1.025));
#3116 = VECTOR('',#3117,1.);
#3117 = DIRECTION('',(1.,0.,0.));
#3118 = PCURVE('',#3073,#3119);
#3119 = DEFINITIONAL_REPRESENTATION('',(#3120),#3124);
#3120 = LINE('',#3121,#3122);
#3121 = CARTESIAN_POINT('',(0.,0.));
#3122 = VECTOR('',#3123,1.);
#3123 = DIRECTION('',(0.,1.));
#3124 = ( GEOMETRIC_REPRESENTATION_CONTEXT(2) 
PARAMETRIC_REPRESENTATION_CONTEXT() REPRESENTATION_CONTEXT('2D SPACE',''
  ) );
#3125 = PCURVE('',#3045,#3126);
#3126 = DEFINITIONAL_REPRESENTATION('',(#3127),#3131);
#3127 = LINE('',#3128,#3129);
#3128 = CARTESIAN_POINT('',(0.,0.85));
#3129 = VECTOR('',#3130,1.);
#3130 = DIRECTION('',(1.,0.));
#3131 = ( GEOMETRIC_REPRESENTATION_CONTEXT(2) 
PARAMETRIC_REPRESENTATION_CONTEXT() REPRESENTATION_CONTEXT('2D SPACE',''
  ) );
#3132 = ORIENTED_EDGE('',*,*,#3133,.T.);
#3133 = EDGE_CURVE('',#3111,#3134,#3136,.T.);
#3134 = VERTEX_POINT('',#3135);
#3135 = CARTESIAN_POINT('',(12.781356702874,-4.275,-0.6));
#3136 = SURFACE_CURVE('',#3137,(#3141,#3147),.PCURVE_S1.);
#3137 = LINE('',#3138,#3139);
#3138 = CARTESIAN_POINT('',(12.781356702874,-4.275,-1.4));
#3139 = VECTOR('',#3140,1.);
#3140 = DIRECTION('',(0.,0.,1.));
#3141 = PCURVE('',#3073,#3142);
#3142 = DEFINITIONAL_REPRESENTATION('',(#3143),#3146);
#3143 = B_SPLINE_CURVE_WITH_KNOTS('',1,(#3144,#3145),.UNSPECIFIED.,.F.,
  .F.,(2,2),(0.29,1.31),.PIECEWISE_BEZIER_KNOTS.);
#3144 = CARTESIAN_POINT('',(-8.5E-02,2.781356702874));
#3145 = CARTESIAN_POINT('',(0.935,2.781356702874));
#3146 = ( GEOMETRIC_REPRESENTATION_CONTEXT(2) 
PARAMETRIC_REPRESENTATION_CONTEXT() REPRESENTATION_CONTEXT('2D SPACE',''
  ) );
#3147 = PCURVE('',#3148,#3153);
#3148 = CYLINDRICAL_SURFACE('',#3149,1.35);
#3149 = AXIS2_PLACEMENT_3D('',#3150,#3151,#3152);
#3150 = CARTESIAN_POINT('',(11.5,-4.7,-1.4));
#3151 = DIRECTION('',(0.,0.,1.));
#3152 = DIRECTION('',(1.,0.,-0.));
#3153 = DEFINITIONAL_REPRESENTATION('',(#3154),#3157);
#3154 = B_SPLINE_CURVE_WITH_KNOTS('',1,(#3155,#3156),.UNSPECIFIED.,.F.,
  .F.,(2,2),(0.29,1.31),.PIECEWISE_BEZIER_KNOTS.);
#3155 = CARTESIAN_POINT('',(0.320261542032,0.29));
#3156 = CARTESIAN_POINT('',(0.320261542032,1.31));
#3157 = ( GEOMETRIC_REPRESENTATION_CONTEXT(2) 
PARAMETRIC_REPRESENTATION_CONTEXT() REPRESENTATION_CONTEXT('2D SPACE',''
  ) );
#3158 = ORIENTED_EDGE('',*,*,#3159,.T.);
#3159 = EDGE_CURVE('',#3134,#3058,#3160,.T.);
#3160 = SURFACE_CURVE('',#3161,(#3165,#3171),.PCURVE_S1.);
#3161 = LINE('',#3162,#3163);
#3162 = CARTESIAN_POINT('',(11.584041250228,-4.275,-0.6));
#3163 = VECTOR('',#3164,1.);
#3164 = DIRECTION('',(1.,0.,0.));
#3165 = PCURVE('',#3073,#3166);
#3166 = DEFINITIONAL_REPRESENTATION('',(#3167),#3170);
#3167 = B_SPLINE_CURVE_WITH_KNOTS('',1,(#3168,#3169),.UNSPECIFIED.,.F.,
  .F.,(2,2),(1.197315452645,1.415958749772),.PIECEWISE_BEZIER_KNOTS.);
#3168 = CARTESIAN_POINT('',(0.425,2.781356702874));
#3169 = CARTESIAN_POINT('',(0.425,3.));
#3170 = ( GEOMETRIC_REPRESENTATION_CONTEXT(2) 
PARAMETRIC_REPRESENTATION_CONTEXT() REPRESENTATION_CONTEXT('2D SPACE',''
  ) );
#3171 = PCURVE('',#2673,#3172);
#3172 = DEFINITIONAL_REPRESENTATION('',(#3173),#3177);
#3173 = LINE('',#3174,#3175);
#3174 = CARTESIAN_POINT('',(-1.584041250228,-0.635064813585));
#3175 = VECTOR('',#3176,1.);
#3176 = DIRECTION('',(1.,0.));
#3177 = ( GEOMETRIC_REPRESENTATION_CONTEXT(2) 
PARAMETRIC_REPRESENTATION_CONTEXT() REPRESENTATION_CONTEXT('2D SPACE',''
  ) );
#3178 = ORIENTED_EDGE('',*,*,#3057,.F.);
#3179 = ADVANCED_FACE('',(#3180),#3148,.T.);
#3180 = FACE_BOUND('',#3181,.T.);
#3181 = EDGE_LOOP('',(#3182,#3206,#3229,#3253,#3325,#3347));
#3182 = ORIENTED_EDGE('',*,*,#3183,.F.);
#3183 = EDGE_CURVE('',#3184,#3111,#3186,.T.);
#3184 = VERTEX_POINT('',#3185);
#3185 = CARTESIAN_POINT('',(12.85,-4.7,-1.025));
#3186 = SURFACE_CURVE('',#3187,(#3192,#3199),.PCURVE_S1.);
#3187 = CIRCLE('',#3188,1.35);
#3188 = AXIS2_PLACEMENT_3D('',#3189,#3190,#3191);
#3189 = CARTESIAN_POINT('',(11.5,-4.7,-1.025));
#3190 = DIRECTION('',(0.,0.,1.));
#3191 = DIRECTION('',(1.,0.,0.));
#3192 = PCURVE('',#3148,#3193);
#3193 = DEFINITIONAL_REPRESENTATION('',(#3194),#3198);
#3194 = LINE('',#3195,#3196);
#3195 = CARTESIAN_POINT('',(0.,0.375));
#3196 = VECTOR('',#3197,1.);
#3197 = DIRECTION('',(1.,0.));
#3198 = ( GEOMETRIC_REPRESENTATION_CONTEXT(2) 
PARAMETRIC_REPRESENTATION_CONTEXT() REPRESENTATION_CONTEXT('2D SPACE',''
  ) );
#3199 = PCURVE('',#3045,#3200);
#3200 = DEFINITIONAL_REPRESENTATION('',(#3201),#3205);
#3201 = CIRCLE('',#3202,1.35);
#3202 = AXIS2_PLACEMENT_2D('',#3203,#3204);
#3203 = CARTESIAN_POINT('',(1.5,0.425));
#3204 = DIRECTION('',(1.,0.));
#3205 = ( GEOMETRIC_REPRESENTATION_CONTEXT(2) 
PARAMETRIC_REPRESENTATION_CONTEXT() REPRESENTATION_CONTEXT('2D SPACE',''
  ) );
#3206 = ORIENTED_EDGE('',*,*,#3207,.F.);
#3207 = EDGE_CURVE('',#3208,#3184,#3210,.T.);
#3208 = VERTEX_POINT('',#3209);
#3209 = CARTESIAN_POINT('',(12.85,-4.7,-1.4));
#3210 = SURFACE_CURVE('',#3211,(#3215,#3222),.PCURVE_S1.);
#3211 = LINE('',#3212,#3213);
#3212 = CARTESIAN_POINT('',(12.85,-4.7,-1.4));
#3213 = VECTOR('',#3214,1.);
#3214 = DIRECTION('',(0.,0.,1.));
#3215 = PCURVE('',#3148,#3216);
#3216 = DEFINITIONAL_REPRESENTATION('',(#3217),#3221);
#3217 = LINE('',#3218,#3219);
#3218 = CARTESIAN_POINT('',(0.,-0.));
#3219 = VECTOR('',#3220,1.);
#3220 = DIRECTION('',(0.,1.));
#3221 = ( GEOMETRIC_REPRESENTATION_CONTEXT(2) 
PARAMETRIC_REPRESENTATION_CONTEXT() REPRESENTATION_CONTEXT('2D SPACE',''
  ) );
#3222 = PCURVE('',#296,#3223);
#3223 = DEFINITIONAL_REPRESENTATION('',(#3224),#3228);
#3224 = LINE('',#3225,#3226);
#3225 = CARTESIAN_POINT('',(6.28318530718,-0.));
#3226 = VECTOR('',#3227,1.);
#3227 = DIRECTION('',(0.,1.));
#3228 = ( GEOMETRIC_REPRESENTATION_CONTEXT(2) 
PARAMETRIC_REPRESENTATION_CONTEXT() REPRESENTATION_CONTEXT('2D SPACE',''
  ) );
#3229 = ORIENTED_EDGE('',*,*,#3230,.T.);
#3230 = EDGE_CURVE('',#3208,#3231,#3233,.T.);
#3231 = VERTEX_POINT('',#3232);
#3232 = CARTESIAN_POINT('',(12.417109652047,-3.709338662245,-1.4));
#3233 = SURFACE_CURVE('',#3234,(#3239,#3246),.PCURVE_S1.);
#3234 = CIRCLE('',#3235,1.35);
#3235 = AXIS2_PLACEMENT_3D('',#3236,#3237,#3238);
#3236 = CARTESIAN_POINT('',(11.5,-4.7,-1.4));
#3237 = DIRECTION('',(0.,0.,1.));
#3238 = DIRECTION('',(1.,0.,0.));
#3239 = PCURVE('',#3148,#3240);
#3240 = DEFINITIONAL_REPRESENTATION('',(#3241),#3245);
#3241 = LINE('',#3242,#3243);
#3242 = CARTESIAN_POINT('',(0.,0.));
#3243 = VECTOR('',#3244,1.);
#3244 = DIRECTION('',(1.,0.));
#3245 = ( GEOMETRIC_REPRESENTATION_CONTEXT(2) 
PARAMETRIC_REPRESENTATION_CONTEXT() REPRESENTATION_CONTEXT('2D SPACE',''
  ) );
#3246 = PCURVE('',#1407,#3247);
#3247 = DEFINITIONAL_REPRESENTATION('',(#3248),#3252);
#3248 = CIRCLE('',#3249,1.35);
#3249 = AXIS2_PLACEMENT_2D('',#3250,#3251);
#3250 = CARTESIAN_POINT('',(0.,0.));
#3251 = DIRECTION('',(1.,0.));
#3252 = ( GEOMETRIC_REPRESENTATION_CONTEXT(2) 
PARAMETRIC_REPRESENTATION_CONTEXT() REPRESENTATION_CONTEXT('2D SPACE',''
  ) );
#3253 = ORIENTED_EDGE('',*,*,#3254,.F.);
#3254 = EDGE_CURVE('',#3255,#3231,#3257,.T.);
#3255 = VERTEX_POINT('',#3256);
#3256 = CARTESIAN_POINT('',(12.53655832737,-3.835102992282,-0.6));
#3257 = SURFACE_CURVE('',#3258,(#3281,#3307),.PCURVE_S1.);
#3258 = B_SPLINE_CURVE_WITH_KNOTS('',5,(#3259,#3260,#3261,#3262,#3263,
    #3264,#3265,#3266,#3267,#3268,#3269,#3270,#3271,#3272,#3273,#3274,
    #3275,#3276,#3277,#3278,#3279,#3280),.UNSPECIFIED.,.F.,.F.,(6,4,4,4,
    4,6),(0.,0.184407850169,0.285336840782,0.514454479208,0.832991056554
    ,1.),.UNSPECIFIED.);
#3259 = CARTESIAN_POINT('',(12.3999976,-3.693767263505,-0.169587658287)
  );
#3260 = CARTESIAN_POINT('',(12.422749677603,-3.714117242685,
    -0.208122974541));
#3261 = CARTESIAN_POINT('',(12.443066103029,-3.733446243383,
    -0.248490485407));
#3262 = CARTESIAN_POINT('',(12.461026842021,-3.751447101397,
    -0.290503917288));
#3263 = CARTESIAN_POINT('',(12.476732962798,-3.767857033297,
    -0.33391684749));
#3264 = CARTESIAN_POINT('',(12.497707103722,-3.790494807879,
    -0.402783865727));
#3265 = CARTESIAN_POINT('',(12.504484836423,-3.797972533127,
    -0.427481885257));
#3266 = CARTESIAN_POINT('',(12.510640842085,-3.804892352728,
    -0.452478909223));
#3267 = CARTESIAN_POINT('',(12.516193309112,-3.811231866185,
    -0.477737118006));
#3268 = CARTESIAN_POINT('',(12.532431968515,-3.830010774863,
    -0.56106945673));
#3269 = CARTESIAN_POINT('',(12.540675563138,-3.839964378153,
    -0.620050355595));
#3270 = CARTESIAN_POINT('',(12.546098723164,-3.846655997841,
    -0.67979101688));
#3271 = CARTESIAN_POINT('',(12.54880884817,-3.85,-0.739904770658));
#3272 = CARTESIAN_POINT('',(12.54880884817,-3.85,-0.883548908766));
#3273 = CARTESIAN_POINT('',(12.543570312599,-3.843536477505,
    -0.967195206891));
#3274 = CARTESIAN_POINT('',(12.533071325991,-3.830580396615,
    -1.049826145075));
#3275 = CARTESIAN_POINT('',(12.516924587503,-3.811476928778,
    -1.130337927682));
#3276 = CARTESIAN_POINT('',(12.482594778202,-3.774088384879,
    -1.248343241641));
#3277 = CARTESIAN_POINT('',(12.469039217344,-3.759742368014,
    -1.288064481921));
#3278 = CARTESIAN_POINT('',(12.453657956822,-3.744042808594,
    -1.326697998961));
#3279 = CARTESIAN_POINT('',(12.436371268335,-3.727170152714,
    -1.364059661105));
#3280 = CARTESIAN_POINT('',(12.417108365812,-3.709337471508,-1.4000024)
  );
#3281 = PCURVE('',#3148,#3282);
#3282 = DEFINITIONAL_REPRESENTATION('',(#3283),#3306);
#3283 = B_SPLINE_CURVE_WITH_KNOTS('',5,(#3284,#3285,#3286,#3287,#3288,
    #3289,#3290,#3291,#3292,#3293,#3294,#3295,#3296,#3297,#3298,#3299,
    #3300,#3301,#3302,#3303,#3304,#3305),.UNSPECIFIED.,.F.,.F.,(6,4,4,4,
    4,6),(0.,0.184407850169,0.285336840782,0.514454479208,0.832991056554
    ,1.),.UNSPECIFIED.);
#3284 = CARTESIAN_POINT('',(0.841071055705,1.230412341713));
#3285 = CARTESIAN_POINT('',(0.818459907431,1.191877025459));
#3286 = CARTESIAN_POINT('',(0.797697722017,1.151509514593));
#3287 = CARTESIAN_POINT('',(0.778867861976,1.109496082712));
#3288 = CARTESIAN_POINT('',(0.762044190391,1.06608315251));
#3289 = CARTESIAN_POINT('',(0.73918440516,0.997216134273));
#3290 = CARTESIAN_POINT('',(0.731709059379,0.972518114743));
#3291 = CARTESIAN_POINT('',(0.724848859952,0.947521090777));
#3292 = CARTESIAN_POINT('',(0.718606512786,0.922262881994));
#3293 = CARTESIAN_POINT('',(0.700216716153,0.83893054327));
#3294 = CARTESIAN_POINT('',(0.690645389418,0.779949644405));
#3295 = CARTESIAN_POINT('',(0.684264646566,0.72020898312));
#3296 = CARTESIAN_POINT('',(0.681076388119,0.660095229342));
#3297 = CARTESIAN_POINT('',(0.681076388119,0.516451091234));
#3298 = CARTESIAN_POINT('',(0.687238342267,0.432804793109));
#3299 = CARTESIAN_POINT('',(0.69959479589,0.350173854925));
#3300 = CARTESIAN_POINT('',(0.718108349652,0.269662072318));
#3301 = CARTESIAN_POINT('',(0.755707338501,0.151656758359));
#3302 = CARTESIAN_POINT('',(0.770326074831,0.111935518079));
#3303 = CARTESIAN_POINT('',(0.786602495281,7.330200103859E-02));
#3304 = CARTESIAN_POINT('',(0.804489641144,3.594033889517E-02));
#3305 = CARTESIAN_POINT('',(0.823934105801,-2.4E-06));
#3306 = ( GEOMETRIC_REPRESENTATION_CONTEXT(2) 
PARAMETRIC_REPRESENTATION_CONTEXT() REPRESENTATION_CONTEXT('2D SPACE',''
  ) );
#3307 = PCURVE('',#446,#3308);
#3308 = DEFINITIONAL_REPRESENTATION('',(#3309),#3324);
#3309 = B_SPLINE_CURVE_WITH_KNOTS('',5,(#3310,#3311,#3312,#3313,#3314,
    #3315,#3316,#3317,#3318,#3319,#3320,#3321,#3322,#3323),
  .UNSPECIFIED.,.F.,.F.,(6,4,4,6),(0.361124485371,0.514454479208,
    0.832991056554,0.999997769669),.UNSPECIFIED.);
#3310 = CARTESIAN_POINT('',(4.563693486185,0.13655832645));
#3311 = CARTESIAN_POINT('',(4.593317510256,0.14150194742));
#3312 = CARTESIAN_POINT('',(4.623031524194,0.145166748903));
#3313 = CARTESIAN_POINT('',(4.652802236738,0.147595105804));
#3314 = CARTESIAN_POINT('',(4.682598684115,0.14880884817));
#3315 = CARTESIAN_POINT('',(4.774277060952,0.14880884817));
#3316 = CARTESIAN_POINT('',(4.836237328285,0.143570312599));
#3317 = CARTESIAN_POINT('',(4.897939092913,0.133071325991));
#3318 = CARTESIAN_POINT('',(4.959066106021,0.116924587503));
#3319 = CARTESIAN_POINT('',(5.050759567321,8.259493589413E-02));
#3320 = CARTESIAN_POINT('',(5.082017753098,6.903957940041E-02));
#3321 = CARTESIAN_POINT('',(5.112876180896,5.365857305105E-02));
#3322 = CARTESIAN_POINT('',(5.143222319105,3.637219175704E-02));
#3323 = CARTESIAN_POINT('',(5.172942972066,1.71096520466E-02));
#3324 = ( GEOMETRIC_REPRESENTATION_CONTEXT(2) 
PARAMETRIC_REPRESENTATION_CONTEXT() REPRESENTATION_CONTEXT('2D SPACE',''
  ) );
#3325 = ORIENTED_EDGE('',*,*,#3326,.F.);
#3326 = EDGE_CURVE('',#3134,#3255,#3327,.T.);
#3327 = SURFACE_CURVE('',#3328,(#3333,#3340),.PCURVE_S1.);
#3328 = CIRCLE('',#3329,1.35);
#3329 = AXIS2_PLACEMENT_3D('',#3330,#3331,#3332);
#3330 = CARTESIAN_POINT('',(11.5,-4.7,-0.6));
#3331 = DIRECTION('',(0.,-0.,1.));
#3332 = DIRECTION('',(0.94915311324,0.314814814815,0.));
#3333 = PCURVE('',#3148,#3334);
#3334 = DEFINITIONAL_REPRESENTATION('',(#3335),#3339);
#3335 = LINE('',#3336,#3337);
#3336 = CARTESIAN_POINT('',(0.320261542032,0.8));
#3337 = VECTOR('',#3338,1.);
#3338 = DIRECTION('',(1.,0.));
#3339 = ( GEOMETRIC_REPRESENTATION_CONTEXT(2) 
PARAMETRIC_REPRESENTATION_CONTEXT() REPRESENTATION_CONTEXT('2D SPACE',''
  ) );
#3340 = PCURVE('',#2673,#3341);
#3341 = DEFINITIONAL_REPRESENTATION('',(#3342),#3346);
#3342 = CIRCLE('',#3343,1.35);
#3343 = AXIS2_PLACEMENT_2D('',#3344,#3345);
#3344 = CARTESIAN_POINT('',(-1.668082500457,-1.060064813585));
#3345 = DIRECTION('',(0.94915311324,0.314814814815));
#3346 = ( GEOMETRIC_REPRESENTATION_CONTEXT(2) 
PARAMETRIC_REPRESENTATION_CONTEXT() REPRESENTATION_CONTEXT('2D SPACE',''
  ) );
#3347 = ORIENTED_EDGE('',*,*,#3133,.F.);
#3348 = ADVANCED_FACE('',(#3349),#3045,.F.);
#3349 = FACE_BOUND('',#3350,.F.);
#3350 = EDGE_LOOP('',(#3351,#3352,#3353,#3377,#3398));
#3351 = ORIENTED_EDGE('',*,*,#3110,.F.);
#3352 = ORIENTED_EDGE('',*,*,#3183,.F.);
#3353 = ORIENTED_EDGE('',*,*,#3354,.F.);
#3354 = EDGE_CURVE('',#3355,#3184,#3357,.T.);
#3355 = VERTEX_POINT('',#3356);
#3356 = CARTESIAN_POINT('',(12.781356702874,-5.125,-1.025));
#3357 = SURFACE_CURVE('',#3358,(#3363,#3370),.PCURVE_S1.);
#3358 = CIRCLE('',#3359,1.35);
#3359 = AXIS2_PLACEMENT_3D('',#3360,#3361,#3362);
#3360 = CARTESIAN_POINT('',(11.5,-4.7,-1.025));
#3361 = DIRECTION('',(0.,0.,1.));
#3362 = DIRECTION('',(1.,0.,0.));
#3363 = PCURVE('',#3045,#3364);
#3364 = DEFINITIONAL_REPRESENTATION('',(#3365),#3369);
#3365 = CIRCLE('',#3366,1.35);
#3366 = AXIS2_PLACEMENT_2D('',#3367,#3368);
#3367 = CARTESIAN_POINT('',(1.5,0.425));
#3368 = DIRECTION('',(1.,0.));
#3369 = ( GEOMETRIC_REPRESENTATION_CONTEXT(2) 
PARAMETRIC_REPRESENTATION_CONTEXT() REPRESENTATION_CONTEXT('2D SPACE',''
  ) );
#3370 = PCURVE('',#296,#3371);
#3371 = DEFINITIONAL_REPRESENTATION('',(#3372),#3376);
#3372 = LINE('',#3373,#3374);
#3373 = CARTESIAN_POINT('',(0.,0.375));
#3374 = VECTOR('',#3375,1.);
#3375 = DIRECTION('',(1.,0.));
#3376 = ( GEOMETRIC_REPRESENTATION_CONTEXT(2) 
PARAMETRIC_REPRESENTATION_CONTEXT() REPRESENTATION_CONTEXT('2D SPACE',''
  ) );
#3377 = ORIENTED_EDGE('',*,*,#3378,.T.);
#3378 = EDGE_CURVE('',#3355,#3002,#3379,.T.);
#3379 = SURFACE_CURVE('',#3380,(#3384,#3391),.PCURVE_S1.);
#3380 = LINE('',#3381,#3382);
#3381 = CARTESIAN_POINT('',(10.,-5.125,-1.025));
#3382 = VECTOR('',#3383,1.);
#3383 = DIRECTION('',(1.,0.,0.));
#3384 = PCURVE('',#3045,#3385);
#3385 = DEFINITIONAL_REPRESENTATION('',(#3386),#3390);
#3386 = LINE('',#3387,#3388);
#3387 = CARTESIAN_POINT('',(0.,0.));
#3388 = VECTOR('',#3389,1.);
#3389 = DIRECTION('',(1.,0.));
#3390 = ( GEOMETRIC_REPRESENTATION_CONTEXT(2) 
PARAMETRIC_REPRESENTATION_CONTEXT() REPRESENTATION_CONTEXT('2D SPACE',''
  ) );
#3391 = PCURVE('',#3017,#3392);
#3392 = DEFINITIONAL_REPRESENTATION('',(#3393),#3397);
#3393 = LINE('',#3394,#3395);
#3394 = CARTESIAN_POINT('',(0.,0.));
#3395 = VECTOR('',#3396,1.);
#3396 = DIRECTION('',(0.,1.));
#3397 = ( GEOMETRIC_REPRESENTATION_CONTEXT(2) 
PARAMETRIC_REPRESENTATION_CONTEXT() REPRESENTATION_CONTEXT('2D SPACE',''
  ) );
#3398 = ORIENTED_EDGE('',*,*,#3029,.T.);
#3399 = ADVANCED_FACE('',(#3400),#3017,.F.);
#3400 = FACE_BOUND('',#3401,.F.);
#3401 = EDGE_LOOP('',(#3402,#3403,#3424,#3445));
#3402 = ORIENTED_EDGE('',*,*,#3378,.F.);
#3403 = ORIENTED_EDGE('',*,*,#3404,.T.);
#3404 = EDGE_CURVE('',#3355,#3405,#3407,.T.);
#3405 = VERTEX_POINT('',#3406);
#3406 = CARTESIAN_POINT('',(12.781356702874,-5.125,-0.175));
#3407 = SURFACE_CURVE('',#3408,(#3412,#3418),.PCURVE_S1.);
#3408 = LINE('',#3409,#3410);
#3409 = CARTESIAN_POINT('',(12.781356702874,-5.125,-1.4));
#3410 = VECTOR('',#3411,1.);
#3411 = DIRECTION('',(0.,0.,1.));
#3412 = PCURVE('',#3017,#3413);
#3413 = DEFINITIONAL_REPRESENTATION('',(#3414),#3417);
#3414 = B_SPLINE_CURVE_WITH_KNOTS('',1,(#3415,#3416),.UNSPECIFIED.,.F.,
  .F.,(2,2),(0.29,1.31),.PIECEWISE_BEZIER_KNOTS.);
#3415 = CARTESIAN_POINT('',(-8.5E-02,2.781356702874));
#3416 = CARTESIAN_POINT('',(0.935,2.781356702874));
#3417 = ( GEOMETRIC_REPRESENTATION_CONTEXT(2) 
PARAMETRIC_REPRESENTATION_CONTEXT() REPRESENTATION_CONTEXT('2D SPACE',''
  ) );
#3418 = PCURVE('',#296,#3419);
#3419 = DEFINITIONAL_REPRESENTATION('',(#3420),#3423);
#3420 = B_SPLINE_CURVE_WITH_KNOTS('',1,(#3421,#3422),.UNSPECIFIED.,.F.,
  .F.,(2,2),(0.29,1.31),.PIECEWISE_BEZIER_KNOTS.);
#3421 = CARTESIAN_POINT('',(5.962923765147,0.29));
#3422 = CARTESIAN_POINT('',(5.962923765147,1.31));
#3423 = ( GEOMETRIC_REPRESENTATION_CONTEXT(2) 
PARAMETRIC_REPRESENTATION_CONTEXT() REPRESENTATION_CONTEXT('2D SPACE',''
  ) );
#3424 = ORIENTED_EDGE('',*,*,#3425,.T.);
#3425 = EDGE_CURVE('',#3405,#2979,#3426,.T.);
#3426 = SURFACE_CURVE('',#3427,(#3431,#3438),.PCURVE_S1.);
#3427 = LINE('',#3428,#3429);
#3428 = CARTESIAN_POINT('',(10.,-5.125,-0.175));
#3429 = VECTOR('',#3430,1.);
#3430 = DIRECTION('',(1.,0.,0.));
#3431 = PCURVE('',#3017,#3432);
#3432 = DEFINITIONAL_REPRESENTATION('',(#3433),#3437);
#3433 = LINE('',#3434,#3435);
#3434 = CARTESIAN_POINT('',(0.85,0.));
#3435 = VECTOR('',#3436,1.);
#3436 = DIRECTION('',(0.,1.));
#3437 = ( GEOMETRIC_REPRESENTATION_CONTEXT(2) 
PARAMETRIC_REPRESENTATION_CONTEXT() REPRESENTATION_CONTEXT('2D SPACE',''
  ) );
#3438 = PCURVE('',#2921,#3439);
#3439 = DEFINITIONAL_REPRESENTATION('',(#3440),#3444);
#3440 = LINE('',#3441,#3442);
#3441 = CARTESIAN_POINT('',(0.,0.));
#3442 = VECTOR('',#3443,1.);
#3443 = DIRECTION('',(1.,0.));
#3444 = ( GEOMETRIC_REPRESENTATION_CONTEXT(2) 
PARAMETRIC_REPRESENTATION_CONTEXT() REPRESENTATION_CONTEXT('2D SPACE',''
  ) );
#3445 = ORIENTED_EDGE('',*,*,#3001,.F.);
#3446 = ADVANCED_FACE('',(#3447),#2921,.T.);
#3447 = FACE_BOUND('',#3448,.T.);
#3448 = EDGE_LOOP('',(#3449,#3450,#3451,#3473));
#3449 = ORIENTED_EDGE('',*,*,#2978,.T.);
#3450 = ORIENTED_EDGE('',*,*,#2906,.T.);
#3451 = ORIENTED_EDGE('',*,*,#3452,.F.);
#3452 = EDGE_CURVE('',#3405,#2907,#3453,.T.);
#3453 = SURFACE_CURVE('',#3454,(#3459,#3466),.PCURVE_S1.);
#3454 = CIRCLE('',#3455,1.35);
#3455 = AXIS2_PLACEMENT_3D('',#3456,#3457,#3458);
#3456 = CARTESIAN_POINT('',(11.5,-4.7,-0.175));
#3457 = DIRECTION('',(0.,0.,1.));
#3458 = DIRECTION('',(1.,0.,0.));
#3459 = PCURVE('',#2921,#3460);
#3460 = DEFINITIONAL_REPRESENTATION('',(#3461),#3465);
#3461 = CIRCLE('',#3462,1.35);
#3462 = AXIS2_PLACEMENT_2D('',#3463,#3464);
#3463 = CARTESIAN_POINT('',(1.5,0.425));
#3464 = DIRECTION('',(1.,0.));
#3465 = ( GEOMETRIC_REPRESENTATION_CONTEXT(2) 
PARAMETRIC_REPRESENTATION_CONTEXT() REPRESENTATION_CONTEXT('2D SPACE',''
  ) );
#3466 = PCURVE('',#296,#3467);
#3467 = DEFINITIONAL_REPRESENTATION('',(#3468),#3472);
#3468 = LINE('',#3469,#3470);
#3469 = CARTESIAN_POINT('',(0.,1.225));
#3470 = VECTOR('',#3471,1.);
#3471 = DIRECTION('',(1.,0.));
#3472 = ( GEOMETRIC_REPRESENTATION_CONTEXT(2) 
PARAMETRIC_REPRESENTATION_CONTEXT() REPRESENTATION_CONTEXT('2D SPACE',''
  ) );
#3473 = ORIENTED_EDGE('',*,*,#3425,.T.);
#3474 = ADVANCED_FACE('',(#3475),#2726,.T.);
#3475 = FACE_BOUND('',#3476,.T.);
#3476 = EDGE_LOOP('',(#3477,#3501,#3502,#3503,#3504));
#3477 = ORIENTED_EDGE('',*,*,#3478,.F.);
#3478 = EDGE_CURVE('',#2933,#3479,#3481,.T.);
#3479 = VERTEX_POINT('',#3480);
#3480 = CARTESIAN_POINT('',(12.85,-4.7,-0.15));
#3481 = SURFACE_CURVE('',#3482,(#3487,#3494),.PCURVE_S1.);
#3482 = CIRCLE('',#3483,1.35);
#3483 = AXIS2_PLACEMENT_3D('',#3484,#3485,#3486);
#3484 = CARTESIAN_POINT('',(11.5,-4.7,-0.15));
#3485 = DIRECTION('',(0.,0.,1.));
#3486 = DIRECTION('',(1.,0.,0.));
#3487 = PCURVE('',#2726,#3488);
#3488 = DEFINITIONAL_REPRESENTATION('',(#3489),#3493);
#3489 = CIRCLE('',#3490,1.35);
#3490 = AXIS2_PLACEMENT_2D('',#3491,#3492);
#3491 = CARTESIAN_POINT('',(-1.588957676208,-0.59697225769));
#3492 = DIRECTION('',(1.,0.));
#3493 = ( GEOMETRIC_REPRESENTATION_CONTEXT(2) 
PARAMETRIC_REPRESENTATION_CONTEXT() REPRESENTATION_CONTEXT('2D SPACE',''
  ) );
#3494 = PCURVE('',#296,#3495);
#3495 = DEFINITIONAL_REPRESENTATION('',(#3496),#3500);
#3496 = LINE('',#3497,#3498);
#3497 = CARTESIAN_POINT('',(0.,1.25));
#3498 = VECTOR('',#3499,1.);
#3499 = DIRECTION('',(1.,0.));
#3500 = ( GEOMETRIC_REPRESENTATION_CONTEXT(2) 
PARAMETRIC_REPRESENTATION_CONTEXT() REPRESENTATION_CONTEXT('2D SPACE',''
  ) );
#3501 = ORIENTED_EDGE('',*,*,#2953,.T.);
#3502 = ORIENTED_EDGE('',*,*,#2832,.T.);
#3503 = ORIENTED_EDGE('',*,*,#2711,.F.);
#3504 = ORIENTED_EDGE('',*,*,#3505,.F.);
#3505 = EDGE_CURVE('',#3479,#2712,#3506,.T.);
#3506 = SURFACE_CURVE('',#3507,(#3512,#3519),.PCURVE_S1.);
#3507 = CIRCLE('',#3508,1.35);
#3508 = AXIS2_PLACEMENT_3D('',#3509,#3510,#3511);
#3509 = CARTESIAN_POINT('',(11.5,-4.7,-0.15));
#3510 = DIRECTION('',(0.,0.,1.));
#3511 = DIRECTION('',(1.,0.,0.));
#3512 = PCURVE('',#2726,#3513);
#3513 = DEFINITIONAL_REPRESENTATION('',(#3514),#3518);
#3514 = CIRCLE('',#3515,1.35);
#3515 = AXIS2_PLACEMENT_2D('',#3516,#3517);
#3516 = CARTESIAN_POINT('',(-1.588957676208,-0.59697225769));
#3517 = DIRECTION('',(1.,0.));
#3518 = ( GEOMETRIC_REPRESENTATION_CONTEXT(2) 
PARAMETRIC_REPRESENTATION_CONTEXT() REPRESENTATION_CONTEXT('2D SPACE',''
  ) );
#3519 = PCURVE('',#296,#3520);
#3520 = DEFINITIONAL_REPRESENTATION('',(#3521),#3525);
#3521 = LINE('',#3522,#3523);
#3522 = CARTESIAN_POINT('',(0.,1.25));
#3523 = VECTOR('',#3524,1.);
#3524 = DIRECTION('',(1.,0.));
#3525 = ( GEOMETRIC_REPRESENTATION_CONTEXT(2) 
PARAMETRIC_REPRESENTATION_CONTEXT() REPRESENTATION_CONTEXT('2D SPACE',''
  ) );
#3526 = ADVANCED_FACE('',(#3527),#2673,.F.);
#3527 = FACE_BOUND('',#3528,.F.);
#3528 = EDGE_LOOP('',(#3529,#3530,#3531,#3532,#3533,#3534,#3535,#3558,
    #3581,#3607,#3628));
#3529 = ORIENTED_EDGE('',*,*,#3326,.F.);
#3530 = ORIENTED_EDGE('',*,*,#3159,.T.);
#3531 = ORIENTED_EDGE('',*,*,#3085,.F.);
#3532 = ORIENTED_EDGE('',*,*,#2857,.T.);
#3533 = ORIENTED_EDGE('',*,*,#2781,.T.);
#3534 = ORIENTED_EDGE('',*,*,#2655,.T.);
#3535 = ORIENTED_EDGE('',*,*,#3536,.T.);
#3536 = EDGE_CURVE('',#2658,#3537,#3539,.T.);
#3537 = VERTEX_POINT('',#3538);
#3538 = CARTESIAN_POINT('',(15.3,-3.3,-0.6));
#3539 = SURFACE_CURVE('',#3540,(#3544,#3551),.PCURVE_S1.);
#3540 = LINE('',#3541,#3542);
#3541 = CARTESIAN_POINT('',(14.7,-4.2,-0.6));
#3542 = VECTOR('',#3543,1.);
#3543 = DIRECTION('',(0.554700196225,0.832050294338,0.));
#3544 = PCURVE('',#2673,#3545);
#3545 = DEFINITIONAL_REPRESENTATION('',(#3546),#3550);
#3546 = LINE('',#3547,#3548);
#3547 = CARTESIAN_POINT('',(1.531917499543,-0.560064813585));
#3548 = VECTOR('',#3549,1.);
#3549 = DIRECTION('',(0.554700196225,0.832050294338));
#3550 = ( GEOMETRIC_REPRESENTATION_CONTEXT(2) 
PARAMETRIC_REPRESENTATION_CONTEXT() REPRESENTATION_CONTEXT('2D SPACE',''
  ) );
#3551 = PCURVE('',#2546,#3552);
#3552 = DEFINITIONAL_REPRESENTATION('',(#3553),#3557);
#3553 = LINE('',#3554,#3555);
#3554 = CARTESIAN_POINT('',(0.,0.));
#3555 = VECTOR('',#3556,1.);
#3556 = DIRECTION('',(1.,0.));
#3557 = ( GEOMETRIC_REPRESENTATION_CONTEXT(2) 
PARAMETRIC_REPRESENTATION_CONTEXT() REPRESENTATION_CONTEXT('2D SPACE',''
  ) );
#3558 = ORIENTED_EDGE('',*,*,#3559,.T.);
#3559 = EDGE_CURVE('',#3537,#3560,#3562,.T.);
#3560 = VERTEX_POINT('',#3561);
#3561 = CARTESIAN_POINT('',(14.626345596729,-3.065685424949,-0.6));
#3562 = SURFACE_CURVE('',#3563,(#3567,#3574),.PCURVE_S1.);
#3563 = LINE('',#3564,#3565);
#3564 = CARTESIAN_POINT('',(15.3,-3.3,-0.6));
#3565 = VECTOR('',#3566,1.);
#3566 = DIRECTION('',(-0.944496796706,0.328520624941,0.));
#3567 = PCURVE('',#2673,#3568);
#3568 = DEFINITIONAL_REPRESENTATION('',(#3569),#3573);
#3569 = LINE('',#3570,#3571);
#3570 = CARTESIAN_POINT('',(2.131917499543,0.339935186415));
#3571 = VECTOR('',#3572,1.);
#3572 = DIRECTION('',(-0.944496796706,0.328520624941));
#3573 = ( GEOMETRIC_REPRESENTATION_CONTEXT(2) 
PARAMETRIC_REPRESENTATION_CONTEXT() REPRESENTATION_CONTEXT('2D SPACE',''
  ) );
#3574 = PCURVE('',#2574,#3575);
#3575 = DEFINITIONAL_REPRESENTATION('',(#3576),#3580);
#3576 = LINE('',#3577,#3578);
#3577 = CARTESIAN_POINT('',(0.,0.));
#3578 = VECTOR('',#3579,1.);
#3579 = DIRECTION('',(1.,0.));
#3580 = ( GEOMETRIC_REPRESENTATION_CONTEXT(2) 
PARAMETRIC_REPRESENTATION_CONTEXT() REPRESENTATION_CONTEXT('2D SPACE',''
  ) );
#3581 = ORIENTED_EDGE('',*,*,#3582,.F.);
#3582 = EDGE_CURVE('',#3583,#3560,#3585,.T.);
#3583 = VERTEX_POINT('',#3584);
#3584 = CARTESIAN_POINT('',(14.,-3.065685424949,-0.6));
#3585 = SURFACE_CURVE('',#3586,(#3590,#3596),.PCURVE_S1.);
#3586 = LINE('',#3587,#3588);
#3587 = CARTESIAN_POINT('',(14.,-3.065685424949,-0.6));
#3588 = VECTOR('',#3589,1.);
#3589 = DIRECTION('',(1.,0.,0.));
#3590 = PCURVE('',#2673,#3591);
#3591 = DEFINITIONAL_REPRESENTATION('',(#3592),#3595);
#3592 = B_SPLINE_CURVE_WITH_KNOTS('',1,(#3593,#3594),.UNSPECIFIED.,.F.,
  .F.,(2,2),(-2.399999999625E-06,1.68),.PIECEWISE_BEZIER_KNOTS.);
#3593 = CARTESIAN_POINT('',(0.831915099543,0.574249761466));
#3594 = CARTESIAN_POINT('',(2.511917499543,0.574249761466));
#3595 = ( GEOMETRIC_REPRESENTATION_CONTEXT(2) 
PARAMETRIC_REPRESENTATION_CONTEXT() REPRESENTATION_CONTEXT('2D SPACE',''
  ) );
#3596 = PCURVE('',#3597,#3602);
#3597 = CYLINDRICAL_SURFACE('',#3598,0.6);
#3598 = AXIS2_PLACEMENT_3D('',#3599,#3600,#3601);
#3599 = CARTESIAN_POINT('',(14.,-2.5,-0.8));
#3600 = DIRECTION('',(1.,0.,0.));
#3601 = DIRECTION('',(0.,0.,-1.));
#3602 = DEFINITIONAL_REPRESENTATION('',(#3603),#3606);
#3603 = B_SPLINE_CURVE_WITH_KNOTS('',1,(#3604,#3605),.UNSPECIFIED.,.F.,
  .F.,(2,2),(-2.399999999625E-06,1.68),.PIECEWISE_BEZIER_KNOTS.);
#3604 = CARTESIAN_POINT('',(4.372552070931,-2.399999999625E-06));
#3605 = CARTESIAN_POINT('',(4.372552070931,1.68));
#3606 = ( GEOMETRIC_REPRESENTATION_CONTEXT(2) 
PARAMETRIC_REPRESENTATION_CONTEXT() REPRESENTATION_CONTEXT('2D SPACE',''
  ) );
#3607 = ORIENTED_EDGE('',*,*,#3608,.T.);
#3608 = EDGE_CURVE('',#3583,#3609,#3611,.T.);
#3609 = VERTEX_POINT('',#3610);
#3610 = CARTESIAN_POINT('',(14.,-3.835102992282,-0.6));
#3611 = SURFACE_CURVE('',#3612,(#3616,#3622),.PCURVE_S1.);
#3612 = LINE('',#3613,#3614);
#3613 = CARTESIAN_POINT('',(14.,-3.069967593208,-0.6));
#3614 = VECTOR('',#3615,1.);
#3615 = DIRECTION('',(0.,-1.,0.));
#3616 = PCURVE('',#2673,#3617);
#3617 = DEFINITIONAL_REPRESENTATION('',(#3618),#3621);
#3618 = B_SPLINE_CURVE_WITH_KNOTS('',1,(#3619,#3620),.UNSPECIFIED.,.F.,
  .F.,(2,2),(-0.569967593208,0.780032406792),.PIECEWISE_BEZIER_KNOTS.);
#3619 = CARTESIAN_POINT('',(0.831917499543,1.139935186415));
#3620 = CARTESIAN_POINT('',(0.831917499543,-0.210064813585));
#3621 = ( GEOMETRIC_REPRESENTATION_CONTEXT(2) 
PARAMETRIC_REPRESENTATION_CONTEXT() REPRESENTATION_CONTEXT('2D SPACE',''
  ) );
#3622 = PCURVE('',#2601,#3623);
#3623 = DEFINITIONAL_REPRESENTATION('',(#3624),#3627);
#3624 = B_SPLINE_CURVE_WITH_KNOTS('',1,(#3625,#3626),.UNSPECIFIED.,.F.,
  .F.,(2,2),(-0.569967593208,0.780032406792),.PIECEWISE_BEZIER_KNOTS.);
#3625 = CARTESIAN_POINT('',(-0.2,2.22044604925E-16));
#3626 = CARTESIAN_POINT('',(-0.2,-1.35));
#3627 = ( GEOMETRIC_REPRESENTATION_CONTEXT(2) 
PARAMETRIC_REPRESENTATION_CONTEXT() REPRESENTATION_CONTEXT('2D SPACE',''
  ) );
#3628 = ORIENTED_EDGE('',*,*,#3629,.F.);
#3629 = EDGE_CURVE('',#3255,#3609,#3630,.T.);
#3630 = SURFACE_CURVE('',#3631,(#3635,#3641),.PCURVE_S1.);
#3631 = LINE('',#3632,#3633);
#3632 = CARTESIAN_POINT('',(12.4,-3.835102992282,-0.6));
#3633 = VECTOR('',#3634,1.);
#3634 = DIRECTION('',(1.,0.,0.));
#3635 = PCURVE('',#2673,#3636);
#3636 = DEFINITIONAL_REPRESENTATION('',(#3637),#3640);
#3637 = B_SPLINE_CURVE_WITH_KNOTS('',1,(#3638,#3639),.UNSPECIFIED.,.F.,
  .F.,(2,2),(-2.400000031599E-06,1.6000024),.PIECEWISE_BEZIER_KNOTS.);
#3638 = CARTESIAN_POINT('',(-0.768084900457,-0.195167805866));
#3639 = CARTESIAN_POINT('',(0.831919899543,-0.195167805866));
#3640 = ( GEOMETRIC_REPRESENTATION_CONTEXT(2) 
PARAMETRIC_REPRESENTATION_CONTEXT() REPRESENTATION_CONTEXT('2D SPACE',''
  ) );
#3641 = PCURVE('',#446,#3642);
#3642 = DEFINITIONAL_REPRESENTATION('',(#3643),#3646);
#3643 = B_SPLINE_CURVE_WITH_KNOTS('',1,(#3644,#3645),.UNSPECIFIED.,.F.,
  .F.,(2,2),(0.13655832737,1.6),.PIECEWISE_BEZIER_KNOTS.);
#3644 = CARTESIAN_POINT('',(4.563693486117,0.13655832737));
#3645 = CARTESIAN_POINT('',(4.563693486117,1.6));
#3646 = ( GEOMETRIC_REPRESENTATION_CONTEXT(2) 
PARAMETRIC_REPRESENTATION_CONTEXT() REPRESENTATION_CONTEXT('2D SPACE',''
  ) );
#3647 = ADVANCED_FACE('',(#3648),#3597,.T.);
#3648 = FACE_BOUND('',#3649,.T.);
#3649 = EDGE_LOOP('',(#3650,#3679,#3702,#3730,#3756,#3757,#3783));
#3650 = ORIENTED_EDGE('',*,*,#3651,.F.);
#3651 = EDGE_CURVE('',#3652,#3652,#3654,.T.);
#3652 = VERTEX_POINT('',#3653);
#3653 = CARTESIAN_POINT('',(17.5,-2.5,-1.4));
#3654 = SURFACE_CURVE('',#3655,(#3660,#3667),.PCURVE_S1.);
#3655 = CIRCLE('',#3656,0.6);
#3656 = AXIS2_PLACEMENT_3D('',#3657,#3658,#3659);
#3657 = CARTESIAN_POINT('',(17.5,-2.5,-0.8));
#3658 = DIRECTION('',(1.,-0.,0.));
#3659 = DIRECTION('',(0.,0.,-1.));
#3660 = PCURVE('',#3597,#3661);
#3661 = DEFINITIONAL_REPRESENTATION('',(#3662),#3666);
#3662 = LINE('',#3663,#3664);
#3663 = CARTESIAN_POINT('',(0.,3.5));
#3664 = VECTOR('',#3665,1.);
#3665 = DIRECTION('',(1.,0.));
#3666 = ( GEOMETRIC_REPRESENTATION_CONTEXT(2) 
PARAMETRIC_REPRESENTATION_CONTEXT() REPRESENTATION_CONTEXT('2D SPACE',''
  ) );
#3667 = PCURVE('',#3668,#3673);
#3668 = PLANE('',#3669);
#3669 = AXIS2_PLACEMENT_3D('',#3670,#3671,#3672);
#3670 = CARTESIAN_POINT('',(17.5,-2.5,-0.8));
#3671 = DIRECTION('',(1.,0.,0.));
#3672 = DIRECTION('',(0.,0.,-1.));
#3673 = DEFINITIONAL_REPRESENTATION('',(#3674),#3678);
#3674 = CIRCLE('',#3675,0.6);
#3675 = AXIS2_PLACEMENT_2D('',#3676,#3677);
#3676 = CARTESIAN_POINT('',(0.,0.));
#3677 = DIRECTION('',(1.,0.));
#3678 = ( GEOMETRIC_REPRESENTATION_CONTEXT(2) 
PARAMETRIC_REPRESENTATION_CONTEXT() REPRESENTATION_CONTEXT('2D SPACE',''
  ) );
#3679 = ORIENTED_EDGE('',*,*,#3680,.F.);
#3680 = EDGE_CURVE('',#3681,#3652,#3683,.T.);
#3681 = VERTEX_POINT('',#3682);
#3682 = CARTESIAN_POINT('',(14.,-2.5,-1.4));
#3683 = SEAM_CURVE('',#3684,(#3688,#3695),.PCURVE_S1.);
#3684 = LINE('',#3685,#3686);
#3685 = CARTESIAN_POINT('',(14.,-2.5,-1.4));
#3686 = VECTOR('',#3687,1.);
#3687 = DIRECTION('',(1.,0.,0.));
#3688 = PCURVE('',#3597,#3689);
#3689 = DEFINITIONAL_REPRESENTATION('',(#3690),#3694);
#3690 = LINE('',#3691,#3692);
#3691 = CARTESIAN_POINT('',(6.28318530718,-0.));
#3692 = VECTOR('',#3693,1.);
#3693 = DIRECTION('',(0.,1.));
#3694 = ( GEOMETRIC_REPRESENTATION_CONTEXT(2) 
PARAMETRIC_REPRESENTATION_CONTEXT() REPRESENTATION_CONTEXT('2D SPACE',''
  ) );
#3695 = PCURVE('',#3597,#3696);
#3696 = DEFINITIONAL_REPRESENTATION('',(#3697),#3701);
#3697 = LINE('',#3698,#3699);
#3698 = CARTESIAN_POINT('',(0.,-0.));
#3699 = VECTOR('',#3700,1.);
#3700 = DIRECTION('',(0.,1.));
#3701 = ( GEOMETRIC_REPRESENTATION_CONTEXT(2) 
PARAMETRIC_REPRESENTATION_CONTEXT() REPRESENTATION_CONTEXT('2D SPACE',''
  ) );
#3702 = ORIENTED_EDGE('',*,*,#3703,.F.);
#3703 = EDGE_CURVE('',#3704,#3681,#3706,.T.);
#3704 = VERTEX_POINT('',#3705);
#3705 = CARTESIAN_POINT('',(14.,-2.847826086957,-0.3111063375));
#3706 = SURFACE_CURVE('',#3707,(#3712,#3719),.PCURVE_S1.);
#3707 = CIRCLE('',#3708,0.6);
#3708 = AXIS2_PLACEMENT_3D('',#3709,#3710,#3711);
#3709 = CARTESIAN_POINT('',(14.,-2.5,-0.8));
#3710 = DIRECTION('',(-1.,0.,0.));
#3711 = DIRECTION('',(0.,0.,-1.));
#3712 = PCURVE('',#3597,#3713);
#3713 = DEFINITIONAL_REPRESENTATION('',(#3714),#3718);
#3714 = LINE('',#3715,#3716);
#3715 = CARTESIAN_POINT('',(6.28318530718,0.));
#3716 = VECTOR('',#3717,1.);
#3717 = DIRECTION('',(-1.,-0.));
#3718 = ( GEOMETRIC_REPRESENTATION_CONTEXT(2) 
PARAMETRIC_REPRESENTATION_CONTEXT() REPRESENTATION_CONTEXT('2D SPACE',''
  ) );
#3719 = PCURVE('',#2601,#3720);
#3720 = DEFINITIONAL_REPRESENTATION('',(#3721),#3729);
#3721 = ( BOUNDED_CURVE() B_SPLINE_CURVE(2,(#3722,#3723,#3724,#3725,
#3726,#3727,#3728),.UNSPECIFIED.,.T.,.F.) B_SPLINE_CURVE_WITH_KNOTS((1,2
    ,2,2,2,1),(-2.094395102393,0.,2.094395102393,4.188790204786,
6.28318530718,8.377580409573),.UNSPECIFIED.) CURVE() 
GEOMETRIC_REPRESENTATION_ITEM() RATIONAL_B_SPLINE_CURVE((1.,0.5,1.,0.5,
1.,0.5,1.)) REPRESENTATION_ITEM('') );
#3722 = CARTESIAN_POINT('',(0.6,0.));
#3723 = CARTESIAN_POINT('',(0.6,-1.039230484541));
#3724 = CARTESIAN_POINT('',(-0.3,-0.519615242271));
#3725 = CARTESIAN_POINT('',(-1.2,-1.469576158977E-16));
#3726 = CARTESIAN_POINT('',(-0.3,0.519615242271));
#3727 = CARTESIAN_POINT('',(0.6,1.039230484541));
#3728 = CARTESIAN_POINT('',(0.6,0.));
#3729 = ( GEOMETRIC_REPRESENTATION_CONTEXT(2) 
PARAMETRIC_REPRESENTATION_CONTEXT() REPRESENTATION_CONTEXT('2D SPACE',''
  ) );
#3730 = ORIENTED_EDGE('',*,*,#3731,.F.);
#3731 = EDGE_CURVE('',#3560,#3704,#3732,.T.);
#3732 = SURFACE_CURVE('',#3733,(#3738,#3749),.PCURVE_S1.);
#3733 = ELLIPSE('',#3734,1.826369349283,0.6);
#3734 = AXIS2_PLACEMENT_3D('',#3735,#3736,#3737);
#3735 = CARTESIAN_POINT('',(13.,-2.5,-0.8));
#3736 = DIRECTION('',(-0.328520624941,-0.944496796706,0.));
#3737 = DIRECTION('',(0.944496796706,-0.328520624941,0.));
#3738 = PCURVE('',#3597,#3739);
#3739 = DEFINITIONAL_REPRESENTATION('',(#3740),#3748);
#3740 = B_SPLINE_CURVE_WITH_KNOTS('',6,(#3741,#3742,#3743,#3744,#3745,
    #3746,#3747),.UNSPECIFIED.,.F.,.F.,(7,7),(0.252680255142,
    0.9524251164),.PIECEWISE_BEZIER_KNOTS.);
#3741 = CARTESIAN_POINT('',(4.459708725243,0.670224068052));
#3742 = CARTESIAN_POINT('',(4.3430845817,0.619929906149));
#3743 = CARTESIAN_POINT('',(4.226460438156,0.542375388252));
#3744 = CARTESIAN_POINT('',(4.109836294614,0.438791195694));
#3745 = CARTESIAN_POINT('',(3.993212151071,0.311523139185));
#3746 = CARTESIAN_POINT('',(3.876588007528,0.163921112568));
#3747 = CARTESIAN_POINT('',(3.759963863984,-2.399999999625E-06));
#3748 = ( GEOMETRIC_REPRESENTATION_CONTEXT(2) 
PARAMETRIC_REPRESENTATION_CONTEXT() REPRESENTATION_CONTEXT('2D SPACE',''
  ) );
#3749 = PCURVE('',#2574,#3750);
#3750 = DEFINITIONAL_REPRESENTATION('',(#3751),#3755);
#3751 = ELLIPSE('',#3752,1.826369349283,0.6);
#3752 = AXIS2_PLACEMENT_2D('',#3753,#3754);
#3753 = CARTESIAN_POINT('',(2.435159132377,0.2));
#3754 = DIRECTION('',(-1.,-0.));
#3755 = ( GEOMETRIC_REPRESENTATION_CONTEXT(2) 
PARAMETRIC_REPRESENTATION_CONTEXT() REPRESENTATION_CONTEXT('2D SPACE',''
  ) );
#3756 = ORIENTED_EDGE('',*,*,#3582,.F.);
#3757 = ORIENTED_EDGE('',*,*,#3758,.F.);
#3758 = EDGE_CURVE('',#3681,#3583,#3759,.T.);
#3759 = SURFACE_CURVE('',#3760,(#3765,#3772),.PCURVE_S1.);
#3760 = CIRCLE('',#3761,0.6);
#3761 = AXIS2_PLACEMENT_3D('',#3762,#3763,#3764);
#3762 = CARTESIAN_POINT('',(14.,-2.5,-0.8));
#3763 = DIRECTION('',(-1.,0.,0.));
#3764 = DIRECTION('',(0.,0.,-1.));
#3765 = PCURVE('',#3597,#3766);
#3766 = DEFINITIONAL_REPRESENTATION('',(#3767),#3771);
#3767 = LINE('',#3768,#3769);
#3768 = CARTESIAN_POINT('',(6.28318530718,0.));
#3769 = VECTOR('',#3770,1.);
#3770 = DIRECTION('',(-1.,-0.));
#3771 = ( GEOMETRIC_REPRESENTATION_CONTEXT(2) 
PARAMETRIC_REPRESENTATION_CONTEXT() REPRESENTATION_CONTEXT('2D SPACE',''
  ) );
#3772 = PCURVE('',#2601,#3773);
#3773 = DEFINITIONAL_REPRESENTATION('',(#3774),#3782);
#3774 = ( BOUNDED_CURVE() B_SPLINE_CURVE(2,(#3775,#3776,#3777,#3778,
#3779,#3780,#3781),.UNSPECIFIED.,.T.,.F.) B_SPLINE_CURVE_WITH_KNOTS((1,2
    ,2,2,2,1),(-2.094395102393,0.,2.094395102393,4.188790204786,
6.28318530718,8.377580409573),.UNSPECIFIED.) CURVE() 
GEOMETRIC_REPRESENTATION_ITEM() RATIONAL_B_SPLINE_CURVE((1.,0.5,1.,0.5,
1.,0.5,1.)) REPRESENTATION_ITEM('') );
#3775 = CARTESIAN_POINT('',(0.6,0.));
#3776 = CARTESIAN_POINT('',(0.6,-1.039230484541));
#3777 = CARTESIAN_POINT('',(-0.3,-0.519615242271));
#3778 = CARTESIAN_POINT('',(-1.2,-1.469576158977E-16));
#3779 = CARTESIAN_POINT('',(-0.3,0.519615242271));
#3780 = CARTESIAN_POINT('',(0.6,1.039230484541));
#3781 = CARTESIAN_POINT('',(0.6,0.));
#3782 = ( GEOMETRIC_REPRESENTATION_CONTEXT(2) 
PARAMETRIC_REPRESENTATION_CONTEXT() REPRESENTATION_CONTEXT('2D SPACE',''
  ) );
#3783 = ORIENTED_EDGE('',*,*,#3680,.T.);
#3784 = ADVANCED_FACE('',(#3785,#3788),#3668,.T.);
#3785 = FACE_BOUND('',#3786,.T.);
#3786 = EDGE_LOOP('',(#3787));
#3787 = ORIENTED_EDGE('',*,*,#3651,.T.);
#3788 = FACE_BOUND('',#3789,.T.);
#3789 = EDGE_LOOP('',(#3790));
#3790 = ORIENTED_EDGE('',*,*,#3791,.F.);
#3791 = EDGE_CURVE('',#3792,#3792,#3794,.T.);
#3792 = VERTEX_POINT('',#3793);
#3793 = CARTESIAN_POINT('',(17.5,-2.5,-1.25));
#3794 = SURFACE_CURVE('',#3795,(#3800,#3807),.PCURVE_S1.);
#3795 = CIRCLE('',#3796,0.45);
#3796 = AXIS2_PLACEMENT_3D('',#3797,#3798,#3799);
#3797 = CARTESIAN_POINT('',(17.5,-2.5,-0.8));
#3798 = DIRECTION('',(1.,-0.,0.));
#3799 = DIRECTION('',(0.,0.,-1.));
#3800 = PCURVE('',#3668,#3801);
#3801 = DEFINITIONAL_REPRESENTATION('',(#3802),#3806);
#3802 = CIRCLE('',#3803,0.45);
#3803 = AXIS2_PLACEMENT_2D('',#3804,#3805);
#3804 = CARTESIAN_POINT('',(0.,0.));
#3805 = DIRECTION('',(1.,0.));
#3806 = ( GEOMETRIC_REPRESENTATION_CONTEXT(2) 
PARAMETRIC_REPRESENTATION_CONTEXT() REPRESENTATION_CONTEXT('2D SPACE',''
  ) );
#3807 = PCURVE('',#3808,#3813);
#3808 = CYLINDRICAL_SURFACE('',#3809,0.45);
#3809 = AXIS2_PLACEMENT_3D('',#3810,#3811,#3812);
#3810 = CARTESIAN_POINT('',(17.5,-2.5,-0.8));
#3811 = DIRECTION('',(1.,0.,0.));
#3812 = DIRECTION('',(0.,0.,-1.));
#3813 = DEFINITIONAL_REPRESENTATION('',(#3814),#3818);
#3814 = LINE('',#3815,#3816);
#3815 = CARTESIAN_POINT('',(0.,0.));
#3816 = VECTOR('',#3817,1.);
#3817 = DIRECTION('',(1.,0.));
#3818 = ( GEOMETRIC_REPRESENTATION_CONTEXT(2) 
PARAMETRIC_REPRESENTATION_CONTEXT() REPRESENTATION_CONTEXT('2D SPACE',''
  ) );
#3819 = ADVANCED_FACE('',(#3820),#3808,.T.);
#3820 = FACE_BOUND('',#3821,.T.);
#3821 = EDGE_LOOP('',(#3822,#3851,#3872,#3873));
#3822 = ORIENTED_EDGE('',*,*,#3823,.F.);
#3823 = EDGE_CURVE('',#3824,#3824,#3826,.T.);
#3824 = VERTEX_POINT('',#3825);
#3825 = CARTESIAN_POINT('',(23.5,-2.5,-1.25));
#3826 = SURFACE_CURVE('',#3827,(#3832,#3839),.PCURVE_S1.);
#3827 = CIRCLE('',#3828,0.45);
#3828 = AXIS2_PLACEMENT_3D('',#3829,#3830,#3831);
#3829 = CARTESIAN_POINT('',(23.5,-2.5,-0.8));
#3830 = DIRECTION('',(1.,-0.,0.));
#3831 = DIRECTION('',(0.,0.,-1.));
#3832 = PCURVE('',#3808,#3833);
#3833 = DEFINITIONAL_REPRESENTATION('',(#3834),#3838);
#3834 = LINE('',#3835,#3836);
#3835 = CARTESIAN_POINT('',(0.,6.));
#3836 = VECTOR('',#3837,1.);
#3837 = DIRECTION('',(1.,0.));
#3838 = ( GEOMETRIC_REPRESENTATION_CONTEXT(2) 
PARAMETRIC_REPRESENTATION_CONTEXT() REPRESENTATION_CONTEXT('2D SPACE',''
  ) );
#3839 = PCURVE('',#3840,#3845);
#3840 = PLANE('',#3841);
#3841 = AXIS2_PLACEMENT_3D('',#3842,#3843,#3844);
#3842 = CARTESIAN_POINT('',(23.5,-2.5,-0.8));
#3843 = DIRECTION('',(1.,0.,0.));
#3844 = DIRECTION('',(0.,0.,-1.));
#3845 = DEFINITIONAL_REPRESENTATION('',(#3846),#3850);
#3846 = CIRCLE('',#3847,0.45);
#3847 = AXIS2_PLACEMENT_2D('',#3848,#3849);
#3848 = CARTESIAN_POINT('',(0.,0.));
#3849 = DIRECTION('',(1.,0.));
#3850 = ( GEOMETRIC_REPRESENTATION_CONTEXT(2) 
PARAMETRIC_REPRESENTATION_CONTEXT() REPRESENTATION_CONTEXT('2D SPACE',''
  ) );
#3851 = ORIENTED_EDGE('',*,*,#3852,.F.);
#3852 = EDGE_CURVE('',#3792,#3824,#3853,.T.);
#3853 = SEAM_CURVE('',#3854,(#3858,#3865),.PCURVE_S1.);
#3854 = LINE('',#3855,#3856);
#3855 = CARTESIAN_POINT('',(17.5,-2.5,-1.25));
#3856 = VECTOR('',#3857,1.);
#3857 = DIRECTION('',(1.,0.,0.));
#3858 = PCURVE('',#3808,#3859);
#3859 = DEFINITIONAL_REPRESENTATION('',(#3860),#3864);
#3860 = LINE('',#3861,#3862);
#3861 = CARTESIAN_POINT('',(6.28318530718,-0.));
#3862 = VECTOR('',#3863,1.);
#3863 = DIRECTION('',(0.,1.));
#3864 = ( GEOMETRIC_REPRESENTATION_CONTEXT(2) 
PARAMETRIC_REPRESENTATION_CONTEXT() REPRESENTATION_CONTEXT('2D SPACE',''
  ) );
#3865 = PCURVE('',#3808,#3866);
#3866 = DEFINITIONAL_REPRESENTATION('',(#3867),#3871);
#3867 = LINE('',#3868,#3869);
#3868 = CARTESIAN_POINT('',(0.,-0.));
#3869 = VECTOR('',#3870,1.);
#3870 = DIRECTION('',(0.,1.));
#3871 = ( GEOMETRIC_REPRESENTATION_CONTEXT(2) 
PARAMETRIC_REPRESENTATION_CONTEXT() REPRESENTATION_CONTEXT('2D SPACE',''
  ) );
#3872 = ORIENTED_EDGE('',*,*,#3791,.T.);
#3873 = ORIENTED_EDGE('',*,*,#3852,.T.);
#3874 = ADVANCED_FACE('',(#3875),#3840,.T.);
#3875 = FACE_BOUND('',#3876,.T.);
#3876 = EDGE_LOOP('',(#3877));
#3877 = ORIENTED_EDGE('',*,*,#3823,.T.);
#3878 = ADVANCED_FACE('',(#3879),#2546,.F.);
#3879 = FACE_BOUND('',#3880,.F.);
#3880 = EDGE_LOOP('',(#3881,#3882,#3883,#3904));
#3881 = ORIENTED_EDGE('',*,*,#2757,.T.);
#3882 = ORIENTED_EDGE('',*,*,#2530,.T.);
#3883 = ORIENTED_EDGE('',*,*,#3884,.F.);
#3884 = EDGE_CURVE('',#3537,#2531,#3885,.T.);
#3885 = SURFACE_CURVE('',#3886,(#3890,#3897),.PCURVE_S1.);
#3886 = LINE('',#3887,#3888);
#3887 = CARTESIAN_POINT('',(15.3,-3.3,-0.6));
#3888 = VECTOR('',#3889,1.);
#3889 = DIRECTION('',(0.,0.,1.));
#3890 = PCURVE('',#2546,#3891);
#3891 = DEFINITIONAL_REPRESENTATION('',(#3892),#3896);
#3892 = LINE('',#3893,#3894);
#3893 = CARTESIAN_POINT('',(1.081665382639,0.));
#3894 = VECTOR('',#3895,1.);
#3895 = DIRECTION('',(0.,-1.));
#3896 = ( GEOMETRIC_REPRESENTATION_CONTEXT(2) 
PARAMETRIC_REPRESENTATION_CONTEXT() REPRESENTATION_CONTEXT('2D SPACE',''
  ) );
#3897 = PCURVE('',#2574,#3898);
#3898 = DEFINITIONAL_REPRESENTATION('',(#3899),#3903);
#3899 = LINE('',#3900,#3901);
#3900 = CARTESIAN_POINT('',(0.,0.));
#3901 = VECTOR('',#3902,1.);
#3902 = DIRECTION('',(0.,-1.));
#3903 = ( GEOMETRIC_REPRESENTATION_CONTEXT(2) 
PARAMETRIC_REPRESENTATION_CONTEXT() REPRESENTATION_CONTEXT('2D SPACE',''
  ) );
#3904 = ORIENTED_EDGE('',*,*,#3536,.F.);
#3905 = ADVANCED_FACE('',(#3906),#2574,.F.);
#3906 = FACE_BOUND('',#3907,.F.);
#3907 = EDGE_LOOP('',(#3908,#3909,#3910,#3911,#3930));
#3908 = ORIENTED_EDGE('',*,*,#3559,.F.);
#3909 = ORIENTED_EDGE('',*,*,#3884,.T.);
#3910 = ORIENTED_EDGE('',*,*,#2558,.T.);
#3911 = ORIENTED_EDGE('',*,*,#3912,.T.);
#3912 = EDGE_CURVE('',#2559,#3704,#3913,.T.);
#3913 = SURFACE_CURVE('',#3914,(#3918,#3924),.PCURVE_S1.);
#3914 = LINE('',#3915,#3916);
#3915 = CARTESIAN_POINT('',(14.,-2.847826086957,-0.7));
#3916 = VECTOR('',#3917,1.);
#3917 = DIRECTION('',(0.,-0.,-1.));
#3918 = PCURVE('',#2574,#3919);
#3919 = DEFINITIONAL_REPRESENTATION('',(#3920),#3923);
#3920 = B_SPLINE_CURVE_WITH_KNOTS('',1,(#3921,#3922),.UNSPECIFIED.,.F.,
  .F.,(2,2),(-0.6,-1.E-01),.PIECEWISE_BEZIER_KNOTS.);
#3921 = CARTESIAN_POINT('',(1.376394292213,-0.5));
#3922 = CARTESIAN_POINT('',(1.376394292213,0.));
#3923 = ( GEOMETRIC_REPRESENTATION_CONTEXT(2) 
PARAMETRIC_REPRESENTATION_CONTEXT() REPRESENTATION_CONTEXT('2D SPACE',''
  ) );
#3924 = PCURVE('',#2601,#3925);
#3925 = DEFINITIONAL_REPRESENTATION('',(#3926),#3929);
#3926 = B_SPLINE_CURVE_WITH_KNOTS('',1,(#3927,#3928),.UNSPECIFIED.,.F.,
  .F.,(2,2),(-0.6,-1.E-01),.PIECEWISE_BEZIER_KNOTS.);
#3927 = CARTESIAN_POINT('',(-0.7,-0.347826086957));
#3928 = CARTESIAN_POINT('',(-0.2,-0.347826086957));
#3929 = ( GEOMETRIC_REPRESENTATION_CONTEXT(2) 
PARAMETRIC_REPRESENTATION_CONTEXT() REPRESENTATION_CONTEXT('2D SPACE',''
  ) );
#3930 = ORIENTED_EDGE('',*,*,#3731,.F.);
#3931 = ADVANCED_FACE('',(#3932),#2601,.T.);
#3932 = FACE_BOUND('',#3933,.T.);
#3933 = EDGE_LOOP('',(#3934,#3935,#3961,#3962,#3963,#3964));
#3934 = ORIENTED_EDGE('',*,*,#3608,.T.);
#3935 = ORIENTED_EDGE('',*,*,#3936,.F.);
#3936 = EDGE_CURVE('',#2587,#3609,#3937,.T.);
#3937 = SURFACE_CURVE('',#3938,(#3943,#3954),.PCURVE_S1.);
#3938 = CIRCLE('',#3939,1.35);
#3939 = AXIS2_PLACEMENT_3D('',#3940,#3941,#3942);
#3940 = CARTESIAN_POINT('',(14.,-2.5,-0.8));
#3941 = DIRECTION('',(-1.,0.,0.));
#3942 = DIRECTION('',(0.,-0.855066398564,0.518518518519));
#3943 = PCURVE('',#2601,#3944);
#3944 = DEFINITIONAL_REPRESENTATION('',(#3945),#3953);
#3945 = ( BOUNDED_CURVE() B_SPLINE_CURVE(2,(#3946,#3947,#3948,#3949,
#3950,#3951,#3952),.UNSPECIFIED.,.T.,.F.) B_SPLINE_CURVE_WITH_KNOTS((1,2
    ,2,2,2,1),(-2.094395102393,0.,2.094395102393,4.188790204786,
6.28318530718,8.377580409573),.UNSPECIFIED.) CURVE() 
GEOMETRIC_REPRESENTATION_ITEM() RATIONAL_B_SPLINE_CURVE((1.,0.5,1.,0.5,
1.,0.5,1.)) REPRESENTATION_ITEM('') );
#3946 = CARTESIAN_POINT('',(-0.7,-1.154339638062));
#3947 = CARTESIAN_POINT('',(-2.699374902313,5.809592723669E-02));
#3948 = CARTESIAN_POINT('',(-0.649687451157,1.18338760168));
#3949 = CARTESIAN_POINT('',(1.4,2.308679276123));
#3950 = CARTESIAN_POINT('',(1.349687451157,-2.904796361835E-02));
#3951 = CARTESIAN_POINT('',(1.299374902313,-2.36677520336));
#3952 = CARTESIAN_POINT('',(-0.7,-1.154339638062));
#3953 = ( GEOMETRIC_REPRESENTATION_CONTEXT(2) 
PARAMETRIC_REPRESENTATION_CONTEXT() REPRESENTATION_CONTEXT('2D SPACE',''
  ) );
#3954 = PCURVE('',#446,#3955);
#3955 = DEFINITIONAL_REPRESENTATION('',(#3956),#3960);
#3956 = LINE('',#3957,#3958);
#3957 = CARTESIAN_POINT('',(10.450456841202,1.6));
#3958 = VECTOR('',#3959,1.);
#3959 = DIRECTION('',(-1.,-0.));
#3960 = ( GEOMETRIC_REPRESENTATION_CONTEXT(2) 
PARAMETRIC_REPRESENTATION_CONTEXT() REPRESENTATION_CONTEXT('2D SPACE',''
  ) );
#3961 = ORIENTED_EDGE('',*,*,#2586,.F.);
#3962 = ORIENTED_EDGE('',*,*,#3912,.T.);
#3963 = ORIENTED_EDGE('',*,*,#3703,.T.);
#3964 = ORIENTED_EDGE('',*,*,#3758,.T.);
#3965 = ADVANCED_FACE('',(#3966),#1533,.F.);
#3966 = FACE_BOUND('',#3967,.F.);
#3967 = EDGE_LOOP('',(#3968,#3991,#4010,#4011,#4012,#4013));
#3968 = ORIENTED_EDGE('',*,*,#3969,.F.);
#3969 = EDGE_CURVE('',#3970,#1493,#3972,.T.);
#3970 = VERTEX_POINT('',#3971);
#3971 = CARTESIAN_POINT('',(11.9,-2.925,-1.225));
#3972 = SURFACE_CURVE('',#3973,(#3977,#3984),.PCURVE_S1.);
#3973 = LINE('',#3974,#3975);
#3974 = CARTESIAN_POINT('',(11.,-2.925,-1.225));
#3975 = VECTOR('',#3976,1.);
#3976 = DIRECTION('',(1.,0.,0.));
#3977 = PCURVE('',#1533,#3978);
#3978 = DEFINITIONAL_REPRESENTATION('',(#3979),#3983);
#3979 = LINE('',#3980,#3981);
#3980 = CARTESIAN_POINT('',(0.,0.));
#3981 = VECTOR('',#3982,1.);
#3982 = DIRECTION('',(0.,1.));
#3983 = ( GEOMETRIC_REPRESENTATION_CONTEXT(2) 
PARAMETRIC_REPRESENTATION_CONTEXT() REPRESENTATION_CONTEXT('2D SPACE',''
  ) );
#3984 = PCURVE('',#1507,#3985);
#3985 = DEFINITIONAL_REPRESENTATION('',(#3986),#3990);
#3986 = LINE('',#3987,#3988);
#3987 = CARTESIAN_POINT('',(0.,0.));
#3988 = VECTOR('',#3989,1.);
#3989 = DIRECTION('',(1.,0.));
#3990 = ( GEOMETRIC_REPRESENTATION_CONTEXT(2) 
PARAMETRIC_REPRESENTATION_CONTEXT() REPRESENTATION_CONTEXT('2D SPACE',''
  ) );
#3991 = ORIENTED_EDGE('',*,*,#3992,.F.);
#3992 = EDGE_CURVE('',#1897,#3970,#3993,.T.);
#3993 = SURFACE_CURVE('',#3994,(#3998,#4004),.PCURVE_S1.);
#3994 = LINE('',#3995,#3996);
#3995 = CARTESIAN_POINT('',(11.9,-2.925,-1.0125));
#3996 = VECTOR('',#3997,1.);
#3997 = DIRECTION('',(0.,0.,-1.));
#3998 = PCURVE('',#1533,#3999);
#3999 = DEFINITIONAL_REPRESENTATION('',(#4000),#4003);
#4000 = B_SPLINE_CURVE_WITH_KNOTS('',1,(#4001,#4002),.UNSPECIFIED.,.F.,
  .F.,(2,2),(-0.6375,0.2125),.PIECEWISE_BEZIER_KNOTS.);
#4001 = CARTESIAN_POINT('',(0.85,0.9));
#4002 = CARTESIAN_POINT('',(0.,0.9));
#4003 = ( GEOMETRIC_REPRESENTATION_CONTEXT(2) 
PARAMETRIC_REPRESENTATION_CONTEXT() REPRESENTATION_CONTEXT('2D SPACE',''
  ) );
#4004 = PCURVE('',#1204,#4005);
#4005 = DEFINITIONAL_REPRESENTATION('',(#4006),#4009);
#4006 = B_SPLINE_CURVE_WITH_KNOTS('',1,(#4007,#4008),.UNSPECIFIED.,.F.,
  .F.,(2,2),(-0.6375,0.2125),.PIECEWISE_BEZIER_KNOTS.);
#4007 = CARTESIAN_POINT('',(-0.425,-0.425));
#4008 = CARTESIAN_POINT('',(0.425,-0.425));
#4009 = ( GEOMETRIC_REPRESENTATION_CONTEXT(2) 
PARAMETRIC_REPRESENTATION_CONTEXT() REPRESENTATION_CONTEXT('2D SPACE',''
  ) );
#4010 = ORIENTED_EDGE('',*,*,#1917,.T.);
#4011 = ORIENTED_EDGE('',*,*,#1742,.T.);
#4012 = ORIENTED_EDGE('',*,*,#1670,.T.);
#4013 = ORIENTED_EDGE('',*,*,#1518,.T.);
#4014 = ADVANCED_FACE('',(#4015),#1507,.F.);
#4015 = FACE_BOUND('',#4016,.F.);
#4016 = EDGE_LOOP('',(#4017,#4041,#4060,#4061));
#4017 = ORIENTED_EDGE('',*,*,#4018,.F.);
#4018 = EDGE_CURVE('',#4019,#1467,#4021,.T.);
#4019 = VERTEX_POINT('',#4020);
#4020 = CARTESIAN_POINT('',(11.9,-2.646291201784,-1.225));
#4021 = SURFACE_CURVE('',#4022,(#4027,#4034),.PCURVE_S1.);
#4022 = CIRCLE('',#4023,1.35);
#4023 = AXIS2_PLACEMENT_3D('',#4024,#4025,#4026);
#4024 = CARTESIAN_POINT('',(12.,-1.3,-1.225));
#4025 = DIRECTION('',(0.,0.,1.));
#4026 = DIRECTION('',(1.,0.,-0.));
#4027 = PCURVE('',#1507,#4028);
#4028 = DEFINITIONAL_REPRESENTATION('',(#4029),#4033);
#4029 = CIRCLE('',#4030,1.35);
#4030 = AXIS2_PLACEMENT_2D('',#4031,#4032);
#4031 = CARTESIAN_POINT('',(1.,1.625));
#4032 = DIRECTION('',(1.,0.));
#4033 = ( GEOMETRIC_REPRESENTATION_CONTEXT(2) 
PARAMETRIC_REPRESENTATION_CONTEXT() REPRESENTATION_CONTEXT('2D SPACE',''
  ) );
#4034 = PCURVE('',#1481,#4035);
#4035 = DEFINITIONAL_REPRESENTATION('',(#4036),#4040);
#4036 = LINE('',#4037,#4038);
#4037 = CARTESIAN_POINT('',(0.,0.175));
#4038 = VECTOR('',#4039,1.);
#4039 = DIRECTION('',(1.,0.));
#4040 = ( GEOMETRIC_REPRESENTATION_CONTEXT(2) 
PARAMETRIC_REPRESENTATION_CONTEXT() REPRESENTATION_CONTEXT('2D SPACE',''
  ) );
#4041 = ORIENTED_EDGE('',*,*,#4042,.F.);
#4042 = EDGE_CURVE('',#3970,#4019,#4043,.T.);
#4043 = SURFACE_CURVE('',#4044,(#4048,#4054),.PCURVE_S1.);
#4044 = LINE('',#4045,#4046);
#4045 = CARTESIAN_POINT('',(11.9,-2.7125,-1.225));
#4046 = VECTOR('',#4047,1.);
#4047 = DIRECTION('',(0.,1.,0.));
#4048 = PCURVE('',#1507,#4049);
#4049 = DEFINITIONAL_REPRESENTATION('',(#4050),#4053);
#4050 = B_SPLINE_CURVE_WITH_KNOTS('',1,(#4051,#4052),.UNSPECIFIED.,.F.,
  .F.,(2,2),(-0.2125,0.6375),.PIECEWISE_BEZIER_KNOTS.);
#4051 = CARTESIAN_POINT('',(0.9,0.));
#4052 = CARTESIAN_POINT('',(0.9,0.85));
#4053 = ( GEOMETRIC_REPRESENTATION_CONTEXT(2) 
PARAMETRIC_REPRESENTATION_CONTEXT() REPRESENTATION_CONTEXT('2D SPACE',''
  ) );
#4054 = PCURVE('',#1204,#4055);
#4055 = DEFINITIONAL_REPRESENTATION('',(#4056),#4059);
#4056 = B_SPLINE_CURVE_WITH_KNOTS('',1,(#4057,#4058),.UNSPECIFIED.,.F.,
  .F.,(2,2),(-0.2125,0.6375),.PIECEWISE_BEZIER_KNOTS.);
#4057 = CARTESIAN_POINT('',(0.425,-0.425));
#4058 = CARTESIAN_POINT('',(0.425,0.425));
#4059 = ( GEOMETRIC_REPRESENTATION_CONTEXT(2) 
PARAMETRIC_REPRESENTATION_CONTEXT() REPRESENTATION_CONTEXT('2D SPACE',''
  ) );
#4060 = ORIENTED_EDGE('',*,*,#3969,.T.);
#4061 = ORIENTED_EDGE('',*,*,#1492,.T.);
#4062 = ADVANCED_FACE('',(#4063),#1481,.T.);
#4063 = FACE_BOUND('',#4064,.T.);
#4064 = EDGE_LOOP('',(#4065,#4089,#4090,#4091));
#4065 = ORIENTED_EDGE('',*,*,#4066,.T.);
#4066 = EDGE_CURVE('',#4067,#1446,#4069,.T.);
#4067 = VERTEX_POINT('',#4068);
#4068 = CARTESIAN_POINT('',(11.9,-2.646291201784,-1.4));
#4069 = SURFACE_CURVE('',#4070,(#4075,#4082),.PCURVE_S1.);
#4070 = CIRCLE('',#4071,1.35);
#4071 = AXIS2_PLACEMENT_3D('',#4072,#4073,#4074);
#4072 = CARTESIAN_POINT('',(12.,-1.3,-1.4));
#4073 = DIRECTION('',(0.,0.,1.));
#4074 = DIRECTION('',(1.,0.,0.));
#4075 = PCURVE('',#1481,#4076);
#4076 = DEFINITIONAL_REPRESENTATION('',(#4077),#4081);
#4077 = LINE('',#4078,#4079);
#4078 = CARTESIAN_POINT('',(0.,0.));
#4079 = VECTOR('',#4080,1.);
#4080 = DIRECTION('',(1.,0.));
#4081 = ( GEOMETRIC_REPRESENTATION_CONTEXT(2) 
PARAMETRIC_REPRESENTATION_CONTEXT() REPRESENTATION_CONTEXT('2D SPACE',''
  ) );
#4082 = PCURVE('',#1177,#4083);
#4083 = DEFINITIONAL_REPRESENTATION('',(#4084),#4088);
#4084 = CIRCLE('',#4085,1.35);
#4085 = AXIS2_PLACEMENT_2D('',#4086,#4087);
#4086 = CARTESIAN_POINT('',(0.,0.));
#4087 = DIRECTION('',(1.,0.));
#4088 = ( GEOMETRIC_REPRESENTATION_CONTEXT(2) 
PARAMETRIC_REPRESENTATION_CONTEXT() REPRESENTATION_CONTEXT('2D SPACE',''
  ) );
#4089 = ORIENTED_EDGE('',*,*,#1466,.T.);
#4090 = ORIENTED_EDGE('',*,*,#4018,.F.);
#4091 = ORIENTED_EDGE('',*,*,#4092,.F.);
#4092 = EDGE_CURVE('',#4067,#4019,#4093,.T.);
#4093 = SURFACE_CURVE('',#4094,(#4098,#4104),.PCURVE_S1.);
#4094 = LINE('',#4095,#4096);
#4095 = CARTESIAN_POINT('',(11.9,-2.646291201784,-1.4));
#4096 = VECTOR('',#4097,1.);
#4097 = DIRECTION('',(0.,0.,1.));
#4098 = PCURVE('',#1481,#4099);
#4099 = DEFINITIONAL_REPRESENTATION('',(#4100),#4103);
#4100 = B_SPLINE_CURVE_WITH_KNOTS('',1,(#4101,#4102),.UNSPECIFIED.,.F.,
  .F.,(2,2),(-2.400000000069E-06,1.6000024),.PIECEWISE_BEZIER_KNOTS.);
#4101 = CARTESIAN_POINT('',(4.638246998151,-2.400000000069E-06));
#4102 = CARTESIAN_POINT('',(4.638246998151,1.6000024));
#4103 = ( GEOMETRIC_REPRESENTATION_CONTEXT(2) 
PARAMETRIC_REPRESENTATION_CONTEXT() REPRESENTATION_CONTEXT('2D SPACE',''
  ) );
#4104 = PCURVE('',#1204,#4105);
#4105 = DEFINITIONAL_REPRESENTATION('',(#4106),#4109);
#4106 = B_SPLINE_CURVE_WITH_KNOTS('',1,(#4107,#4108),.UNSPECIFIED.,.F.,
  .F.,(2,2),(-2.400000000069E-06,1.6000024),.PIECEWISE_BEZIER_KNOTS.);
#4107 = CARTESIAN_POINT('',(0.6000024,-0.146291201784));
#4108 = CARTESIAN_POINT('',(-1.0000024,-0.146291201784));
#4109 = ( GEOMETRIC_REPRESENTATION_CONTEXT(2) 
PARAMETRIC_REPRESENTATION_CONTEXT() REPRESENTATION_CONTEXT('2D SPACE',''
  ) );
#4110 = ADVANCED_FACE('',(#4111,#4199),#1407,.F.);
#4111 = FACE_BOUND('',#4112,.F.);
#4112 = EDGE_LOOP('',(#4113,#4137,#4138,#4157,#4158,#4159,#4180));
#4113 = ORIENTED_EDGE('',*,*,#4114,.T.);
#4114 = EDGE_CURVE('',#4115,#3208,#4117,.T.);
#4115 = VERTEX_POINT('',#4116);
#4116 = CARTESIAN_POINT('',(10.647458187738,-3.653256259467,-1.4));
#4117 = SURFACE_CURVE('',#4118,(#4123,#4130),.PCURVE_S1.);
#4118 = CIRCLE('',#4119,1.35);
#4119 = AXIS2_PLACEMENT_3D('',#4120,#4121,#4122);
#4120 = CARTESIAN_POINT('',(11.5,-4.7,-1.4));
#4121 = DIRECTION('',(0.,0.,1.));
#4122 = DIRECTION('',(1.,0.,0.));
#4123 = PCURVE('',#1407,#4124);
#4124 = DEFINITIONAL_REPRESENTATION('',(#4125),#4129);
#4125 = CIRCLE('',#4126,1.35);
#4126 = AXIS2_PLACEMENT_2D('',#4127,#4128);
#4127 = CARTESIAN_POINT('',(0.,0.));
#4128 = DIRECTION('',(1.,0.));
#4129 = ( GEOMETRIC_REPRESENTATION_CONTEXT(2) 
PARAMETRIC_REPRESENTATION_CONTEXT() REPRESENTATION_CONTEXT('2D SPACE',''
  ) );
#4130 = PCURVE('',#296,#4131);
#4131 = DEFINITIONAL_REPRESENTATION('',(#4132),#4136);
#4132 = LINE('',#4133,#4134);
#4133 = CARTESIAN_POINT('',(0.,0.));
#4134 = VECTOR('',#4135,1.);
#4135 = DIRECTION('',(1.,0.));
#4136 = ( GEOMETRIC_REPRESENTATION_CONTEXT(2) 
PARAMETRIC_REPRESENTATION_CONTEXT() REPRESENTATION_CONTEXT('2D SPACE',''
  ) );
#4137 = ORIENTED_EDGE('',*,*,#3230,.T.);
#4138 = ORIENTED_EDGE('',*,*,#4139,.F.);
#4139 = EDGE_CURVE('',#1393,#3231,#4140,.T.);
#4140 = SURFACE_CURVE('',#4141,(#4145,#4151),.PCURVE_S1.);
#4141 = LINE('',#4142,#4143);
#4142 = CARTESIAN_POINT('',(12.4,-3.709338662245,-1.4));
#4143 = VECTOR('',#4144,1.);
#4144 = DIRECTION('',(1.,0.,0.));
#4145 = PCURVE('',#1407,#4146);
#4146 = DEFINITIONAL_REPRESENTATION('',(#4147),#4150);
#4147 = B_SPLINE_CURVE_WITH_KNOTS('',1,(#4148,#4149),.UNSPECIFIED.,.F.,
  .F.,(2,2),(-2.400000031599E-06,0.72),.PIECEWISE_BEZIER_KNOTS.);
#4148 = CARTESIAN_POINT('',(0.8999976,0.990661337755));
#4149 = CARTESIAN_POINT('',(1.62,0.990661337755));
#4150 = ( GEOMETRIC_REPRESENTATION_CONTEXT(2) 
PARAMETRIC_REPRESENTATION_CONTEXT() REPRESENTATION_CONTEXT('2D SPACE',''
  ) );
#4151 = PCURVE('',#446,#4152);
#4152 = DEFINITIONAL_REPRESENTATION('',(#4153),#4156);
#4153 = B_SPLINE_CURVE_WITH_KNOTS('',1,(#4154,#4155),.UNSPECIFIED.,.F.,
  .F.,(2,2),(0.,1.71096520466E-02),.PIECEWISE_BEZIER_KNOTS.);
#4154 = CARTESIAN_POINT('',(5.172942972066,0.));
#4155 = CARTESIAN_POINT('',(5.172942972066,1.71096520466E-02));
#4156 = ( GEOMETRIC_REPRESENTATION_CONTEXT(2) 
PARAMETRIC_REPRESENTATION_CONTEXT() REPRESENTATION_CONTEXT('2D SPACE',''
  ) );
#4157 = ORIENTED_EDGE('',*,*,#1390,.F.);
#4158 = ORIENTED_EDGE('',*,*,#1598,.T.);
#4159 = ORIENTED_EDGE('',*,*,#4160,.T.);
#4160 = EDGE_CURVE('',#1599,#4161,#4163,.T.);
#4161 = VERTEX_POINT('',#4162);
#4162 = CARTESIAN_POINT('',(11.9,-3.653256259467,-1.4));
#4163 = SURFACE_CURVE('',#4164,(#4168,#4174),.PCURVE_S1.);
#4164 = LINE('',#4165,#4166);
#4165 = CARTESIAN_POINT('',(11.9,-3.6,-1.4));
#4166 = VECTOR('',#4167,1.);
#4167 = DIRECTION('',(0.,-1.,0.));
#4168 = PCURVE('',#1407,#4169);
#4169 = DEFINITIONAL_REPRESENTATION('',(#4170),#4173);
#4170 = B_SPLINE_CURVE_WITH_KNOTS('',1,(#4171,#4172),.UNSPECIFIED.,.F.,
  .F.,(2,2),(-0.25,0.2),.PIECEWISE_BEZIER_KNOTS.);
#4171 = CARTESIAN_POINT('',(0.4,1.35));
#4172 = CARTESIAN_POINT('',(0.4,0.9));
#4173 = ( GEOMETRIC_REPRESENTATION_CONTEXT(2) 
PARAMETRIC_REPRESENTATION_CONTEXT() REPRESENTATION_CONTEXT('2D SPACE',''
  ) );
#4174 = PCURVE('',#1204,#4175);
#4175 = DEFINITIONAL_REPRESENTATION('',(#4176),#4179);
#4176 = B_SPLINE_CURVE_WITH_KNOTS('',1,(#4177,#4178),.UNSPECIFIED.,.F.,
  .F.,(2,2),(-0.25,0.2),.PIECEWISE_BEZIER_KNOTS.);
#4177 = CARTESIAN_POINT('',(0.6,-0.85));
#4178 = CARTESIAN_POINT('',(0.6,-1.3));
#4179 = ( GEOMETRIC_REPRESENTATION_CONTEXT(2) 
PARAMETRIC_REPRESENTATION_CONTEXT() REPRESENTATION_CONTEXT('2D SPACE',''
  ) );
#4180 = ORIENTED_EDGE('',*,*,#4181,.F.);
#4181 = EDGE_CURVE('',#4115,#4161,#4182,.T.);
#4182 = SURFACE_CURVE('',#4183,(#4187,#4193),.PCURVE_S1.);
#4183 = LINE('',#4184,#4185);
#4184 = CARTESIAN_POINT('',(10.5,-3.653256259467,-1.4));
#4185 = VECTOR('',#4186,1.);
#4186 = DIRECTION('',(1.,0.,0.));
#4187 = PCURVE('',#1407,#4188);
#4188 = DEFINITIONAL_REPRESENTATION('',(#4189),#4192);
#4189 = B_SPLINE_CURVE_WITH_KNOTS('',1,(#4190,#4191),.UNSPECIFIED.,.F.,
  .F.,(2,2),(-2.399999999625E-06,1.4000024),.PIECEWISE_BEZIER_KNOTS.);
#4190 = CARTESIAN_POINT('',(-1.0000024,1.046743740533));
#4191 = CARTESIAN_POINT('',(0.4000024,1.046743740533));
#4192 = ( GEOMETRIC_REPRESENTATION_CONTEXT(2) 
PARAMETRIC_REPRESENTATION_CONTEXT() REPRESENTATION_CONTEXT('2D SPACE',''
  ) );
#4193 = PCURVE('',#154,#4194);
#4194 = DEFINITIONAL_REPRESENTATION('',(#4195),#4198);
#4195 = B_SPLINE_CURVE_WITH_KNOTS('',1,(#4196,#4197),.UNSPECIFIED.,.F.,
  .F.,(2,2),(-2.399999999625E-06,1.4000024),.PIECEWISE_BEZIER_KNOTS.);
#4196 = CARTESIAN_POINT('',(5.19211761806,-2.399999999625E-06));
#4197 = CARTESIAN_POINT('',(5.19211761806,1.4000024));
#4198 = ( GEOMETRIC_REPRESENTATION_CONTEXT(2) 
PARAMETRIC_REPRESENTATION_CONTEXT() REPRESENTATION_CONTEXT('2D SPACE',''
  ) );
#4199 = FACE_BOUND('',#4200,.F.);
#4200 = EDGE_LOOP('',(#4201));
#4201 = ORIENTED_EDGE('',*,*,#4202,.F.);
#4202 = EDGE_CURVE('',#4203,#4203,#4205,.T.);
#4203 = VERTEX_POINT('',#4204);
#4204 = CARTESIAN_POINT('',(12.1,-4.7,-1.4));
#4205 = SURFACE_CURVE('',#4206,(#4211,#4218),.PCURVE_S1.);
#4206 = CIRCLE('',#4207,0.6);
#4207 = AXIS2_PLACEMENT_3D('',#4208,#4209,#4210);
#4208 = CARTESIAN_POINT('',(11.5,-4.7,-1.4));
#4209 = DIRECTION('',(0.,0.,1.));
#4210 = DIRECTION('',(1.,0.,0.));
#4211 = PCURVE('',#1407,#4212);
#4212 = DEFINITIONAL_REPRESENTATION('',(#4213),#4217);
#4213 = CIRCLE('',#4214,0.6);
#4214 = AXIS2_PLACEMENT_2D('',#4215,#4216);
#4215 = CARTESIAN_POINT('',(0.,0.));
#4216 = DIRECTION('',(1.,0.));
#4217 = ( GEOMETRIC_REPRESENTATION_CONTEXT(2) 
PARAMETRIC_REPRESENTATION_CONTEXT() REPRESENTATION_CONTEXT('2D SPACE',''
  ) );
#4218 = PCURVE('',#4219,#4224);
#4219 = CYLINDRICAL_SURFACE('',#4220,0.6);
#4220 = AXIS2_PLACEMENT_3D('',#4221,#4222,#4223);
#4221 = CARTESIAN_POINT('',(11.5,-4.7,-2.35));
#4222 = DIRECTION('',(0.,0.,1.));
#4223 = DIRECTION('',(1.,0.,0.));
#4224 = DEFINITIONAL_REPRESENTATION('',(#4225),#4229);
#4225 = LINE('',#4226,#4227);
#4226 = CARTESIAN_POINT('',(0.,0.95));
#4227 = VECTOR('',#4228,1.);
#4228 = DIRECTION('',(1.,0.));
#4229 = ( GEOMETRIC_REPRESENTATION_CONTEXT(2) 
PARAMETRIC_REPRESENTATION_CONTEXT() REPRESENTATION_CONTEXT('2D SPACE',''
  ) );
#4230 = ADVANCED_FACE('',(#4231),#4219,.T.);
#4231 = FACE_BOUND('',#4232,.T.);
#4232 = EDGE_LOOP('',(#4233,#4234,#4257,#4284));
#4233 = ORIENTED_EDGE('',*,*,#4202,.F.);
#4234 = ORIENTED_EDGE('',*,*,#4235,.F.);
#4235 = EDGE_CURVE('',#4236,#4203,#4238,.T.);
#4236 = VERTEX_POINT('',#4237);
#4237 = CARTESIAN_POINT('',(12.1,-4.7,-2.35));
#4238 = SEAM_CURVE('',#4239,(#4243,#4250),.PCURVE_S1.);
#4239 = LINE('',#4240,#4241);
#4240 = CARTESIAN_POINT('',(12.1,-4.7,-2.35));
#4241 = VECTOR('',#4242,1.);
#4242 = DIRECTION('',(0.,0.,1.));
#4243 = PCURVE('',#4219,#4244);
#4244 = DEFINITIONAL_REPRESENTATION('',(#4245),#4249);
#4245 = LINE('',#4246,#4247);
#4246 = CARTESIAN_POINT('',(6.28318530718,-0.));
#4247 = VECTOR('',#4248,1.);
#4248 = DIRECTION('',(0.,1.));
#4249 = ( GEOMETRIC_REPRESENTATION_CONTEXT(2) 
PARAMETRIC_REPRESENTATION_CONTEXT() REPRESENTATION_CONTEXT('2D SPACE',''
  ) );
#4250 = PCURVE('',#4219,#4251);
#4251 = DEFINITIONAL_REPRESENTATION('',(#4252),#4256);
#4252 = LINE('',#4253,#4254);
#4253 = CARTESIAN_POINT('',(0.,-0.));
#4254 = VECTOR('',#4255,1.);
#4255 = DIRECTION('',(0.,1.));
#4256 = ( GEOMETRIC_REPRESENTATION_CONTEXT(2) 
PARAMETRIC_REPRESENTATION_CONTEXT() REPRESENTATION_CONTEXT('2D SPACE',''
  ) );
#4257 = ORIENTED_EDGE('',*,*,#4258,.T.);
#4258 = EDGE_CURVE('',#4236,#4236,#4259,.T.);
#4259 = SURFACE_CURVE('',#4260,(#4265,#4272),.PCURVE_S1.);
#4260 = CIRCLE('',#4261,0.6);
#4261 = AXIS2_PLACEMENT_3D('',#4262,#4263,#4264);
#4262 = CARTESIAN_POINT('',(11.5,-4.7,-2.35));
#4263 = DIRECTION('',(0.,0.,1.));
#4264 = DIRECTION('',(1.,0.,0.));
#4265 = PCURVE('',#4219,#4266);
#4266 = DEFINITIONAL_REPRESENTATION('',(#4267),#4271);
#4267 = LINE('',#4268,#4269);
#4268 = CARTESIAN_POINT('',(0.,0.));
#4269 = VECTOR('',#4270,1.);
#4270 = DIRECTION('',(1.,0.));
#4271 = ( GEOMETRIC_REPRESENTATION_CONTEXT(2) 
PARAMETRIC_REPRESENTATION_CONTEXT() REPRESENTATION_CONTEXT('2D SPACE',''
  ) );
#4272 = PCURVE('',#4273,#4278);
#4273 = PLANE('',#4274);
#4274 = AXIS2_PLACEMENT_3D('',#4275,#4276,#4277);
#4275 = CARTESIAN_POINT('',(11.5,-4.7,-2.35));
#4276 = DIRECTION('',(0.,0.,1.));
#4277 = DIRECTION('',(1.,0.,0.));
#4278 = DEFINITIONAL_REPRESENTATION('',(#4279),#4283);
#4279 = CIRCLE('',#4280,0.6);
#4280 = AXIS2_PLACEMENT_2D('',#4281,#4282);
#4281 = CARTESIAN_POINT('',(0.,0.));
#4282 = DIRECTION('',(1.,0.));
#4283 = ( GEOMETRIC_REPRESENTATION_CONTEXT(2) 
PARAMETRIC_REPRESENTATION_CONTEXT() REPRESENTATION_CONTEXT('2D SPACE',''
  ) );
#4284 = ORIENTED_EDGE('',*,*,#4235,.T.);
#4285 = ADVANCED_FACE('',(#4286,#4289),#4273,.F.);
#4286 = FACE_BOUND('',#4287,.F.);
#4287 = EDGE_LOOP('',(#4288));
#4288 = ORIENTED_EDGE('',*,*,#4258,.T.);
#4289 = FACE_BOUND('',#4290,.F.);
#4290 = EDGE_LOOP('',(#4291));
#4291 = ORIENTED_EDGE('',*,*,#4292,.F.);
#4292 = EDGE_CURVE('',#4293,#4293,#4295,.T.);
#4293 = VERTEX_POINT('',#4294);
#4294 = CARTESIAN_POINT('',(11.95,-4.7,-2.35));
#4295 = SURFACE_CURVE('',#4296,(#4301,#4308),.PCURVE_S1.);
#4296 = CIRCLE('',#4297,0.45);
#4297 = AXIS2_PLACEMENT_3D('',#4298,#4299,#4300);
#4298 = CARTESIAN_POINT('',(11.5,-4.7,-2.35));
#4299 = DIRECTION('',(0.,0.,1.));
#4300 = DIRECTION('',(1.,0.,0.));
#4301 = PCURVE('',#4273,#4302);
#4302 = DEFINITIONAL_REPRESENTATION('',(#4303),#4307);
#4303 = CIRCLE('',#4304,0.45);
#4304 = AXIS2_PLACEMENT_2D('',#4305,#4306);
#4305 = CARTESIAN_POINT('',(0.,0.));
#4306 = DIRECTION('',(1.,0.));
#4307 = ( GEOMETRIC_REPRESENTATION_CONTEXT(2) 
PARAMETRIC_REPRESENTATION_CONTEXT() REPRESENTATION_CONTEXT('2D SPACE',''
  ) );
#4308 = PCURVE('',#4309,#4314);
#4309 = CYLINDRICAL_SURFACE('',#4310,0.45);
#4310 = AXIS2_PLACEMENT_3D('',#4311,#4312,#4313);
#4311 = CARTESIAN_POINT('',(11.5,-4.7,-3.6));
#4312 = DIRECTION('',(0.,0.,1.));
#4313 = DIRECTION('',(1.,0.,0.));
#4314 = DEFINITIONAL_REPRESENTATION('',(#4315),#4319);
#4315 = LINE('',#4316,#4317);
#4316 = CARTESIAN_POINT('',(0.,1.25));
#4317 = VECTOR('',#4318,1.);
#4318 = DIRECTION('',(1.,0.));
#4319 = ( GEOMETRIC_REPRESENTATION_CONTEXT(2) 
PARAMETRIC_REPRESENTATION_CONTEXT() REPRESENTATION_CONTEXT('2D SPACE',''
  ) );
#4320 = ADVANCED_FACE('',(#4321),#4309,.T.);
#4321 = FACE_BOUND('',#4322,.T.);
#4322 = EDGE_LOOP('',(#4323,#4324,#4347,#4374));
#4323 = ORIENTED_EDGE('',*,*,#4292,.F.);
#4324 = ORIENTED_EDGE('',*,*,#4325,.F.);
#4325 = EDGE_CURVE('',#4326,#4293,#4328,.T.);
#4326 = VERTEX_POINT('',#4327);
#4327 = CARTESIAN_POINT('',(11.95,-4.7,-3.6));
#4328 = SEAM_CURVE('',#4329,(#4333,#4340),.PCURVE_S1.);
#4329 = LINE('',#4330,#4331);
#4330 = CARTESIAN_POINT('',(11.95,-4.7,-3.6));
#4331 = VECTOR('',#4332,1.);
#4332 = DIRECTION('',(0.,0.,1.));
#4333 = PCURVE('',#4309,#4334);
#4334 = DEFINITIONAL_REPRESENTATION('',(#4335),#4339);
#4335 = LINE('',#4336,#4337);
#4336 = CARTESIAN_POINT('',(6.28318530718,-0.));
#4337 = VECTOR('',#4338,1.);
#4338 = DIRECTION('',(0.,1.));
#4339 = ( GEOMETRIC_REPRESENTATION_CONTEXT(2) 
PARAMETRIC_REPRESENTATION_CONTEXT() REPRESENTATION_CONTEXT('2D SPACE',''
  ) );
#4340 = PCURVE('',#4309,#4341);
#4341 = DEFINITIONAL_REPRESENTATION('',(#4342),#4346);
#4342 = LINE('',#4343,#4344);
#4343 = CARTESIAN_POINT('',(0.,-0.));
#4344 = VECTOR('',#4345,1.);
#4345 = DIRECTION('',(0.,1.));
#4346 = ( GEOMETRIC_REPRESENTATION_CONTEXT(2) 
PARAMETRIC_REPRESENTATION_CONTEXT() REPRESENTATION_CONTEXT('2D SPACE',''
  ) );
#4347 = ORIENTED_EDGE('',*,*,#4348,.T.);
#4348 = EDGE_CURVE('',#4326,#4326,#4349,.T.);
#4349 = SURFACE_CURVE('',#4350,(#4355,#4362),.PCURVE_S1.);
#4350 = CIRCLE('',#4351,0.45);
#4351 = AXIS2_PLACEMENT_3D('',#4352,#4353,#4354);
#4352 = CARTESIAN_POINT('',(11.5,-4.7,-3.6));
#4353 = DIRECTION('',(0.,0.,1.));
#4354 = DIRECTION('',(1.,0.,0.));
#4355 = PCURVE('',#4309,#4356);
#4356 = DEFINITIONAL_REPRESENTATION('',(#4357),#4361);
#4357 = LINE('',#4358,#4359);
#4358 = CARTESIAN_POINT('',(0.,0.));
#4359 = VECTOR('',#4360,1.);
#4360 = DIRECTION('',(1.,0.));
#4361 = ( GEOMETRIC_REPRESENTATION_CONTEXT(2) 
PARAMETRIC_REPRESENTATION_CONTEXT() REPRESENTATION_CONTEXT('2D SPACE',''
  ) );
#4362 = PCURVE('',#4363,#4368);
#4363 = PLANE('',#4364);
#4364 = AXIS2_PLACEMENT_3D('',#4365,#4366,#4367);
#4365 = CARTESIAN_POINT('',(11.5,-4.7,-3.6));
#4366 = DIRECTION('',(0.,0.,1.));
#4367 = DIRECTION('',(1.,0.,0.));
#4368 = DEFINITIONAL_REPRESENTATION('',(#4369),#4373);
#4369 = CIRCLE('',#4370,0.45);
#4370 = AXIS2_PLACEMENT_2D('',#4371,#4372);
#4371 = CARTESIAN_POINT('',(0.,0.));
#4372 = DIRECTION('',(1.,0.));
#4373 = ( GEOMETRIC_REPRESENTATION_CONTEXT(2) 
PARAMETRIC_REPRESENTATION_CONTEXT() REPRESENTATION_CONTEXT('2D SPACE',''
  ) );
#4374 = ORIENTED_EDGE('',*,*,#4325,.T.);
#4375 = ADVANCED_FACE('',(#4376),#4363,.F.);
#4376 = FACE_BOUND('',#4377,.T.);
#4377 = EDGE_LOOP('',(#4378));
#4378 = ORIENTED_EDGE('',*,*,#4348,.F.);
#4379 = ADVANCED_FACE('',(#4380),#1177,.F.);
#4380 = FACE_BOUND('',#4381,.F.);
#4381 = EDGE_LOOP('',(#4382,#4383,#4384,#4385));
#4382 = ORIENTED_EDGE('',*,*,#4066,.T.);
#4383 = ORIENTED_EDGE('',*,*,#1445,.F.);
#4384 = ORIENTED_EDGE('',*,*,#1160,.F.);
#4385 = ORIENTED_EDGE('',*,*,#4386,.T.);
#4386 = EDGE_CURVE('',#1161,#4067,#4387,.T.);
#4387 = SURFACE_CURVE('',#4388,(#4392,#4398),.PCURVE_S1.);
#4388 = LINE('',#4389,#4390);
#4389 = CARTESIAN_POINT('',(11.9,-1.9,-1.4));
#4390 = VECTOR('',#4391,1.);
#4391 = DIRECTION('',(0.,-1.,0.));
#4392 = PCURVE('',#1177,#4393);
#4393 = DEFINITIONAL_REPRESENTATION('',(#4394),#4397);
#4394 = B_SPLINE_CURVE_WITH_KNOTS('',1,(#4395,#4396),.UNSPECIFIED.,.F.,
  .F.,(2,2),(-0.7,0.75),.PIECEWISE_BEZIER_KNOTS.);
#4395 = CARTESIAN_POINT('',(-1.E-01,0.1));
#4396 = CARTESIAN_POINT('',(-1.E-01,-1.35));
#4397 = ( GEOMETRIC_REPRESENTATION_CONTEXT(2) 
PARAMETRIC_REPRESENTATION_CONTEXT() REPRESENTATION_CONTEXT('2D SPACE',''
  ) );
#4398 = PCURVE('',#1204,#4399);
#4399 = DEFINITIONAL_REPRESENTATION('',(#4400),#4403);
#4400 = B_SPLINE_CURVE_WITH_KNOTS('',1,(#4401,#4402),.UNSPECIFIED.,.F.,
  .F.,(2,2),(-0.7,0.75),.PIECEWISE_BEZIER_KNOTS.);
#4401 = CARTESIAN_POINT('',(0.6,1.3));
#4402 = CARTESIAN_POINT('',(0.6,-0.15));
#4403 = ( GEOMETRIC_REPRESENTATION_CONTEXT(2) 
PARAMETRIC_REPRESENTATION_CONTEXT() REPRESENTATION_CONTEXT('2D SPACE',''
  ) );
#4404 = ADVANCED_FACE('',(#4405),#1204,.T.);
#4405 = FACE_BOUND('',#4406,.T.);
#4406 = EDGE_LOOP('',(#4407,#4408,#4409,#4437,#4456,#4457,#4458,#4459,
    #4460,#4461,#4487,#4488,#4489,#4490,#4491,#4492,#4493));
#4407 = ORIENTED_EDGE('',*,*,#2034,.F.);
#4408 = ORIENTED_EDGE('',*,*,#2194,.T.);
#4409 = ORIENTED_EDGE('',*,*,#4410,.F.);
#4410 = EDGE_CURVE('',#4411,#2157,#4413,.T.);
#4411 = VERTEX_POINT('',#4412);
#4412 = CARTESIAN_POINT('',(11.9,-3.410620304177,0.127777269403));
#4413 = SURFACE_CURVE('',#4414,(#4419,#4430),.PCURVE_S1.);
#4414 = CIRCLE('',#4415,1.3);
#4415 = AXIS2_PLACEMENT_3D('',#4416,#4417,#4418);
#4416 = CARTESIAN_POINT('',(11.9,-2.5,-0.8));
#4417 = DIRECTION('',(-1.,0.,0.));
#4418 = DIRECTION('',(0.,0.467993862838,-0.883731715141));
#4419 = PCURVE('',#1204,#4420);
#4420 = DEFINITIONAL_REPRESENTATION('',(#4421),#4429);
#4421 = ( BOUNDED_CURVE() B_SPLINE_CURVE(2,(#4422,#4423,#4424,#4425,
#4426,#4427,#4428),.UNSPECIFIED.,.T.,.F.) B_SPLINE_CURVE_WITH_KNOTS((1,2
    ,2,2,2,1),(-2.094395102393,0.,2.094395102393,4.188790204786,
6.28318530718,8.377580409573),.UNSPECIFIED.) CURVE() 
GEOMETRIC_REPRESENTATION_ITEM() RATIONAL_B_SPLINE_CURVE((1.,0.5,1.,0.5,
1.,0.5,1.)) REPRESENTATION_ITEM('') );
#4422 = CARTESIAN_POINT('',(1.148851229683,0.60839202169));
#4423 = CARTESIAN_POINT('',(2.20261712217,-1.381476678459));
#4424 = CARTESIAN_POINT('',(-4.754266859813E-02,-1.299130360919));
#4425 = CARTESIAN_POINT('',(-2.297702459366,-1.21678404338));
#4426 = CARTESIAN_POINT('',(-1.101308561085,0.690738339229));
#4427 = CARTESIAN_POINT('',(9.508533719625E-02,2.598260721839));
#4428 = CARTESIAN_POINT('',(1.148851229683,0.60839202169));
#4429 = ( GEOMETRIC_REPRESENTATION_CONTEXT(2) 
PARAMETRIC_REPRESENTATION_CONTEXT() REPRESENTATION_CONTEXT('2D SPACE',''
  ) );
#4430 = PCURVE('',#271,#4431);
#4431 = DEFINITIONAL_REPRESENTATION('',(#4432),#4436);
#4432 = LINE('',#4433,#4434);
#4433 = CARTESIAN_POINT('',(6.770204642233,1.4));
#4434 = VECTOR('',#4435,1.);
#4435 = DIRECTION('',(-1.,-0.));
#4436 = ( GEOMETRIC_REPRESENTATION_CONTEXT(2) 
PARAMETRIC_REPRESENTATION_CONTEXT() REPRESENTATION_CONTEXT('2D SPACE',''
  ) );
#4437 = ORIENTED_EDGE('',*,*,#4438,.F.);
#4438 = EDGE_CURVE('',#2479,#4411,#4439,.T.);
#4439 = SURFACE_CURVE('',#4440,(#4444,#4450),.PCURVE_S1.);
#4440 = LINE('',#4441,#4442);
#4441 = CARTESIAN_POINT('',(11.9,-3.410620304177,-1.4));
#4442 = VECTOR('',#4443,1.);
#4443 = DIRECTION('',(0.,0.,1.));
#4444 = PCURVE('',#1204,#4445);
#4445 = DEFINITIONAL_REPRESENTATION('',(#4446),#4449);
#4446 = B_SPLINE_CURVE_WITH_KNOTS('',1,(#4447,#4448),.UNSPECIFIED.,.F.,
  .F.,(2,2),(-2.400000000069E-06,1.6000024),.PIECEWISE_BEZIER_KNOTS.);
#4447 = CARTESIAN_POINT('',(0.6000024,-0.910620304177));
#4448 = CARTESIAN_POINT('',(-1.0000024,-0.910620304177));
#4449 = ( GEOMETRIC_REPRESENTATION_CONTEXT(2) 
PARAMETRIC_REPRESENTATION_CONTEXT() REPRESENTATION_CONTEXT('2D SPACE',''
  ) );
#4450 = PCURVE('',#296,#4451);
#4451 = DEFINITIONAL_REPRESENTATION('',(#4452),#4455);
#4452 = B_SPLINE_CURVE_WITH_KNOTS('',1,(#4453,#4454),.UNSPECIFIED.,.F.,
  .F.,(2,2),(-2.400000000069E-06,1.6000024),.PIECEWISE_BEZIER_KNOTS.);
#4453 = CARTESIAN_POINT('',(1.269983851538,-2.400000000069E-06));
#4454 = CARTESIAN_POINT('',(1.269983851538,1.6000024));
#4455 = ( GEOMETRIC_REPRESENTATION_CONTEXT(2) 
PARAMETRIC_REPRESENTATION_CONTEXT() REPRESENTATION_CONTEXT('2D SPACE',''
  ) );
#4456 = ORIENTED_EDGE('',*,*,#2633,.F.);
#4457 = ORIENTED_EDGE('',*,*,#1843,.T.);
#4458 = ORIENTED_EDGE('',*,*,#1719,.T.);
#4459 = ORIENTED_EDGE('',*,*,#1622,.F.);
#4460 = ORIENTED_EDGE('',*,*,#4160,.T.);
#4461 = ORIENTED_EDGE('',*,*,#4462,.F.);
#4462 = EDGE_CURVE('',#1190,#4161,#4463,.T.);
#4463 = SURFACE_CURVE('',#4464,(#4469,#4480),.PCURVE_S1.);
#4464 = CIRCLE('',#4465,1.3);
#4465 = AXIS2_PLACEMENT_3D('',#4466,#4467,#4468);
#4466 = CARTESIAN_POINT('',(11.9,-2.5,-0.8));
#4467 = DIRECTION('',(-1.,0.,0.));
#4468 = DIRECTION('',(0.,0.467993862838,-0.883731715141));
#4469 = PCURVE('',#1204,#4470);
#4470 = DEFINITIONAL_REPRESENTATION('',(#4471),#4479);
#4471 = ( BOUNDED_CURVE() B_SPLINE_CURVE(2,(#4472,#4473,#4474,#4475,
#4476,#4477,#4478),.UNSPECIFIED.,.T.,.F.) B_SPLINE_CURVE_WITH_KNOTS((1,2
    ,2,2,2,1),(-2.094395102393,0.,2.094395102393,4.188790204786,
6.28318530718,8.377580409573),.UNSPECIFIED.) CURVE() 
GEOMETRIC_REPRESENTATION_ITEM() RATIONAL_B_SPLINE_CURVE((1.,0.5,1.,0.5,
1.,0.5,1.)) REPRESENTATION_ITEM('') );
#4472 = CARTESIAN_POINT('',(1.148851229683,0.60839202169));
#4473 = CARTESIAN_POINT('',(2.20261712217,-1.381476678459));
#4474 = CARTESIAN_POINT('',(-4.754266859813E-02,-1.299130360919));
#4475 = CARTESIAN_POINT('',(-2.297702459366,-1.21678404338));
#4476 = CARTESIAN_POINT('',(-1.101308561085,0.690738339229));
#4477 = CARTESIAN_POINT('',(9.508533719625E-02,2.598260721839));
#4478 = CARTESIAN_POINT('',(1.148851229683,0.60839202169));
#4479 = ( GEOMETRIC_REPRESENTATION_CONTEXT(2) 
PARAMETRIC_REPRESENTATION_CONTEXT() REPRESENTATION_CONTEXT('2D SPACE',''
  ) );
#4480 = PCURVE('',#154,#4481);
#4481 = DEFINITIONAL_REPRESENTATION('',(#4482),#4486);
#4482 = LINE('',#4483,#4484);
#4483 = CARTESIAN_POINT('',(6.770204642233,1.4));
#4484 = VECTOR('',#4485,1.);
#4485 = DIRECTION('',(-1.,-0.));
#4486 = ( GEOMETRIC_REPRESENTATION_CONTEXT(2) 
PARAMETRIC_REPRESENTATION_CONTEXT() REPRESENTATION_CONTEXT('2D SPACE',''
  ) );
#4487 = ORIENTED_EDGE('',*,*,#1189,.T.);
#4488 = ORIENTED_EDGE('',*,*,#4386,.T.);
#4489 = ORIENTED_EDGE('',*,*,#4092,.T.);
#4490 = ORIENTED_EDGE('',*,*,#4042,.F.);
#4491 = ORIENTED_EDGE('',*,*,#3992,.F.);
#4492 = ORIENTED_EDGE('',*,*,#1896,.T.);
#4493 = ORIENTED_EDGE('',*,*,#2011,.T.);
#4494 = ADVANCED_FACE('',(#4495),#641,.F.);
#4495 = FACE_BOUND('',#4496,.F.);
#4496 = EDGE_LOOP('',(#4497,#4520,#4521,#4542));
#4497 = ORIENTED_EDGE('',*,*,#4498,.F.);
#4498 = EDGE_CURVE('',#600,#4499,#4501,.T.);
#4499 = VERTEX_POINT('',#4500);
#4500 = CARTESIAN_POINT('',(13.5,-0.875,-1.025));
#4501 = SURFACE_CURVE('',#4502,(#4506,#4513),.PCURVE_S1.);
#4502 = LINE('',#4503,#4504);
#4503 = CARTESIAN_POINT('',(10.5,-0.875,-1.025));
#4504 = VECTOR('',#4505,1.);
#4505 = DIRECTION('',(1.,0.,0.));
#4506 = PCURVE('',#641,#4507);
#4507 = DEFINITIONAL_REPRESENTATION('',(#4508),#4512);
#4508 = LINE('',#4509,#4510);
#4509 = CARTESIAN_POINT('',(0.,0.85));
#4510 = VECTOR('',#4511,1.);
#4511 = DIRECTION('',(1.,0.));
#4512 = ( GEOMETRIC_REPRESENTATION_CONTEXT(2) 
PARAMETRIC_REPRESENTATION_CONTEXT() REPRESENTATION_CONTEXT('2D SPACE',''
  ) );
#4513 = PCURVE('',#614,#4514);
#4514 = DEFINITIONAL_REPRESENTATION('',(#4515),#4519);
#4515 = LINE('',#4516,#4517);
#4516 = CARTESIAN_POINT('',(0.,0.));
#4517 = VECTOR('',#4518,1.);
#4518 = DIRECTION('',(0.,1.));
#4519 = ( GEOMETRIC_REPRESENTATION_CONTEXT(2) 
PARAMETRIC_REPRESENTATION_CONTEXT() REPRESENTATION_CONTEXT('2D SPACE',''
  ) );
#4520 = ORIENTED_EDGE('',*,*,#625,.F.);
#4521 = ORIENTED_EDGE('',*,*,#4522,.T.);
#4522 = EDGE_CURVE('',#626,#4523,#4525,.T.);
#4523 = VERTEX_POINT('',#4524);
#4524 = CARTESIAN_POINT('',(13.5,-1.168882048803,-1.025));
#4525 = SURFACE_CURVE('',#4526,(#4530,#4536),.PCURVE_S1.);
#4526 = LINE('',#4527,#4528);
#4527 = CARTESIAN_POINT('',(12.4,-1.168882048803,-1.025));
#4528 = VECTOR('',#4529,1.);
#4529 = DIRECTION('',(1.,0.,0.));
#4530 = PCURVE('',#641,#4531);
#4531 = DEFINITIONAL_REPRESENTATION('',(#4532),#4535);
#4532 = B_SPLINE_CURVE_WITH_KNOTS('',1,(#4533,#4534),.UNSPECIFIED.,.F.,
  .F.,(2,2),(0.859492373161,1.121864329713),.PIECEWISE_BEZIER_KNOTS.);
#4533 = CARTESIAN_POINT('',(2.759492373161,0.556117951197));
#4534 = CARTESIAN_POINT('',(3.021864329713,0.556117951197));
#4535 = ( GEOMETRIC_REPRESENTATION_CONTEXT(2) 
PARAMETRIC_REPRESENTATION_CONTEXT() REPRESENTATION_CONTEXT('2D SPACE',''
  ) );
#4536 = PCURVE('',#446,#4537);
#4537 = DEFINITIONAL_REPRESENTATION('',(#4538),#4541);
#4538 = B_SPLINE_CURVE_WITH_KNOTS('',1,(#4539,#4540),.UNSPECIFIED.,.F.,
  .F.,(2,2),(0.943617535936,1.1),.PIECEWISE_BEZIER_KNOTS.);
#4539 = CARTESIAN_POINT('',(7.686533554755,0.943617535936));
#4540 = CARTESIAN_POINT('',(7.686533554755,1.1));
#4541 = ( GEOMETRIC_REPRESENTATION_CONTEXT(2) 
PARAMETRIC_REPRESENTATION_CONTEXT() REPRESENTATION_CONTEXT('2D SPACE',''
  ) );
#4542 = ORIENTED_EDGE('',*,*,#4543,.T.);
#4543 = EDGE_CURVE('',#4523,#4499,#4544,.T.);
#4544 = SURFACE_CURVE('',#4545,(#4549,#4556),.PCURVE_S1.);
#4545 = LINE('',#4546,#4547);
#4546 = CARTESIAN_POINT('',(13.5,-1.725,-1.025));
#4547 = VECTOR('',#4548,1.);
#4548 = DIRECTION('',(0.,1.,0.));
#4549 = PCURVE('',#641,#4550);
#4550 = DEFINITIONAL_REPRESENTATION('',(#4551),#4555);
#4551 = LINE('',#4552,#4553);
#4552 = CARTESIAN_POINT('',(3.,0.));
#4553 = VECTOR('',#4554,1.);
#4554 = DIRECTION('',(0.,1.));
#4555 = ( GEOMETRIC_REPRESENTATION_CONTEXT(2) 
PARAMETRIC_REPRESENTATION_CONTEXT() REPRESENTATION_CONTEXT('2D SPACE',''
  ) );
#4556 = PCURVE('',#4557,#4562);
#4557 = PLANE('',#4558);
#4558 = AXIS2_PLACEMENT_3D('',#4559,#4560,#4561);
#4559 = CARTESIAN_POINT('',(13.5,-1.725,-1.025));
#4560 = DIRECTION('',(1.,0.,0.));
#4561 = DIRECTION('',(0.,0.,1.));
#4562 = DEFINITIONAL_REPRESENTATION('',(#4563),#4567);
#4563 = LINE('',#4564,#4565);
#4564 = CARTESIAN_POINT('',(0.,0.));
#4565 = VECTOR('',#4566,1.);
#4566 = DIRECTION('',(0.,-1.));
#4567 = ( GEOMETRIC_REPRESENTATION_CONTEXT(2) 
PARAMETRIC_REPRESENTATION_CONTEXT() REPRESENTATION_CONTEXT('2D SPACE',''
  ) );
#4568 = ADVANCED_FACE('',(#4569),#4557,.T.);
#4569 = FACE_BOUND('',#4570,.T.);
#4570 = EDGE_LOOP('',(#4571,#4596,#4617,#4618,#4641,#4662));
#4571 = ORIENTED_EDGE('',*,*,#4572,.F.);
#4572 = EDGE_CURVE('',#4573,#4575,#4577,.T.);
#4573 = VERTEX_POINT('',#4574);
#4574 = CARTESIAN_POINT('',(13.5,-1.303390205623,-0.175));
#4575 = VERTEX_POINT('',#4576);
#4576 = CARTESIAN_POINT('',(13.5,-1.065625,-0.175));
#4577 = SURFACE_CURVE('',#4578,(#4582,#4589),.PCURVE_S1.);
#4578 = LINE('',#4579,#4580);
#4579 = CARTESIAN_POINT('',(13.5,-1.725,-0.175));
#4580 = VECTOR('',#4581,1.);
#4581 = DIRECTION('',(0.,1.,0.));
#4582 = PCURVE('',#4557,#4583);
#4583 = DEFINITIONAL_REPRESENTATION('',(#4584),#4588);
#4584 = LINE('',#4585,#4586);
#4585 = CARTESIAN_POINT('',(0.85,0.));
#4586 = VECTOR('',#4587,1.);
#4587 = DIRECTION('',(0.,-1.));
#4588 = ( GEOMETRIC_REPRESENTATION_CONTEXT(2) 
PARAMETRIC_REPRESENTATION_CONTEXT() REPRESENTATION_CONTEXT('2D SPACE',''
  ) );
#4589 = PCURVE('',#479,#4590);
#4590 = DEFINITIONAL_REPRESENTATION('',(#4591),#4595);
#4591 = LINE('',#4592,#4593);
#4592 = CARTESIAN_POINT('',(3.,0.));
#4593 = VECTOR('',#4594,1.);
#4594 = DIRECTION('',(0.,1.));
#4595 = ( GEOMETRIC_REPRESENTATION_CONTEXT(2) 
PARAMETRIC_REPRESENTATION_CONTEXT() REPRESENTATION_CONTEXT('2D SPACE',''
  ) );
#4596 = ORIENTED_EDGE('',*,*,#4597,.F.);
#4597 = EDGE_CURVE('',#4523,#4573,#4598,.T.);
#4598 = SURFACE_CURVE('',#4599,(#4604,#4611),.PCURVE_S1.);
#4599 = CIRCLE('',#4600,1.35);
#4600 = AXIS2_PLACEMENT_3D('',#4601,#4602,#4603);
#4601 = CARTESIAN_POINT('',(13.5,-2.5,-0.8));
#4602 = DIRECTION('',(1.,0.,0.));
#4603 = DIRECTION('',(0.,0.,-1.));
#4604 = PCURVE('',#4557,#4605);
#4605 = DEFINITIONAL_REPRESENTATION('',(#4606),#4610);
#4606 = CIRCLE('',#4607,1.35);
#4607 = AXIS2_PLACEMENT_2D('',#4608,#4609);
#4608 = CARTESIAN_POINT('',(0.225,0.775));
#4609 = DIRECTION('',(-1.,0.));
#4610 = ( GEOMETRIC_REPRESENTATION_CONTEXT(2) 
PARAMETRIC_REPRESENTATION_CONTEXT() REPRESENTATION_CONTEXT('2D SPACE',''
  ) );
#4611 = PCURVE('',#446,#4612);
#4612 = DEFINITIONAL_REPRESENTATION('',(#4613),#4616);
#4613 = B_SPLINE_CURVE_WITH_KNOTS('',1,(#4614,#4615),.UNSPECIFIED.,.F.,
  .F.,(2,2),(1.403348247575,2.052131395669),.PIECEWISE_BEZIER_KNOTS.);
#4614 = CARTESIAN_POINT('',(7.686533554755,1.1));
#4615 = CARTESIAN_POINT('',(8.335316702849,1.1));
#4616 = ( GEOMETRIC_REPRESENTATION_CONTEXT(2) 
PARAMETRIC_REPRESENTATION_CONTEXT() REPRESENTATION_CONTEXT('2D SPACE',''
  ) );
#4617 = ORIENTED_EDGE('',*,*,#4543,.T.);
#4618 = ORIENTED_EDGE('',*,*,#4619,.T.);
#4619 = EDGE_CURVE('',#4499,#4620,#4622,.T.);
#4620 = VERTEX_POINT('',#4621);
#4621 = CARTESIAN_POINT('',(13.5,-0.875,-0.6));
#4622 = SURFACE_CURVE('',#4623,(#4627,#4634),.PCURVE_S1.);
#4623 = LINE('',#4624,#4625);
#4624 = CARTESIAN_POINT('',(13.5,-0.875,-1.025));
#4625 = VECTOR('',#4626,1.);
#4626 = DIRECTION('',(0.,0.,1.));
#4627 = PCURVE('',#4557,#4628);
#4628 = DEFINITIONAL_REPRESENTATION('',(#4629),#4633);
#4629 = LINE('',#4630,#4631);
#4630 = CARTESIAN_POINT('',(0.,-0.85));
#4631 = VECTOR('',#4632,1.);
#4632 = DIRECTION('',(1.,0.));
#4633 = ( GEOMETRIC_REPRESENTATION_CONTEXT(2) 
PARAMETRIC_REPRESENTATION_CONTEXT() REPRESENTATION_CONTEXT('2D SPACE',''
  ) );
#4634 = PCURVE('',#614,#4635);
#4635 = DEFINITIONAL_REPRESENTATION('',(#4636),#4640);
#4636 = LINE('',#4637,#4638);
#4637 = CARTESIAN_POINT('',(0.,3.));
#4638 = VECTOR('',#4639,1.);
#4639 = DIRECTION('',(1.,0.));
#4640 = ( GEOMETRIC_REPRESENTATION_CONTEXT(2) 
PARAMETRIC_REPRESENTATION_CONTEXT() REPRESENTATION_CONTEXT('2D SPACE',''
  ) );
#4641 = ORIENTED_EDGE('',*,*,#4642,.T.);
#4642 = EDGE_CURVE('',#4620,#4643,#4645,.T.);
#4643 = VERTEX_POINT('',#4644);
#4644 = CARTESIAN_POINT('',(13.5,-1.065625,-0.6));
#4645 = SURFACE_CURVE('',#4646,(#4650,#4656),.PCURVE_S1.);
#4646 = LINE('',#4647,#4648);
#4647 = CARTESIAN_POINT('',(13.5,-0.982467593208,-0.6));
#4648 = VECTOR('',#4649,1.);
#4649 = DIRECTION('',(0.,-1.,0.));
#4650 = PCURVE('',#4557,#4651);
#4651 = DEFINITIONAL_REPRESENTATION('',(#4652),#4655);
#4652 = B_SPLINE_CURVE_WITH_KNOTS('',1,(#4653,#4654),.UNSPECIFIED.,.F.,
  .F.,(2,2),(-0.107467593208,0.317532406792),.PIECEWISE_BEZIER_KNOTS.);
#4653 = CARTESIAN_POINT('',(0.425,-0.85));
#4654 = CARTESIAN_POINT('',(0.425,-0.425));
#4655 = ( GEOMETRIC_REPRESENTATION_CONTEXT(2) 
PARAMETRIC_REPRESENTATION_CONTEXT() REPRESENTATION_CONTEXT('2D SPACE',''
  ) );
#4656 = PCURVE('',#587,#4657);
#4657 = DEFINITIONAL_REPRESENTATION('',(#4658),#4661);
#4658 = B_SPLINE_CURVE_WITH_KNOTS('',1,(#4659,#4660),.UNSPECIFIED.,.F.,
  .F.,(2,2),(-0.107467593208,0.317532406792),.PIECEWISE_BEZIER_KNOTS.);
#4659 = CARTESIAN_POINT('',(-0.168082500457,-0.635064813585));
#4660 = CARTESIAN_POINT('',(-0.168082500457,-1.060064813585));
#4661 = ( GEOMETRIC_REPRESENTATION_CONTEXT(2) 
PARAMETRIC_REPRESENTATION_CONTEXT() REPRESENTATION_CONTEXT('2D SPACE',''
  ) );
#4662 = ORIENTED_EDGE('',*,*,#4663,.T.);
#4663 = EDGE_CURVE('',#4643,#4575,#4664,.T.);
#4664 = SURFACE_CURVE('',#4665,(#4669,#4675),.PCURVE_S1.);
#4665 = LINE('',#4666,#4667);
#4666 = CARTESIAN_POINT('',(13.5,-1.065625,-0.8125));
#4667 = VECTOR('',#4668,1.);
#4668 = DIRECTION('',(0.,0.,1.));
#4669 = PCURVE('',#4557,#4670);
#4670 = DEFINITIONAL_REPRESENTATION('',(#4671),#4674);
#4671 = B_SPLINE_CURVE_WITH_KNOTS('',1,(#4672,#4673),.UNSPECIFIED.,.F.,
  .F.,(2,2),(0.2125,0.6375),.PIECEWISE_BEZIER_KNOTS.);
#4672 = CARTESIAN_POINT('',(0.425,-0.659375));
#4673 = CARTESIAN_POINT('',(0.85,-0.659375));
#4674 = ( GEOMETRIC_REPRESENTATION_CONTEXT(2) 
PARAMETRIC_REPRESENTATION_CONTEXT() REPRESENTATION_CONTEXT('2D SPACE',''
  ) );
#4675 = PCURVE('',#506,#4676);
#4676 = DEFINITIONAL_REPRESENTATION('',(#4677),#4680);
#4677 = B_SPLINE_CURVE_WITH_KNOTS('',1,(#4678,#4679),.UNSPECIFIED.,.F.,
  .F.,(2,2),(0.2125,0.6375),.PIECEWISE_BEZIER_KNOTS.);
#4678 = CARTESIAN_POINT('',(1.518200131941,0.));
#4679 = CARTESIAN_POINT('',(1.518200131941,-0.425));
#4680 = ( GEOMETRIC_REPRESENTATION_CONTEXT(2) 
PARAMETRIC_REPRESENTATION_CONTEXT() REPRESENTATION_CONTEXT('2D SPACE',''
  ) );
#4681 = ADVANCED_FACE('',(#4682),#614,.T.);
#4682 = FACE_BOUND('',#4683,.T.);
#4683 = EDGE_LOOP('',(#4684,#4685,#4686,#4705));
#4684 = ORIENTED_EDGE('',*,*,#4498,.F.);
#4685 = ORIENTED_EDGE('',*,*,#599,.T.);
#4686 = ORIENTED_EDGE('',*,*,#4687,.T.);
#4687 = EDGE_CURVE('',#572,#4620,#4688,.T.);
#4688 = SURFACE_CURVE('',#4689,(#4693,#4699),.PCURVE_S1.);
#4689 = LINE('',#4690,#4691);
#4690 = CARTESIAN_POINT('',(12.084041250228,-0.875,-0.6));
#4691 = VECTOR('',#4692,1.);
#4692 = DIRECTION('',(1.,0.,0.));
#4693 = PCURVE('',#614,#4694);
#4694 = DEFINITIONAL_REPRESENTATION('',(#4695),#4698);
#4695 = B_SPLINE_CURVE_WITH_KNOTS('',1,(#4696,#4697),.UNSPECIFIED.,.F.,
  .F.,(2,2),(1.197315452645,1.415958749772),.PIECEWISE_BEZIER_KNOTS.);
#4696 = CARTESIAN_POINT('',(0.425,2.781356702874));
#4697 = CARTESIAN_POINT('',(0.425,3.));
#4698 = ( GEOMETRIC_REPRESENTATION_CONTEXT(2) 
PARAMETRIC_REPRESENTATION_CONTEXT() REPRESENTATION_CONTEXT('2D SPACE',''
  ) );
#4699 = PCURVE('',#587,#4700);
#4700 = DEFINITIONAL_REPRESENTATION('',(#4701),#4704);
#4701 = B_SPLINE_CURVE_WITH_KNOTS('',1,(#4702,#4703),.UNSPECIFIED.,.F.,
  .F.,(2,2),(1.197315452645,1.415958749772),.PIECEWISE_BEZIER_KNOTS.);
#4702 = CARTESIAN_POINT('',(-0.386725797583,-0.635064813585));
#4703 = CARTESIAN_POINT('',(-0.168082500457,-0.635064813585));
#4704 = ( GEOMETRIC_REPRESENTATION_CONTEXT(2) 
PARAMETRIC_REPRESENTATION_CONTEXT() REPRESENTATION_CONTEXT('2D SPACE',''
  ) );
#4705 = ORIENTED_EDGE('',*,*,#4619,.F.);
#4706 = ADVANCED_FACE('',(#4707),#587,.F.);
#4707 = FACE_BOUND('',#4708,.F.);
#4708 = EDGE_LOOP('',(#4709,#4710,#4733,#4761,#4789,#4817,#4838,#4839));
#4709 = ORIENTED_EDGE('',*,*,#4642,.T.);
#4710 = ORIENTED_EDGE('',*,*,#4711,.T.);
#4711 = EDGE_CURVE('',#4643,#4712,#4714,.T.);
#4712 = VERTEX_POINT('',#4713);
#4713 = CARTESIAN_POINT('',(15.2,-0.8,-0.6));
#4714 = SURFACE_CURVE('',#4715,(#4719,#4726),.PCURVE_S1.);
#4715 = LINE('',#4716,#4717);
#4716 = CARTESIAN_POINT('',(12.,-1.3,-0.6));
#4717 = VECTOR('',#4718,1.);
#4718 = DIRECTION('',(0.988012033751,0.154376880274,0.));
#4719 = PCURVE('',#587,#4720);
#4720 = DEFINITIONAL_REPRESENTATION('',(#4721),#4725);
#4721 = LINE('',#4722,#4723);
#4722 = CARTESIAN_POINT('',(-1.668082500457,-1.060064813585));
#4723 = VECTOR('',#4724,1.);
#4724 = DIRECTION('',(0.988012033751,0.154376880274));
#4725 = ( GEOMETRIC_REPRESENTATION_CONTEXT(2) 
PARAMETRIC_REPRESENTATION_CONTEXT() REPRESENTATION_CONTEXT('2D SPACE',''
  ) );
#4726 = PCURVE('',#506,#4727);
#4727 = DEFINITIONAL_REPRESENTATION('',(#4728),#4732);
#4728 = LINE('',#4729,#4730);
#4729 = CARTESIAN_POINT('',(0.,0.));
#4730 = VECTOR('',#4731,1.);
#4731 = DIRECTION('',(1.,0.));
#4732 = ( GEOMETRIC_REPRESENTATION_CONTEXT(2) 
PARAMETRIC_REPRESENTATION_CONTEXT() REPRESENTATION_CONTEXT('2D SPACE',''
  ) );
#4733 = ORIENTED_EDGE('',*,*,#4734,.T.);
#4734 = EDGE_CURVE('',#4712,#4735,#4737,.T.);
#4735 = VERTEX_POINT('',#4736);
#4736 = CARTESIAN_POINT('',(15.8,1.E-01,-0.6));
#4737 = SURFACE_CURVE('',#4738,(#4742,#4749),.PCURVE_S1.);
#4738 = LINE('',#4739,#4740);
#4739 = CARTESIAN_POINT('',(15.2,-0.8,-0.6));
#4740 = VECTOR('',#4741,1.);
#4741 = DIRECTION('',(0.554700196225,0.832050294338,0.));
#4742 = PCURVE('',#587,#4743);
#4743 = DEFINITIONAL_REPRESENTATION('',(#4744),#4748);
#4744 = LINE('',#4745,#4746);
#4745 = CARTESIAN_POINT('',(1.531917499543,-0.560064813585));
#4746 = VECTOR('',#4747,1.);
#4747 = DIRECTION('',(0.554700196225,0.832050294338));
#4748 = ( GEOMETRIC_REPRESENTATION_CONTEXT(2) 
PARAMETRIC_REPRESENTATION_CONTEXT() REPRESENTATION_CONTEXT('2D SPACE',''
  ) );
#4749 = PCURVE('',#4750,#4755);
#4750 = PLANE('',#4751);
#4751 = AXIS2_PLACEMENT_3D('',#4752,#4753,#4754);
#4752 = CARTESIAN_POINT('',(15.2,-0.8,-0.6));
#4753 = DIRECTION('',(-0.832050294338,0.554700196225,0.));
#4754 = DIRECTION('',(0.554700196225,0.832050294338,0.));
#4755 = DEFINITIONAL_REPRESENTATION('',(#4756),#4760);
#4756 = LINE('',#4757,#4758);
#4757 = CARTESIAN_POINT('',(0.,0.));
#4758 = VECTOR('',#4759,1.);
#4759 = DIRECTION('',(1.,0.));
#4760 = ( GEOMETRIC_REPRESENTATION_CONTEXT(2) 
PARAMETRIC_REPRESENTATION_CONTEXT() REPRESENTATION_CONTEXT('2D SPACE',''
  ) );
#4761 = ORIENTED_EDGE('',*,*,#4762,.T.);
#4762 = EDGE_CURVE('',#4735,#4763,#4765,.T.);
#4763 = VERTEX_POINT('',#4764);
#4764 = CARTESIAN_POINT('',(13.5,0.9,-0.6));
#4765 = SURFACE_CURVE('',#4766,(#4770,#4777),.PCURVE_S1.);
#4766 = LINE('',#4767,#4768);
#4767 = CARTESIAN_POINT('',(15.8,1.E-01,-0.6));
#4768 = VECTOR('',#4769,1.);
#4769 = DIRECTION('',(-0.944496796706,0.328520624941,0.));
#4770 = PCURVE('',#587,#4771);
#4771 = DEFINITIONAL_REPRESENTATION('',(#4772),#4776);
#4772 = LINE('',#4773,#4774);
#4773 = CARTESIAN_POINT('',(2.131917499543,0.339935186415));
#4774 = VECTOR('',#4775,1.);
#4775 = DIRECTION('',(-0.944496796706,0.328520624941));
#4776 = ( GEOMETRIC_REPRESENTATION_CONTEXT(2) 
PARAMETRIC_REPRESENTATION_CONTEXT() REPRESENTATION_CONTEXT('2D SPACE',''
  ) );
#4777 = PCURVE('',#4778,#4783);
#4778 = PLANE('',#4779);
#4779 = AXIS2_PLACEMENT_3D('',#4780,#4781,#4782);
#4780 = CARTESIAN_POINT('',(15.8,1.E-01,-0.6));
#4781 = DIRECTION('',(-0.328520624941,-0.944496796706,0.));
#4782 = DIRECTION('',(-0.944496796706,0.328520624941,0.));
#4783 = DEFINITIONAL_REPRESENTATION('',(#4784),#4788);
#4784 = LINE('',#4785,#4786);
#4785 = CARTESIAN_POINT('',(0.,0.));
#4786 = VECTOR('',#4787,1.);
#4787 = DIRECTION('',(1.,0.));
#4788 = ( GEOMETRIC_REPRESENTATION_CONTEXT(2) 
PARAMETRIC_REPRESENTATION_CONTEXT() REPRESENTATION_CONTEXT('2D SPACE',''
  ) );
#4789 = ORIENTED_EDGE('',*,*,#4790,.T.);
#4790 = EDGE_CURVE('',#4763,#4791,#4793,.T.);
#4791 = VERTEX_POINT('',#4792);
#4792 = CARTESIAN_POINT('',(12.,0.3,-0.6));
#4793 = SURFACE_CURVE('',#4794,(#4798,#4805),.PCURVE_S1.);
#4794 = LINE('',#4795,#4796);
#4795 = CARTESIAN_POINT('',(13.5,0.9,-0.6));
#4796 = VECTOR('',#4797,1.);
#4797 = DIRECTION('',(-0.928476690885,-0.371390676354,0.));
#4798 = PCURVE('',#587,#4799);
#4799 = DEFINITIONAL_REPRESENTATION('',(#4800),#4804);
#4800 = LINE('',#4801,#4802);
#4801 = CARTESIAN_POINT('',(-0.168082500457,1.139935186415));
#4802 = VECTOR('',#4803,1.);
#4803 = DIRECTION('',(-0.928476690885,-0.371390676354));
#4804 = ( GEOMETRIC_REPRESENTATION_CONTEXT(2) 
PARAMETRIC_REPRESENTATION_CONTEXT() REPRESENTATION_CONTEXT('2D SPACE',''
  ) );
#4805 = PCURVE('',#4806,#4811);
#4806 = PLANE('',#4807);
#4807 = AXIS2_PLACEMENT_3D('',#4808,#4809,#4810);
#4808 = CARTESIAN_POINT('',(13.5,0.9,-0.6));
#4809 = DIRECTION('',(0.371390676354,-0.928476690885,0.));
#4810 = DIRECTION('',(-0.928476690885,-0.371390676354,0.));
#4811 = DEFINITIONAL_REPRESENTATION('',(#4812),#4816);
#4812 = LINE('',#4813,#4814);
#4813 = CARTESIAN_POINT('',(0.,0.));
#4814 = VECTOR('',#4815,1.);
#4815 = DIRECTION('',(1.,0.));
#4816 = ( GEOMETRIC_REPRESENTATION_CONTEXT(2) 
PARAMETRIC_REPRESENTATION_CONTEXT() REPRESENTATION_CONTEXT('2D SPACE',''
  ) );
#4817 = ORIENTED_EDGE('',*,*,#4818,.T.);
#4818 = EDGE_CURVE('',#4791,#546,#4819,.T.);
#4819 = SURFACE_CURVE('',#4820,(#4824,#4831),.PCURVE_S1.);
#4820 = LINE('',#4821,#4822);
#4821 = CARTESIAN_POINT('',(12.,0.3,-0.6));
#4822 = VECTOR('',#4823,1.);
#4823 = DIRECTION('',(0.,-1.,0.));
#4824 = PCURVE('',#587,#4825);
#4825 = DEFINITIONAL_REPRESENTATION('',(#4826),#4830);
#4826 = LINE('',#4827,#4828);
#4827 = CARTESIAN_POINT('',(-1.668082500457,0.539935186415));
#4828 = VECTOR('',#4829,1.);
#4829 = DIRECTION('',(0.,-1.));
#4830 = ( GEOMETRIC_REPRESENTATION_CONTEXT(2) 
PARAMETRIC_REPRESENTATION_CONTEXT() REPRESENTATION_CONTEXT('2D SPACE',''
  ) );
#4831 = PCURVE('',#560,#4832);
#4832 = DEFINITIONAL_REPRESENTATION('',(#4833),#4837);
#4833 = LINE('',#4834,#4835);
#4834 = CARTESIAN_POINT('',(0.,0.));
#4835 = VECTOR('',#4836,1.);
#4836 = DIRECTION('',(1.,0.));
#4837 = ( GEOMETRIC_REPRESENTATION_CONTEXT(2) 
PARAMETRIC_REPRESENTATION_CONTEXT() REPRESENTATION_CONTEXT('2D SPACE',''
  ) );
#4838 = ORIENTED_EDGE('',*,*,#571,.F.);
#4839 = ORIENTED_EDGE('',*,*,#4687,.T.);
#4840 = ADVANCED_FACE('',(#4841),#4750,.F.);
#4841 = FACE_BOUND('',#4842,.F.);
#4842 = EDGE_LOOP('',(#4843,#4866,#4889,#4910));
#4843 = ORIENTED_EDGE('',*,*,#4844,.T.);
#4844 = EDGE_CURVE('',#4712,#4845,#4847,.T.);
#4845 = VERTEX_POINT('',#4846);
#4846 = CARTESIAN_POINT('',(15.2,-0.8,-1.E-01));
#4847 = SURFACE_CURVE('',#4848,(#4852,#4859),.PCURVE_S1.);
#4848 = LINE('',#4849,#4850);
#4849 = CARTESIAN_POINT('',(15.2,-0.8,-0.6));
#4850 = VECTOR('',#4851,1.);
#4851 = DIRECTION('',(0.,0.,1.));
#4852 = PCURVE('',#4750,#4853);
#4853 = DEFINITIONAL_REPRESENTATION('',(#4854),#4858);
#4854 = LINE('',#4855,#4856);
#4855 = CARTESIAN_POINT('',(0.,0.));
#4856 = VECTOR('',#4857,1.);
#4857 = DIRECTION('',(0.,-1.));
#4858 = ( GEOMETRIC_REPRESENTATION_CONTEXT(2) 
PARAMETRIC_REPRESENTATION_CONTEXT() REPRESENTATION_CONTEXT('2D SPACE',''
  ) );
#4859 = PCURVE('',#506,#4860);
#4860 = DEFINITIONAL_REPRESENTATION('',(#4861),#4865);
#4861 = LINE('',#4862,#4863);
#4862 = CARTESIAN_POINT('',(3.23882694814,0.));
#4863 = VECTOR('',#4864,1.);
#4864 = DIRECTION('',(0.,-1.));
#4865 = ( GEOMETRIC_REPRESENTATION_CONTEXT(2) 
PARAMETRIC_REPRESENTATION_CONTEXT() REPRESENTATION_CONTEXT('2D SPACE',''
  ) );
#4866 = ORIENTED_EDGE('',*,*,#4867,.T.);
#4867 = EDGE_CURVE('',#4845,#4868,#4870,.T.);
#4868 = VERTEX_POINT('',#4869);
#4869 = CARTESIAN_POINT('',(15.8,1.E-01,-1.E-01));
#4870 = SURFACE_CURVE('',#4871,(#4875,#4882),.PCURVE_S1.);
#4871 = LINE('',#4872,#4873);
#4872 = CARTESIAN_POINT('',(15.2,-0.8,-1.E-01));
#4873 = VECTOR('',#4874,1.);
#4874 = DIRECTION('',(0.554700196225,0.832050294338,0.));
#4875 = PCURVE('',#4750,#4876);
#4876 = DEFINITIONAL_REPRESENTATION('',(#4877),#4881);
#4877 = LINE('',#4878,#4879);
#4878 = CARTESIAN_POINT('',(0.,-0.5));
#4879 = VECTOR('',#4880,1.);
#4880 = DIRECTION('',(1.,0.));
#4881 = ( GEOMETRIC_REPRESENTATION_CONTEXT(2) 
PARAMETRIC_REPRESENTATION_CONTEXT() REPRESENTATION_CONTEXT('2D SPACE',''
  ) );
#4882 = PCURVE('',#533,#4883);
#4883 = DEFINITIONAL_REPRESENTATION('',(#4884),#4888);
#4884 = LINE('',#4885,#4886);
#4885 = CARTESIAN_POINT('',(1.531917499543,-0.560064813585));
#4886 = VECTOR('',#4887,1.);
#4887 = DIRECTION('',(0.554700196225,0.832050294338));
#4888 = ( GEOMETRIC_REPRESENTATION_CONTEXT(2) 
PARAMETRIC_REPRESENTATION_CONTEXT() REPRESENTATION_CONTEXT('2D SPACE',''
  ) );
#4889 = ORIENTED_EDGE('',*,*,#4890,.F.);
#4890 = EDGE_CURVE('',#4735,#4868,#4891,.T.);
#4891 = SURFACE_CURVE('',#4892,(#4896,#4903),.PCURVE_S1.);
#4892 = LINE('',#4893,#4894);
#4893 = CARTESIAN_POINT('',(15.8,1.E-01,-0.6));
#4894 = VECTOR('',#4895,1.);
#4895 = DIRECTION('',(0.,0.,1.));
#4896 = PCURVE('',#4750,#4897);
#4897 = DEFINITIONAL_REPRESENTATION('',(#4898),#4902);
#4898 = LINE('',#4899,#4900);
#4899 = CARTESIAN_POINT('',(1.081665382639,0.));
#4900 = VECTOR('',#4901,1.);
#4901 = DIRECTION('',(0.,-1.));
#4902 = ( GEOMETRIC_REPRESENTATION_CONTEXT(2) 
PARAMETRIC_REPRESENTATION_CONTEXT() REPRESENTATION_CONTEXT('2D SPACE',''
  ) );
#4903 = PCURVE('',#4778,#4904);
#4904 = DEFINITIONAL_REPRESENTATION('',(#4905),#4909);
#4905 = LINE('',#4906,#4907);
#4906 = CARTESIAN_POINT('',(0.,0.));
#4907 = VECTOR('',#4908,1.);
#4908 = DIRECTION('',(0.,-1.));
#4909 = ( GEOMETRIC_REPRESENTATION_CONTEXT(2) 
PARAMETRIC_REPRESENTATION_CONTEXT() REPRESENTATION_CONTEXT('2D SPACE',''
  ) );
#4910 = ORIENTED_EDGE('',*,*,#4734,.F.);
#4911 = ADVANCED_FACE('',(#4912),#4778,.F.);
#4912 = FACE_BOUND('',#4913,.F.);
#4913 = EDGE_LOOP('',(#4914,#4915,#4938,#4959));
#4914 = ORIENTED_EDGE('',*,*,#4890,.T.);
#4915 = ORIENTED_EDGE('',*,*,#4916,.T.);
#4916 = EDGE_CURVE('',#4868,#4917,#4919,.T.);
#4917 = VERTEX_POINT('',#4918);
#4918 = CARTESIAN_POINT('',(13.5,0.9,-1.E-01));
#4919 = SURFACE_CURVE('',#4920,(#4924,#4931),.PCURVE_S1.);
#4920 = LINE('',#4921,#4922);
#4921 = CARTESIAN_POINT('',(15.8,1.E-01,-1.E-01));
#4922 = VECTOR('',#4923,1.);
#4923 = DIRECTION('',(-0.944496796706,0.328520624941,0.));
#4924 = PCURVE('',#4778,#4925);
#4925 = DEFINITIONAL_REPRESENTATION('',(#4926),#4930);
#4926 = LINE('',#4927,#4928);
#4927 = CARTESIAN_POINT('',(0.,-0.5));
#4928 = VECTOR('',#4929,1.);
#4929 = DIRECTION('',(1.,0.));
#4930 = ( GEOMETRIC_REPRESENTATION_CONTEXT(2) 
PARAMETRIC_REPRESENTATION_CONTEXT() REPRESENTATION_CONTEXT('2D SPACE',''
  ) );
#4931 = PCURVE('',#533,#4932);
#4932 = DEFINITIONAL_REPRESENTATION('',(#4933),#4937);
#4933 = LINE('',#4934,#4935);
#4934 = CARTESIAN_POINT('',(2.131917499543,0.339935186415));
#4935 = VECTOR('',#4936,1.);
#4936 = DIRECTION('',(-0.944496796706,0.328520624941));
#4937 = ( GEOMETRIC_REPRESENTATION_CONTEXT(2) 
PARAMETRIC_REPRESENTATION_CONTEXT() REPRESENTATION_CONTEXT('2D SPACE',''
  ) );
#4938 = ORIENTED_EDGE('',*,*,#4939,.F.);
#4939 = EDGE_CURVE('',#4763,#4917,#4940,.T.);
#4940 = SURFACE_CURVE('',#4941,(#4945,#4952),.PCURVE_S1.);
#4941 = LINE('',#4942,#4943);
#4942 = CARTESIAN_POINT('',(13.5,0.9,-0.6));
#4943 = VECTOR('',#4944,1.);
#4944 = DIRECTION('',(0.,0.,1.));
#4945 = PCURVE('',#4778,#4946);
#4946 = DEFINITIONAL_REPRESENTATION('',(#4947),#4951);
#4947 = LINE('',#4948,#4949);
#4948 = CARTESIAN_POINT('',(2.435159132377,0.));
#4949 = VECTOR('',#4950,1.);
#4950 = DIRECTION('',(0.,-1.));
#4951 = ( GEOMETRIC_REPRESENTATION_CONTEXT(2) 
PARAMETRIC_REPRESENTATION_CONTEXT() REPRESENTATION_CONTEXT('2D SPACE',''
  ) );
#4952 = PCURVE('',#4806,#4953);
#4953 = DEFINITIONAL_REPRESENTATION('',(#4954),#4958);
#4954 = LINE('',#4955,#4956);
#4955 = CARTESIAN_POINT('',(0.,0.));
#4956 = VECTOR('',#4957,1.);
#4957 = DIRECTION('',(0.,-1.));
#4958 = ( GEOMETRIC_REPRESENTATION_CONTEXT(2) 
PARAMETRIC_REPRESENTATION_CONTEXT() REPRESENTATION_CONTEXT('2D SPACE',''
  ) );
#4959 = ORIENTED_EDGE('',*,*,#4762,.F.);
#4960 = ADVANCED_FACE('',(#4961),#4806,.F.);
#4961 = FACE_BOUND('',#4962,.F.);
#4962 = EDGE_LOOP('',(#4963,#4964,#4987,#5008));
#4963 = ORIENTED_EDGE('',*,*,#4939,.T.);
#4964 = ORIENTED_EDGE('',*,*,#4965,.T.);
#4965 = EDGE_CURVE('',#4917,#4966,#4968,.T.);
#4966 = VERTEX_POINT('',#4967);
#4967 = CARTESIAN_POINT('',(12.,0.3,-1.E-01));
#4968 = SURFACE_CURVE('',#4969,(#4973,#4980),.PCURVE_S1.);
#4969 = LINE('',#4970,#4971);
#4970 = CARTESIAN_POINT('',(13.5,0.9,-1.E-01));
#4971 = VECTOR('',#4972,1.);
#4972 = DIRECTION('',(-0.928476690885,-0.371390676354,0.));
#4973 = PCURVE('',#4806,#4974);
#4974 = DEFINITIONAL_REPRESENTATION('',(#4975),#4979);
#4975 = LINE('',#4976,#4977);
#4976 = CARTESIAN_POINT('',(0.,-0.5));
#4977 = VECTOR('',#4978,1.);
#4978 = DIRECTION('',(1.,0.));
#4979 = ( GEOMETRIC_REPRESENTATION_CONTEXT(2) 
PARAMETRIC_REPRESENTATION_CONTEXT() REPRESENTATION_CONTEXT('2D SPACE',''
  ) );
#4980 = PCURVE('',#533,#4981);
#4981 = DEFINITIONAL_REPRESENTATION('',(#4982),#4986);
#4982 = LINE('',#4983,#4984);
#4983 = CARTESIAN_POINT('',(-0.168082500457,1.139935186415));
#4984 = VECTOR('',#4985,1.);
#4985 = DIRECTION('',(-0.928476690885,-0.371390676354));
#4986 = ( GEOMETRIC_REPRESENTATION_CONTEXT(2) 
PARAMETRIC_REPRESENTATION_CONTEXT() REPRESENTATION_CONTEXT('2D SPACE',''
  ) );
#4987 = ORIENTED_EDGE('',*,*,#4988,.F.);
#4988 = EDGE_CURVE('',#4791,#4966,#4989,.T.);
#4989 = SURFACE_CURVE('',#4990,(#4994,#5001),.PCURVE_S1.);
#4990 = LINE('',#4991,#4992);
#4991 = CARTESIAN_POINT('',(12.,0.3,-0.6));
#4992 = VECTOR('',#4993,1.);
#4993 = DIRECTION('',(0.,0.,1.));
#4994 = PCURVE('',#4806,#4995);
#4995 = DEFINITIONAL_REPRESENTATION('',(#4996),#5000);
#4996 = LINE('',#4997,#4998);
#4997 = CARTESIAN_POINT('',(1.61554944214,0.));
#4998 = VECTOR('',#4999,1.);
#4999 = DIRECTION('',(0.,-1.));
#5000 = ( GEOMETRIC_REPRESENTATION_CONTEXT(2) 
PARAMETRIC_REPRESENTATION_CONTEXT() REPRESENTATION_CONTEXT('2D SPACE',''
  ) );
#5001 = PCURVE('',#560,#5002);
#5002 = DEFINITIONAL_REPRESENTATION('',(#5003),#5007);
#5003 = LINE('',#5004,#5005);
#5004 = CARTESIAN_POINT('',(0.,0.));
#5005 = VECTOR('',#5006,1.);
#5006 = DIRECTION('',(0.,-1.));
#5007 = ( GEOMETRIC_REPRESENTATION_CONTEXT(2) 
PARAMETRIC_REPRESENTATION_CONTEXT() REPRESENTATION_CONTEXT('2D SPACE',''
  ) );
#5008 = ORIENTED_EDGE('',*,*,#4790,.F.);
#5009 = ADVANCED_FACE('',(#5010),#560,.F.);
#5010 = FACE_BOUND('',#5011,.F.);
#5011 = EDGE_LOOP('',(#5012,#5013,#5014,#5035));
#5012 = ORIENTED_EDGE('',*,*,#4818,.F.);
#5013 = ORIENTED_EDGE('',*,*,#4988,.T.);
#5014 = ORIENTED_EDGE('',*,*,#5015,.T.);
#5015 = EDGE_CURVE('',#4966,#518,#5016,.T.);
#5016 = SURFACE_CURVE('',#5017,(#5021,#5028),.PCURVE_S1.);
#5017 = LINE('',#5018,#5019);
#5018 = CARTESIAN_POINT('',(12.,0.3,-1.E-01));
#5019 = VECTOR('',#5020,1.);
#5020 = DIRECTION('',(0.,-1.,0.));
#5021 = PCURVE('',#560,#5022);
#5022 = DEFINITIONAL_REPRESENTATION('',(#5023),#5027);
#5023 = LINE('',#5024,#5025);
#5024 = CARTESIAN_POINT('',(0.,-0.5));
#5025 = VECTOR('',#5026,1.);
#5026 = DIRECTION('',(1.,0.));
#5027 = ( GEOMETRIC_REPRESENTATION_CONTEXT(2) 
PARAMETRIC_REPRESENTATION_CONTEXT() REPRESENTATION_CONTEXT('2D SPACE',''
  ) );
#5028 = PCURVE('',#533,#5029);
#5029 = DEFINITIONAL_REPRESENTATION('',(#5030),#5034);
#5030 = LINE('',#5031,#5032);
#5031 = CARTESIAN_POINT('',(-1.668082500457,0.539935186415));
#5032 = VECTOR('',#5033,1.);
#5033 = DIRECTION('',(0.,-1.));
#5034 = ( GEOMETRIC_REPRESENTATION_CONTEXT(2) 
PARAMETRIC_REPRESENTATION_CONTEXT() REPRESENTATION_CONTEXT('2D SPACE',''
  ) );
#5035 = ORIENTED_EDGE('',*,*,#545,.F.);
#5036 = ADVANCED_FACE('',(#5037),#533,.T.);
#5037 = FACE_BOUND('',#5038,.T.);
#5038 = EDGE_LOOP('',(#5039,#5040,#5061,#5062,#5063,#5064));
#5039 = ORIENTED_EDGE('',*,*,#517,.F.);
#5040 = ORIENTED_EDGE('',*,*,#5041,.T.);
#5041 = EDGE_CURVE('',#492,#4845,#5042,.T.);
#5042 = SURFACE_CURVE('',#5043,(#5047,#5054),.PCURVE_S1.);
#5043 = LINE('',#5044,#5045);
#5044 = CARTESIAN_POINT('',(12.,-1.3,-1.E-01));
#5045 = VECTOR('',#5046,1.);
#5046 = DIRECTION('',(0.988012033751,0.154376880274,0.));
#5047 = PCURVE('',#533,#5048);
#5048 = DEFINITIONAL_REPRESENTATION('',(#5049),#5053);
#5049 = LINE('',#5050,#5051);
#5050 = CARTESIAN_POINT('',(-1.668082500457,-1.060064813585));
#5051 = VECTOR('',#5052,1.);
#5052 = DIRECTION('',(0.988012033751,0.154376880274));
#5053 = ( GEOMETRIC_REPRESENTATION_CONTEXT(2) 
PARAMETRIC_REPRESENTATION_CONTEXT() REPRESENTATION_CONTEXT('2D SPACE',''
  ) );
#5054 = PCURVE('',#506,#5055);
#5055 = DEFINITIONAL_REPRESENTATION('',(#5056),#5060);
#5056 = LINE('',#5057,#5058);
#5057 = CARTESIAN_POINT('',(0.,-0.5));
#5058 = VECTOR('',#5059,1.);
#5059 = DIRECTION('',(1.,0.));
#5060 = ( GEOMETRIC_REPRESENTATION_CONTEXT(2) 
PARAMETRIC_REPRESENTATION_CONTEXT() REPRESENTATION_CONTEXT('2D SPACE',''
  ) );
#5061 = ORIENTED_EDGE('',*,*,#4867,.T.);
#5062 = ORIENTED_EDGE('',*,*,#4916,.T.);
#5063 = ORIENTED_EDGE('',*,*,#4965,.T.);
#5064 = ORIENTED_EDGE('',*,*,#5015,.T.);
#5065 = ADVANCED_FACE('',(#5066),#506,.F.);
#5066 = FACE_BOUND('',#5067,.F.);
#5067 = EDGE_LOOP('',(#5068,#5069,#5070,#5089,#5090,#5091));
#5068 = ORIENTED_EDGE('',*,*,#4711,.F.);
#5069 = ORIENTED_EDGE('',*,*,#4663,.T.);
#5070 = ORIENTED_EDGE('',*,*,#5071,.T.);
#5071 = EDGE_CURVE('',#4575,#463,#5072,.T.);
#5072 = SURFACE_CURVE('',#5073,(#5077,#5083),.PCURVE_S1.);
#5073 = LINE('',#5074,#5075);
#5074 = CARTESIAN_POINT('',(11.235462345091,-1.41945900858,-0.175));
#5075 = VECTOR('',#5076,1.);
#5076 = DIRECTION('',(-0.988012033751,-0.154376880274,0.));
#5077 = PCURVE('',#506,#5078);
#5078 = DEFINITIONAL_REPRESENTATION('',(#5079),#5082);
#5079 = B_SPLINE_CURVE_WITH_KNOTS('',1,(#5080,#5081),.UNSPECIFIED.,.F.,
  .F.,(2,2),(-2.292014244312,-2.070718055949),.PIECEWISE_BEZIER_KNOTS.);
#5080 = CARTESIAN_POINT('',(1.518200131941,-0.425));
#5081 = CARTESIAN_POINT('',(1.296903943578,-0.425));
#5082 = ( GEOMETRIC_REPRESENTATION_CONTEXT(2) 
PARAMETRIC_REPRESENTATION_CONTEXT() REPRESENTATION_CONTEXT('2D SPACE',''
  ) );
#5083 = PCURVE('',#479,#5084);
#5084 = DEFINITIONAL_REPRESENTATION('',(#5085),#5088);
#5085 = B_SPLINE_CURVE_WITH_KNOTS('',1,(#5086,#5087),.UNSPECIFIED.,.F.,
  .F.,(2,2),(-2.292014244312,-2.070718055949),.PIECEWISE_BEZIER_KNOTS.);
#5086 = CARTESIAN_POINT('',(3.,0.659375));
#5087 = CARTESIAN_POINT('',(2.781356702874,0.625211984824));
#5088 = ( GEOMETRIC_REPRESENTATION_CONTEXT(2) 
PARAMETRIC_REPRESENTATION_CONTEXT() REPRESENTATION_CONTEXT('2D SPACE',''
  ) );
#5089 = ORIENTED_EDGE('',*,*,#491,.T.);
#5090 = ORIENTED_EDGE('',*,*,#5041,.T.);
#5091 = ORIENTED_EDGE('',*,*,#4844,.F.);
#5092 = ADVANCED_FACE('',(#5093),#479,.T.);
#5093 = FACE_BOUND('',#5094,.T.);
#5094 = EDGE_LOOP('',(#5095,#5096,#5097,#5098));
#5095 = ORIENTED_EDGE('',*,*,#4572,.T.);
#5096 = ORIENTED_EDGE('',*,*,#5071,.T.);
#5097 = ORIENTED_EDGE('',*,*,#462,.F.);
#5098 = ORIENTED_EDGE('',*,*,#5099,.T.);
#5099 = EDGE_CURVE('',#423,#4573,#5100,.T.);
#5100 = SURFACE_CURVE('',#5101,(#5105,#5111),.PCURVE_S1.);
#5101 = LINE('',#5102,#5103);
#5102 = CARTESIAN_POINT('',(12.4,-1.303390205623,-0.175));
#5103 = VECTOR('',#5104,1.);
#5104 = DIRECTION('',(1.,0.,0.));
#5105 = PCURVE('',#479,#5106);
#5106 = DEFINITIONAL_REPRESENTATION('',(#5107),#5110);
#5107 = B_SPLINE_CURVE_WITH_KNOTS('',1,(#5108,#5109),.UNSPECIFIED.,.F.,
  .F.,(2,2),(0.859492373161,1.121864329713),.PIECEWISE_BEZIER_KNOTS.);
#5108 = CARTESIAN_POINT('',(2.759492373161,0.421609794377));
#5109 = CARTESIAN_POINT('',(3.021864329713,0.421609794377));
#5110 = ( GEOMETRIC_REPRESENTATION_CONTEXT(2) 
PARAMETRIC_REPRESENTATION_CONTEXT() REPRESENTATION_CONTEXT('2D SPACE',''
  ) );
#5111 = PCURVE('',#446,#5112);
#5112 = DEFINITIONAL_REPRESENTATION('',(#5113),#5116);
#5113 = B_SPLINE_CURVE_WITH_KNOTS('',1,(#5114,#5115),.UNSPECIFIED.,.F.,
  .F.,(2,2),(0.949995743144,1.1),.PIECEWISE_BEZIER_KNOTS.);
#5114 = CARTESIAN_POINT('',(8.335316702849,0.949995743144));
#5115 = CARTESIAN_POINT('',(8.335316702849,1.1));
#5116 = ( GEOMETRIC_REPRESENTATION_CONTEXT(2) 
PARAMETRIC_REPRESENTATION_CONTEXT() REPRESENTATION_CONTEXT('2D SPACE',''
  ) );
#5117 = ADVANCED_FACE('',(#5118),#446,.T.);
#5118 = FACE_BOUND('',#5119,.T.);
#5119 = EDGE_LOOP('',(#5120,#5121,#5122,#5123,#5124,#5125,#5126,#5127,
    #5128,#5129,#5148,#5149,#5150,#5151,#5152,#5153,#5154));
#5120 = ORIENTED_EDGE('',*,*,#1418,.F.);
#5121 = ORIENTED_EDGE('',*,*,#1069,.T.);
#5122 = ORIENTED_EDGE('',*,*,#989,.T.);
#5123 = ORIENTED_EDGE('',*,*,#915,.T.);
#5124 = ORIENTED_EDGE('',*,*,#653,.T.);
#5125 = ORIENTED_EDGE('',*,*,#4522,.T.);
#5126 = ORIENTED_EDGE('',*,*,#4597,.T.);
#5127 = ORIENTED_EDGE('',*,*,#5099,.F.);
#5128 = ORIENTED_EDGE('',*,*,#422,.F.);
#5129 = ORIENTED_EDGE('',*,*,#5130,.F.);
#5130 = EDGE_CURVE('',#2236,#390,#5131,.T.);
#5131 = SURFACE_CURVE('',#5132,(#5136,#5142),.PCURVE_S1.);
#5132 = LINE('',#5133,#5134);
#5133 = CARTESIAN_POINT('',(12.4,-1.593082142639,0.2));
#5134 = VECTOR('',#5135,1.);
#5135 = DIRECTION('',(1.,0.,0.));
#5136 = PCURVE('',#446,#5137);
#5137 = DEFINITIONAL_REPRESENTATION('',(#5138),#5141);
#5138 = B_SPLINE_CURVE_WITH_KNOTS('',1,(#5139,#5140),.UNSPECIFIED.,.F.,
  .F.,(2,2),(0.123548333648,0.917802283222),.PIECEWISE_BEZIER_KNOTS.);
#5139 = CARTESIAN_POINT('',(8.68815395875,0.123548333648));
#5140 = CARTESIAN_POINT('',(8.68815395875,0.917802283222));
#5141 = ( GEOMETRIC_REPRESENTATION_CONTEXT(2) 
PARAMETRIC_REPRESENTATION_CONTEXT() REPRESENTATION_CONTEXT('2D SPACE',''
  ) );
#5142 = PCURVE('',#406,#5143);
#5143 = DEFINITIONAL_REPRESENTATION('',(#5144),#5147);
#5144 = B_SPLINE_CURVE_WITH_KNOTS('',1,(#5145,#5146),.UNSPECIFIED.,.F.,
  .F.,(2,2),(-2.399999999625E-06,1.22),.PIECEWISE_BEZIER_KNOTS.);
#5145 = CARTESIAN_POINT('',(0.3999976,-0.293082142639));
#5146 = CARTESIAN_POINT('',(1.62,-0.293082142639));
#5147 = ( GEOMETRIC_REPRESENTATION_CONTEXT(2) 
PARAMETRIC_REPRESENTATION_CONTEXT() REPRESENTATION_CONTEXT('2D SPACE',''
  ) );
#5148 = ORIENTED_EDGE('',*,*,#2235,.F.);
#5149 = ORIENTED_EDGE('',*,*,#2427,.T.);
#5150 = ORIENTED_EDGE('',*,*,#2612,.T.);
#5151 = ORIENTED_EDGE('',*,*,#3936,.T.);
#5152 = ORIENTED_EDGE('',*,*,#3629,.F.);
#5153 = ORIENTED_EDGE('',*,*,#3254,.T.);
#5154 = ORIENTED_EDGE('',*,*,#4139,.F.);
#5155 = ADVANCED_FACE('',(#5156),#406,.T.);
#5156 = FACE_BOUND('',#5157,.T.);
#5157 = EDGE_LOOP('',(#5158,#5159,#5160,#5179,#5180));
#5158 = ORIENTED_EDGE('',*,*,#5130,.T.);
#5159 = ORIENTED_EDGE('',*,*,#387,.F.);
#5160 = ORIENTED_EDGE('',*,*,#5161,.T.);
#5161 = EDGE_CURVE('',#388,#2133,#5162,.T.);
#5162 = SURFACE_CURVE('',#5163,(#5167,#5173),.PCURVE_S1.);
#5163 = LINE('',#5164,#5165);
#5164 = CARTESIAN_POINT('',(10.5,-1.669337613708,0.2));
#5165 = VECTOR('',#5166,1.);
#5166 = DIRECTION('',(1.,0.,0.));
#5167 = PCURVE('',#406,#5168);
#5168 = DEFINITIONAL_REPRESENTATION('',(#5169),#5172);
#5169 = B_SPLINE_CURVE_WITH_KNOTS('',1,(#5170,#5171),.UNSPECIFIED.,.F.,
  .F.,(2,2),(-2.399999999625E-06,1.4000024),.PIECEWISE_BEZIER_KNOTS.);
#5170 = CARTESIAN_POINT('',(-1.5000024,-0.369337613708));
#5171 = CARTESIAN_POINT('',(-9.99976E-02,-0.369337613708));
#5172 = ( GEOMETRIC_REPRESENTATION_CONTEXT(2) 
PARAMETRIC_REPRESENTATION_CONTEXT() REPRESENTATION_CONTEXT('2D SPACE',''
  ) );
#5173 = PCURVE('',#271,#5174);
#5174 = DEFINITIONAL_REPRESENTATION('',(#5175),#5178);
#5175 = B_SPLINE_CURVE_WITH_KNOTS('',1,(#5176,#5177),.UNSPECIFIED.,.F.,
  .F.,(2,2),(0.201504822073,1.027147245857),.PIECEWISE_BEZIER_KNOTS.);
#5176 = CARTESIAN_POINT('',(2.448432746013,0.201504822073));
#5177 = CARTESIAN_POINT('',(2.448432746013,1.027147245857));
#5178 = ( GEOMETRIC_REPRESENTATION_CONTEXT(2) 
PARAMETRIC_REPRESENTATION_CONTEXT() REPRESENTATION_CONTEXT('2D SPACE',''
  ) );
#5179 = ORIENTED_EDGE('',*,*,#2132,.F.);
#5180 = ORIENTED_EDGE('',*,*,#2279,.F.);
#5181 = ADVANCED_FACE('',(#5182),#210,.T.);
#5182 = FACE_BOUND('',#5183,.T.);
#5183 = EDGE_LOOP('',(#5184,#5185,#5186,#5207));
#5184 = ORIENTED_EDGE('',*,*,#313,.F.);
#5185 = ORIENTED_EDGE('',*,*,#194,.T.);
#5186 = ORIENTED_EDGE('',*,*,#5187,.T.);
#5187 = EDGE_CURVE('',#195,#791,#5188,.T.);
#5188 = SURFACE_CURVE('',#5189,(#5193,#5200),.PCURVE_S1.);
#5189 = LINE('',#5190,#5191);
#5190 = CARTESIAN_POINT('',(10.5,-0.875,-0.175));
#5191 = VECTOR('',#5192,1.);
#5192 = DIRECTION('',(1.,0.,0.));
#5193 = PCURVE('',#210,#5194);
#5194 = DEFINITIONAL_REPRESENTATION('',(#5195),#5199);
#5195 = LINE('',#5196,#5197);
#5196 = CARTESIAN_POINT('',(0.85,0.));
#5197 = VECTOR('',#5198,1.);
#5198 = DIRECTION('',(0.,1.));
#5199 = ( GEOMETRIC_REPRESENTATION_CONTEXT(2) 
PARAMETRIC_REPRESENTATION_CONTEXT() REPRESENTATION_CONTEXT('2D SPACE',''
  ) );
#5200 = PCURVE('',#238,#5201);
#5201 = DEFINITIONAL_REPRESENTATION('',(#5202),#5206);
#5202 = LINE('',#5203,#5204);
#5203 = CARTESIAN_POINT('',(0.,0.85));
#5204 = VECTOR('',#5205,1.);
#5205 = DIRECTION('',(1.,0.));
#5206 = ( GEOMETRIC_REPRESENTATION_CONTEXT(2) 
PARAMETRIC_REPRESENTATION_CONTEXT() REPRESENTATION_CONTEXT('2D SPACE',''
  ) );
#5207 = ORIENTED_EDGE('',*,*,#790,.F.);
#5208 = ADVANCED_FACE('',(#5209),#238,.T.);
#5209 = FACE_BOUND('',#5210,.T.);
#5210 = EDGE_LOOP('',(#5211,#5212,#5213,#5232));
#5211 = ORIENTED_EDGE('',*,*,#5187,.F.);
#5212 = ORIENTED_EDGE('',*,*,#222,.F.);
#5213 = ORIENTED_EDGE('',*,*,#5214,.T.);
#5214 = EDGE_CURVE('',#223,#812,#5215,.T.);
#5215 = SURFACE_CURVE('',#5216,(#5220,#5226),.PCURVE_S1.);
#5216 = LINE('',#5217,#5218);
#5217 = CARTESIAN_POINT('',(10.5,-1.360098688482,-0.175));
#5218 = VECTOR('',#5219,1.);
#5219 = DIRECTION('',(1.,0.,0.));
#5220 = PCURVE('',#238,#5221);
#5221 = DEFINITIONAL_REPRESENTATION('',(#5222),#5225);
#5222 = B_SPLINE_CURVE_WITH_KNOTS('',1,(#5223,#5224),.UNSPECIFIED.,.F.,
  .F.,(2,2),(-2.399999999625E-06,0.240507626839),
  .PIECEWISE_BEZIER_KNOTS.);
#5223 = CARTESIAN_POINT('',(-2.399999999625E-06,0.364901311518));
#5224 = CARTESIAN_POINT('',(0.240507626839,0.364901311518));
#5225 = ( GEOMETRIC_REPRESENTATION_CONTEXT(2) 
PARAMETRIC_REPRESENTATION_CONTEXT() REPRESENTATION_CONTEXT('2D SPACE',''
  ) );
#5226 = PCURVE('',#271,#5227);
#5227 = DEFINITIONAL_REPRESENTATION('',(#5228),#5231);
#5228 = B_SPLINE_CURVE_WITH_KNOTS('',1,(#5229,#5230),.UNSPECIFIED.,.F.,
  .F.,(2,2),(0.,0.151338386532),.PIECEWISE_BEZIER_KNOTS.);
#5229 = CARTESIAN_POINT('',(2.072328097357,0.));
#5230 = CARTESIAN_POINT('',(2.072328097357,0.151338386532));
#5231 = ( GEOMETRIC_REPRESENTATION_CONTEXT(2) 
PARAMETRIC_REPRESENTATION_CONTEXT() REPRESENTATION_CONTEXT('2D SPACE',''
  ) );
#5232 = ORIENTED_EDGE('',*,*,#811,.F.);
#5233 = ADVANCED_FACE('',(#5234),#271,.T.);
#5234 = FACE_BOUND('',#5235,.T.);
#5235 = EDGE_LOOP('',(#5236,#5237,#5363,#5364,#5365,#5366,#5367));
#5236 = ORIENTED_EDGE('',*,*,#250,.F.);
#5237 = ORIENTED_EDGE('',*,*,#5238,.T.);
#5238 = EDGE_CURVE('',#251,#4411,#5239,.T.);
#5239 = SURFACE_CURVE('',#5240,(#5279,#5321),.PCURVE_S1.);
#5240 = B_SPLINE_CURVE_WITH_KNOTS('',5,(#5241,#5242,#5243,#5244,#5245,
    #5246,#5247,#5248,#5249,#5250,#5251,#5252,#5253,#5254,#5255,#5256,
    #5257,#5258,#5259,#5260,#5261,#5262,#5263,#5264,#5265,#5266,#5267,
    #5268,#5269,#5270,#5271,#5272,#5273,#5274,#5275,#5276,#5277,#5278),
  .UNSPECIFIED.,.F.,.F.,(6,4,4,4,4,4,4,4,4,6),(0.,0.16358014553,
    0.228152335814,0.348366425735,0.480851563935,0.550718561114,
    0.62571954566,0.789614354082,0.935057136475,1.),.UNSPECIFIED.);
#5241 = CARTESIAN_POINT('',(10.4999976,-3.793084788972,-0.666090595813)
  );
#5242 = CARTESIAN_POINT('',(10.505887277849,-3.786590585421,
    -0.603379870756));
#5243 = CARTESIAN_POINT('',(10.515303822066,-3.77631367774,
    -0.541246483242));
#5244 = CARTESIAN_POINT('',(10.528371575365,-3.762365389003,
    -0.48032313376));
#5245 = CARTESIAN_POINT('',(10.545317080025,-3.745046796676,
    -0.421186811068));
#5246 = CARTESIAN_POINT('',(10.574778322239,-3.716842794641,
    -0.341894165171));
#5247 = CARTESIAN_POINT('',(10.583762917352,-3.708412256307,
    -0.319820273996));
#5248 = CARTESIAN_POINT('',(10.593408523829,-3.699566127399,
    -0.298152493507));
#5249 = CARTESIAN_POINT('',(10.60372656031,-3.690343543937,
    -0.276928496391));
#5250 = CARTESIAN_POINT('',(10.635201547725,-3.663004706504,
    -0.217567420395));
#5251 = CARTESIAN_POINT('',(10.658048200066,-3.644062501666,
    -0.180592962001));
#5252 = CARTESIAN_POINT('',(10.68329781791,-3.624274394177,
    -0.145543065449));
#5253 = CARTESIAN_POINT('',(10.710932914667,-3.6040149625,
    -0.112607409874));
#5254 = CARTESIAN_POINT('',(10.773848382933,-3.561230927015,
    -4.804399310643E-02));
#5255 = CARTESIAN_POINT('',(10.80958861007,-3.53870828196,
    -1.692627281902E-02));
#5256 = CARTESIAN_POINT('',(10.847953537509,-3.516599324577,
    1.132589108632E-02));
#5257 = CARTESIAN_POINT('',(10.88869499037,-3.495414491766,
    3.669076670132E-02));
#5258 = CARTESIAN_POINT('',(10.953966431646,-3.465105367293,
    7.11040857622E-02));
#5259 = CARTESIAN_POINT('',(10.977066801958,-3.455008965704,
    8.220269538482E-02));
#5260 = CARTESIAN_POINT('',(11.00068427173,-3.445338687887,
    9.253012389946E-02));
#5261 = CARTESIAN_POINT('',(11.024771594497,-3.436143191481,
    0.102102766605));
#5262 = CARTESIAN_POINT('',(11.075591403102,-3.418143369334,
    0.120429038083));
#5263 = CARTESIAN_POINT('',(11.102388336541,-3.409417631932,
    0.129070187211));
#5264 = CARTESIAN_POINT('',(11.129613565227,-3.401333590856,
    0.136890185417));
#5265 = CARTESIAN_POINT('',(11.157211025063,-3.393929617883,
    0.143914064866));
#5266 = CARTESIAN_POINT('',(11.246129398382,-3.372602124165,
    0.16382897306));
#5267 = CARTESIAN_POINT('',(11.308614864996,-3.361362035319,
    0.173797366196));
#5268 = CARTESIAN_POINT('',(11.372097888039,-3.353784838878,
    0.180345024817));
#5269 = CARTESIAN_POINT('',(11.436066761602,-3.35,0.183615778645));
#5270 = CARTESIAN_POINT('',(11.55673534244,-3.35,0.183615778645));
#5271 = CARTESIAN_POINT('',(11.613489753834,-3.352980535662,
    0.18104010886));
#5272 = CARTESIAN_POINT('',(11.669906106487,-3.358945173728,
    0.175885784808));
#5273 = CARTESIAN_POINT('',(11.725632000557,-3.36781506248,0.16806279527
    ));
#5274 = CARTESIAN_POINT('',(11.804751344086,-3.384610332669,
    0.15263535339));
#5275 = CARTESIAN_POINT('',(11.828964859948,-3.390340297173,
    0.147307382339));
#5276 = CARTESIAN_POINT('',(11.852935037638,-3.396600200996,
    0.141398969124));
#5277 = CARTESIAN_POINT('',(11.876626499335,-3.403369172649,
    0.134894320462));
#5278 = CARTESIAN_POINT('',(11.9000024,-3.410621048724,0.127776538624));
#5279 = PCURVE('',#271,#5280);
#5280 = DEFINITIONAL_REPRESENTATION('',(#5281),#5320);
#5281 = B_SPLINE_CURVE_WITH_KNOTS('',5,(#5282,#5283,#5284,#5285,#5286,
    #5287,#5288,#5289,#5290,#5291,#5292,#5293,#5294,#5295,#5296,#5297,
    #5298,#5299,#5300,#5301,#5302,#5303,#5304,#5305,#5306,#5307,#5308,
    #5309,#5310,#5311,#5312,#5313,#5314,#5315,#5316,#5317,#5318,#5319),
  .UNSPECIFIED.,.F.,.F.,(6,4,4,4,4,4,4,4,4,6),(0.,0.16358014553,
    0.228152335814,0.348366425735,0.480851563935,0.550718561114,
    0.62571954566,0.789614354082,0.935057136475,1.),.UNSPECIFIED.);
#5282 = CARTESIAN_POINT('',(4.609198711559,-2.4E-06));
#5283 = CARTESIAN_POINT('',(4.560701717709,5.887277848909E-03));
#5284 = CARTESIAN_POINT('',(4.5123467894,1.530382206589E-02));
#5285 = CARTESIAN_POINT('',(4.464388889182,2.837157536513E-02));
#5286 = CARTESIAN_POINT('',(4.417065307082,4.531708002487E-02));
#5287 = CARTESIAN_POINT('',(4.352327376475,7.477832223934E-02));
#5288 = CARTESIAN_POINT('',(4.334156098292,8.3762917352E-02));
#5289 = CARTESIAN_POINT('',(4.316159055102,9.340852382867E-02));
#5290 = CARTESIAN_POINT('',(4.298362376576,0.10372656031));
#5291 = CARTESIAN_POINT('',(4.248090044992,0.135201547725));
#5292 = CARTESIAN_POINT('',(4.216161080595,0.158048200066));
#5293 = CARTESIAN_POINT('',(4.185231141634,0.18329781791));
#5294 = CARTESIAN_POINT('',(4.15550349669,0.210932914667));
#5295 = CARTESIAN_POINT('',(4.095924557572,0.273848382933));
#5296 = CARTESIAN_POINT('',(4.066401195149,0.30958861007));
#5297 = CARTESIAN_POINT('',(4.038826730559,0.347953537509));
#5298 = CARTESIAN_POINT('',(4.013413756269,0.38869499037));
#5299 = CARTESIAN_POINT('',(3.978138678697,0.453966431646));
#5300 = CARTESIAN_POINT('',(3.966598672189,0.477066801958));
#5301 = CARTESIAN_POINT('',(3.955716874063,0.50068427173));
#5302 = CARTESIAN_POINT('',(3.945506872922,0.524771594497));
#5303 = CARTESIAN_POINT('',(3.925747284977,0.575591403102));
#5304 = CARTESIAN_POINT('',(3.916301664824,0.602388336541));
#5305 = CARTESIAN_POINT('',(3.907650555542,0.629613565227));
#5306 = CARTESIAN_POINT('',(3.89980030338,0.657211025063));
#5307 = CARTESIAN_POINT('',(3.877354239735,0.746129398382));
#5308 = CARTESIAN_POINT('',(3.865801254951,0.808614864996));
#5309 = CARTESIAN_POINT('',(3.858096928926,0.872097888039));
#5310 = CARTESIAN_POINT('',(3.854249281608,0.936066761602));
#5311 = CARTESIAN_POINT('',(3.854249281608,1.05673534244));
#5312 = CARTESIAN_POINT('',(3.85727934656,1.113489753834));
#5313 = CARTESIAN_POINT('',(3.863343802567,1.169906106487));
#5314 = CARTESIAN_POINT('',(3.872439602702,1.225632000557));
#5315 = CARTESIAN_POINT('',(3.889982231487,1.304751344086));
#5316 = CARTESIAN_POINT('',(3.896000845185,1.328964859948));
#5317 = CARTESIAN_POINT('',(3.902621966382,1.352935037638));
#5318 = CARTESIAN_POINT('',(3.909842921407,1.376626499335));
#5319 = CARTESIAN_POINT('',(3.917659325221,1.4000024));
#5320 = ( GEOMETRIC_REPRESENTATION_CONTEXT(2) 
PARAMETRIC_REPRESENTATION_CONTEXT() REPRESENTATION_CONTEXT('2D SPACE',''
  ) );
#5321 = PCURVE('',#296,#5322);
#5322 = DEFINITIONAL_REPRESENTATION('',(#5323),#5362);
#5323 = B_SPLINE_CURVE_WITH_KNOTS('',5,(#5324,#5325,#5326,#5327,#5328,
    #5329,#5330,#5331,#5332,#5333,#5334,#5335,#5336,#5337,#5338,#5339,
    #5340,#5341,#5342,#5343,#5344,#5345,#5346,#5347,#5348,#5349,#5350,
    #5351,#5352,#5353,#5354,#5355,#5356,#5357,#5358,#5359,#5360,#5361),
  .UNSPECIFIED.,.F.,.F.,(6,4,4,4,4,4,4,4,4,6),(0.,0.16358014553,
    0.228152335814,0.348366425735,0.480851563935,0.550718561114,
    0.62571954566,0.789614354082,0.935057136475,1.),.UNSPECIFIED.);
#5324 = CARTESIAN_POINT('',(2.4049712979,0.733909404187));
#5325 = CARTESIAN_POINT('',(2.398477109935,0.796620129244));
#5326 = CARTESIAN_POINT('',(2.388152489922,0.858753516758));
#5327 = CARTESIAN_POINT('',(2.373994934505,0.91967686624));
#5328 = CARTESIAN_POINT('',(2.356056340342,0.978813188932));
#5329 = CARTESIAN_POINT('',(2.325845099384,1.058105834829));
#5330 = CARTESIAN_POINT('',(2.316719163838,1.080179726004));
#5331 = CARTESIAN_POINT('',(2.307025442892,1.101847506493));
#5332 = CARTESIAN_POINT('',(2.296775333735,1.123071503609));
#5333 = CARTESIAN_POINT('',(2.265893578942,1.182432579605));
#5334 = CARTESIAN_POINT('',(2.243915683327,1.219407037999));
#5335 = CARTESIAN_POINT('',(2.220166543811,1.254456934551));
#5336 = CARTESIAN_POINT('',(2.19480047739,1.287392590126));
#5337 = CARTESIAN_POINT('',(2.138441692191,1.351956006894));
#5338 = CARTESIAN_POINT('',(2.10716801554,1.383073727181));
#5339 = CARTESIAN_POINT('',(2.074406142688,1.411325891086));
#5340 = CARTESIAN_POINT('',(2.040425466931,1.436690766701));
#5341 = CARTESIAN_POINT('',(1.987117839007,1.471104085762));
#5342 = CARTESIAN_POINT('',(1.968448329817,1.482202695385));
#5343 = CARTESIAN_POINT('',(1.949551175244,1.492530123899));
#5344 = CARTESIAN_POINT('',(1.93045845023,1.502102766605));
#5345 = CARTESIAN_POINT('',(1.890522654406,1.520429038083));
#5346 = CARTESIAN_POINT('',(1.869654168041,1.529070187211));
#5347 = CARTESIAN_POINT('',(1.848626675963,1.536890185417));
#5348 = CARTESIAN_POINT('',(1.827468822732,1.543914064866));
#5349 = CARTESIAN_POINT('',(1.759735224089,1.56382897306));
#5350 = CARTESIAN_POINT('',(1.712784332451,1.573797366196));
#5351 = CARTESIAN_POINT('',(1.665538651017,1.580345024817));
#5352 = CARTESIAN_POINT('',(1.618154281163,1.583615778645));
#5353 = CARTESIAN_POINT('',(1.52877014721,1.583615778645));
#5354 = CARTESIAN_POINT('',(1.486729832784,1.58104010886));
#5355 = CARTESIAN_POINT('',(1.444785334232,1.575885784808));
#5356 = CARTESIAN_POINT('',(1.40304231644,1.56806279527));
#5357 = CARTESIAN_POINT('',(1.34312947796,1.55263535339));
#5358 = CARTESIAN_POINT('',(1.324703169423,1.547307382339));
#5359 = CARTESIAN_POINT('',(1.306358383626,1.541398969124));
#5360 = CARTESIAN_POINT('',(1.288111571587,1.534894320462));
#5361 = CARTESIAN_POINT('',(1.269981990178,1.527776538624));
#5362 = ( GEOMETRIC_REPRESENTATION_CONTEXT(2) 
PARAMETRIC_REPRESENTATION_CONTEXT() REPRESENTATION_CONTEXT('2D SPACE',''
  ) );
#5363 = ORIENTED_EDGE('',*,*,#4410,.T.);
#5364 = ORIENTED_EDGE('',*,*,#2156,.F.);
#5365 = ORIENTED_EDGE('',*,*,#5161,.F.);
#5366 = ORIENTED_EDGE('',*,*,#834,.F.);
#5367 = ORIENTED_EDGE('',*,*,#5214,.F.);
#5368 = ADVANCED_FACE('',(#5369,#5468),#296,.T.);
#5369 = FACE_BOUND('',#5370,.T.);
#5370 = EDGE_LOOP('',(#5371,#5372,#5373,#5374,#5375,#5376,#5399,#5426,
    #5427,#5428,#5429,#5430,#5431,#5432,#5433,#5466,#5467));
#5371 = ORIENTED_EDGE('',*,*,#3354,.F.);
#5372 = ORIENTED_EDGE('',*,*,#3404,.T.);
#5373 = ORIENTED_EDGE('',*,*,#3452,.T.);
#5374 = ORIENTED_EDGE('',*,*,#2932,.T.);
#5375 = ORIENTED_EDGE('',*,*,#3478,.T.);
#5376 = ORIENTED_EDGE('',*,*,#5377,.T.);
#5377 = EDGE_CURVE('',#3479,#5378,#5380,.T.);
#5378 = VERTEX_POINT('',#5379);
#5379 = CARTESIAN_POINT('',(12.85,-4.7,0.2));
#5380 = SEAM_CURVE('',#5381,(#5385,#5392),.PCURVE_S1.);
#5381 = LINE('',#5382,#5383);
#5382 = CARTESIAN_POINT('',(12.85,-4.7,-1.4));
#5383 = VECTOR('',#5384,1.);
#5384 = DIRECTION('',(0.,0.,1.));
#5385 = PCURVE('',#296,#5386);
#5386 = DEFINITIONAL_REPRESENTATION('',(#5387),#5391);
#5387 = LINE('',#5388,#5389);
#5388 = CARTESIAN_POINT('',(6.28318530718,-0.));
#5389 = VECTOR('',#5390,1.);
#5390 = DIRECTION('',(0.,1.));
#5391 = ( GEOMETRIC_REPRESENTATION_CONTEXT(2) 
PARAMETRIC_REPRESENTATION_CONTEXT() REPRESENTATION_CONTEXT('2D SPACE',''
  ) );
#5392 = PCURVE('',#296,#5393);
#5393 = DEFINITIONAL_REPRESENTATION('',(#5394),#5398);
#5394 = LINE('',#5395,#5396);
#5395 = CARTESIAN_POINT('',(0.,-0.));
#5396 = VECTOR('',#5397,1.);
#5397 = DIRECTION('',(0.,1.));
#5398 = ( GEOMETRIC_REPRESENTATION_CONTEXT(2) 
PARAMETRIC_REPRESENTATION_CONTEXT() REPRESENTATION_CONTEXT('2D SPACE',''
  ) );
#5399 = ORIENTED_EDGE('',*,*,#5400,.F.);
#5400 = EDGE_CURVE('',#5378,#5378,#5401,.T.);
#5401 = SURFACE_CURVE('',#5402,(#5407,#5414),.PCURVE_S1.);
#5402 = CIRCLE('',#5403,1.35);
#5403 = AXIS2_PLACEMENT_3D('',#5404,#5405,#5406);
#5404 = CARTESIAN_POINT('',(11.5,-4.7,0.2));
#5405 = DIRECTION('',(0.,0.,1.));
#5406 = DIRECTION('',(1.,0.,0.));
#5407 = PCURVE('',#296,#5408);
#5408 = DEFINITIONAL_REPRESENTATION('',(#5409),#5413);
#5409 = LINE('',#5410,#5411);
#5410 = CARTESIAN_POINT('',(0.,1.6));
#5411 = VECTOR('',#5412,1.);
#5412 = DIRECTION('',(1.,0.));
#5413 = ( GEOMETRIC_REPRESENTATION_CONTEXT(2) 
PARAMETRIC_REPRESENTATION_CONTEXT() REPRESENTATION_CONTEXT('2D SPACE',''
  ) );
#5414 = PCURVE('',#5415,#5420);
#5415 = PLANE('',#5416);
#5416 = AXIS2_PLACEMENT_3D('',#5417,#5418,#5419);
#5417 = CARTESIAN_POINT('',(11.5,-4.7,0.2));
#5418 = DIRECTION('',(0.,0.,1.));
#5419 = DIRECTION('',(1.,0.,0.));
#5420 = DEFINITIONAL_REPRESENTATION('',(#5421),#5425);
#5421 = CIRCLE('',#5422,1.35);
#5422 = AXIS2_PLACEMENT_2D('',#5423,#5424);
#5423 = CARTESIAN_POINT('',(0.,0.));
#5424 = DIRECTION('',(1.,0.));
#5425 = ( GEOMETRIC_REPRESENTATION_CONTEXT(2) 
PARAMETRIC_REPRESENTATION_CONTEXT() REPRESENTATION_CONTEXT('2D SPACE',''
  ) );
#5426 = ORIENTED_EDGE('',*,*,#5377,.F.);
#5427 = ORIENTED_EDGE('',*,*,#3505,.T.);
#5428 = ORIENTED_EDGE('',*,*,#2737,.T.);
#5429 = ORIENTED_EDGE('',*,*,#2476,.T.);
#5430 = ORIENTED_EDGE('',*,*,#4438,.T.);
#5431 = ORIENTED_EDGE('',*,*,#5238,.F.);
#5432 = ORIENTED_EDGE('',*,*,#283,.F.);
#5433 = ORIENTED_EDGE('',*,*,#5434,.T.);
#5434 = EDGE_CURVE('',#134,#4115,#5435,.T.);
#5435 = SURFACE_CURVE('',#5436,(#5444,#5455),.PCURVE_S1.);
#5436 = B_SPLINE_CURVE_WITH_KNOTS('',6,(#5437,#5438,#5439,#5440,#5441,
    #5442,#5443),.UNSPECIFIED.,.F.,.F.,(7,7),(0.,1.),
  .PIECEWISE_BEZIER_KNOTS.);
#5437 = CARTESIAN_POINT('',(10.4999976,-3.793084788972,-0.933909404187)
  );
#5438 = CARTESIAN_POINT('',(10.507909173699,-3.784361159033,
    -1.01814839582));
#5439 = CARTESIAN_POINT('',(10.521956539676,-3.769056339832,
    -1.101669772899));
#5440 = CARTESIAN_POINT('',(10.542457084387,-3.74733997443,
    -1.182903823317));
#5441 = CARTESIAN_POINT('',(10.569844903553,-3.719959665381,
    -1.26038885132));
#5442 = CARTESIAN_POINT('',(10.604675220508,-3.688101616457,
    -1.333024296988));
#5443 = CARTESIAN_POINT('',(10.647459720812,-3.653255010826,-1.4000024)
  );
#5444 = PCURVE('',#296,#5445);
#5445 = DEFINITIONAL_REPRESENTATION('',(#5446),#5454);
#5446 = B_SPLINE_CURVE_WITH_KNOTS('',6,(#5447,#5448,#5449,#5450,#5451,
    #5452,#5453),.UNSPECIFIED.,.F.,.F.,(7,7),(0.,1.),
  .PIECEWISE_BEZIER_KNOTS.);
#5447 = CARTESIAN_POINT('',(2.4049712979,0.466090595813));
#5448 = CARTESIAN_POINT('',(2.396247688898,0.38185160418));
#5449 = CARTESIAN_POINT('',(2.380859891474,0.298330227101));
#5450 = CARTESIAN_POINT('',(2.35874046088,0.217096176683));
#5451 = CARTESIAN_POINT('',(2.330078155292,0.13961114868));
#5452 = CARTESIAN_POINT('',(2.295171012837,6.697570301157E-02));
#5453 = CARTESIAN_POINT('',(2.254297160326,-2.4E-06));
#5454 = ( GEOMETRIC_REPRESENTATION_CONTEXT(2) 
PARAMETRIC_REPRESENTATION_CONTEXT() REPRESENTATION_CONTEXT('2D SPACE',''
  ) );
#5455 = PCURVE('',#154,#5456);
#5456 = DEFINITIONAL_REPRESENTATION('',(#5457),#5465);
#5457 = B_SPLINE_CURVE_WITH_KNOTS('',6,(#5458,#5459,#5460,#5461,#5462,
    #5463,#5464),.UNSPECIFIED.,.F.,.F.,(7,7),(0.,1.),
  .PIECEWISE_BEZIER_KNOTS.);
#5458 = CARTESIAN_POINT('',(4.815579249211,-2.4E-06));
#5459 = CARTESIAN_POINT('',(4.880725009452,7.909173699433E-03));
#5460 = CARTESIAN_POINT('',(4.945843223261,2.195653967612E-02));
#5461 = CARTESIAN_POINT('',(5.010216585728,4.245708438662E-02));
#5462 = CARTESIAN_POINT('',(5.073165125284,6.984490355251E-02));
#5463 = CARTESIAN_POINT('',(5.134042255383,0.104675220508));
#5464 = CARTESIAN_POINT('',(5.192119699125,0.147459720812));
#5465 = ( GEOMETRIC_REPRESENTATION_CONTEXT(2) 
PARAMETRIC_REPRESENTATION_CONTEXT() REPRESENTATION_CONTEXT('2D SPACE',''
  ) );
#5466 = ORIENTED_EDGE('',*,*,#4114,.T.);
#5467 = ORIENTED_EDGE('',*,*,#3207,.T.);
#5468 = FACE_BOUND('',#5469,.T.);
#5469 = EDGE_LOOP('',(#5470,#5498,#5527,#5553));
#5470 = ORIENTED_EDGE('',*,*,#5471,.F.);
#5471 = EDGE_CURVE('',#5472,#5474,#5476,.T.);
#5472 = VERTEX_POINT('',#5473);
#5473 = CARTESIAN_POINT('',(10.218643297126,-5.125,-1.025));
#5474 = VERTEX_POINT('',#5475);
#5475 = CARTESIAN_POINT('',(10.218643297126,-5.125,-0.175));
#5476 = SURFACE_CURVE('',#5477,(#5481,#5487),.PCURVE_S1.);
#5477 = LINE('',#5478,#5479);
#5478 = CARTESIAN_POINT('',(10.218643297126,-5.125,-1.4));
#5479 = VECTOR('',#5480,1.);
#5480 = DIRECTION('',(0.,0.,1.));
#5481 = PCURVE('',#296,#5482);
#5482 = DEFINITIONAL_REPRESENTATION('',(#5483),#5486);
#5483 = B_SPLINE_CURVE_WITH_KNOTS('',1,(#5484,#5485),.UNSPECIFIED.,.F.,
  .F.,(2,2),(0.29,1.31),.PIECEWISE_BEZIER_KNOTS.);
#5484 = CARTESIAN_POINT('',(3.461854195622,0.29));
#5485 = CARTESIAN_POINT('',(3.461854195622,1.31));
#5486 = ( GEOMETRIC_REPRESENTATION_CONTEXT(2) 
PARAMETRIC_REPRESENTATION_CONTEXT() REPRESENTATION_CONTEXT('2D SPACE',''
  ) );
#5487 = PCURVE('',#5488,#5493);
#5488 = PLANE('',#5489);
#5489 = AXIS2_PLACEMENT_3D('',#5490,#5491,#5492);
#5490 = CARTESIAN_POINT('',(10.,-5.125,-1.025));
#5491 = DIRECTION('',(0.,1.,0.));
#5492 = DIRECTION('',(0.,0.,1.));
#5493 = DEFINITIONAL_REPRESENTATION('',(#5494),#5497);
#5494 = B_SPLINE_CURVE_WITH_KNOTS('',1,(#5495,#5496),.UNSPECIFIED.,.F.,
  .F.,(2,2),(0.29,1.31),.PIECEWISE_BEZIER_KNOTS.);
#5495 = CARTESIAN_POINT('',(-8.5E-02,0.218643297126));
#5496 = CARTESIAN_POINT('',(0.935,0.218643297126));
#5497 = ( GEOMETRIC_REPRESENTATION_CONTEXT(2) 
PARAMETRIC_REPRESENTATION_CONTEXT() REPRESENTATION_CONTEXT('2D SPACE',''
  ) );
#5498 = ORIENTED_EDGE('',*,*,#5499,.F.);
#5499 = EDGE_CURVE('',#5500,#5472,#5502,.T.);
#5500 = VERTEX_POINT('',#5501);
#5501 = CARTESIAN_POINT('',(10.218643297126,-4.275,-1.025));
#5502 = SURFACE_CURVE('',#5503,(#5508,#5515),.PCURVE_S1.);
#5503 = CIRCLE('',#5504,1.35);
#5504 = AXIS2_PLACEMENT_3D('',#5505,#5506,#5507);
#5505 = CARTESIAN_POINT('',(11.5,-4.7,-1.025));
#5506 = DIRECTION('',(0.,0.,1.));
#5507 = DIRECTION('',(1.,0.,0.));
#5508 = PCURVE('',#296,#5509);
#5509 = DEFINITIONAL_REPRESENTATION('',(#5510),#5514);
#5510 = LINE('',#5511,#5512);
#5511 = CARTESIAN_POINT('',(0.,0.375));
#5512 = VECTOR('',#5513,1.);
#5513 = DIRECTION('',(1.,0.));
#5514 = ( GEOMETRIC_REPRESENTATION_CONTEXT(2) 
PARAMETRIC_REPRESENTATION_CONTEXT() REPRESENTATION_CONTEXT('2D SPACE',''
  ) );
#5515 = PCURVE('',#5516,#5521);
#5516 = PLANE('',#5517);
#5517 = AXIS2_PLACEMENT_3D('',#5518,#5519,#5520);
#5518 = CARTESIAN_POINT('',(10.,-5.125,-1.025));
#5519 = DIRECTION('',(0.,0.,1.));
#5520 = DIRECTION('',(1.,0.,0.));
#5521 = DEFINITIONAL_REPRESENTATION('',(#5522),#5526);
#5522 = CIRCLE('',#5523,1.35);
#5523 = AXIS2_PLACEMENT_2D('',#5524,#5525);
#5524 = CARTESIAN_POINT('',(1.5,0.425));
#5525 = DIRECTION('',(1.,0.));
#5526 = ( GEOMETRIC_REPRESENTATION_CONTEXT(2) 
PARAMETRIC_REPRESENTATION_CONTEXT() REPRESENTATION_CONTEXT('2D SPACE',''
  ) );
#5527 = ORIENTED_EDGE('',*,*,#5528,.T.);
#5528 = EDGE_CURVE('',#5500,#5529,#5531,.T.);
#5529 = VERTEX_POINT('',#5530);
#5530 = CARTESIAN_POINT('',(10.218643297126,-4.275,-0.175));
#5531 = SURFACE_CURVE('',#5532,(#5536,#5542),.PCURVE_S1.);
#5532 = LINE('',#5533,#5534);
#5533 = CARTESIAN_POINT('',(10.218643297126,-4.275,-1.4));
#5534 = VECTOR('',#5535,1.);
#5535 = DIRECTION('',(0.,0.,1.));
#5536 = PCURVE('',#296,#5537);
#5537 = DEFINITIONAL_REPRESENTATION('',(#5538),#5541);
#5538 = B_SPLINE_CURVE_WITH_KNOTS('',1,(#5539,#5540),.UNSPECIFIED.,.F.,
  .F.,(2,2),(0.29,1.31),.PIECEWISE_BEZIER_KNOTS.);
#5539 = CARTESIAN_POINT('',(2.821331111558,0.29));
#5540 = CARTESIAN_POINT('',(2.821331111558,1.31));
#5541 = ( GEOMETRIC_REPRESENTATION_CONTEXT(2) 
PARAMETRIC_REPRESENTATION_CONTEXT() REPRESENTATION_CONTEXT('2D SPACE',''
  ) );
#5542 = PCURVE('',#5543,#5548);
#5543 = PLANE('',#5544);
#5544 = AXIS2_PLACEMENT_3D('',#5545,#5546,#5547);
#5545 = CARTESIAN_POINT('',(10.,-4.275,-1.025));
#5546 = DIRECTION('',(0.,1.,0.));
#5547 = DIRECTION('',(0.,0.,1.));
#5548 = DEFINITIONAL_REPRESENTATION('',(#5549),#5552);
#5549 = B_SPLINE_CURVE_WITH_KNOTS('',1,(#5550,#5551),.UNSPECIFIED.,.F.,
  .F.,(2,2),(0.29,1.31),.PIECEWISE_BEZIER_KNOTS.);
#5550 = CARTESIAN_POINT('',(-8.5E-02,0.218643297126));
#5551 = CARTESIAN_POINT('',(0.935,0.218643297126));
#5552 = ( GEOMETRIC_REPRESENTATION_CONTEXT(2) 
PARAMETRIC_REPRESENTATION_CONTEXT() REPRESENTATION_CONTEXT('2D SPACE',''
  ) );
#5553 = ORIENTED_EDGE('',*,*,#5554,.T.);
#5554 = EDGE_CURVE('',#5529,#5474,#5555,.T.);
#5555 = SURFACE_CURVE('',#5556,(#5561,#5568),.PCURVE_S1.);
#5556 = CIRCLE('',#5557,1.35);
#5557 = AXIS2_PLACEMENT_3D('',#5558,#5559,#5560);
#5558 = CARTESIAN_POINT('',(11.5,-4.7,-0.175));
#5559 = DIRECTION('',(0.,0.,1.));
#5560 = DIRECTION('',(1.,0.,0.));
#5561 = PCURVE('',#296,#5562);
#5562 = DEFINITIONAL_REPRESENTATION('',(#5563),#5567);
#5563 = LINE('',#5564,#5565);
#5564 = CARTESIAN_POINT('',(0.,1.225));
#5565 = VECTOR('',#5566,1.);
#5566 = DIRECTION('',(1.,0.));
#5567 = ( GEOMETRIC_REPRESENTATION_CONTEXT(2) 
PARAMETRIC_REPRESENTATION_CONTEXT() REPRESENTATION_CONTEXT('2D SPACE',''
  ) );
#5568 = PCURVE('',#5569,#5574);
#5569 = PLANE('',#5570);
#5570 = AXIS2_PLACEMENT_3D('',#5571,#5572,#5573);
#5571 = CARTESIAN_POINT('',(10.,-5.125,-0.175));
#5572 = DIRECTION('',(0.,0.,1.));
#5573 = DIRECTION('',(1.,0.,0.));
#5574 = DEFINITIONAL_REPRESENTATION('',(#5575),#5579);
#5575 = CIRCLE('',#5576,1.35);
#5576 = AXIS2_PLACEMENT_2D('',#5577,#5578);
#5577 = CARTESIAN_POINT('',(1.5,0.425));
#5578 = DIRECTION('',(1.,0.));
#5579 = ( GEOMETRIC_REPRESENTATION_CONTEXT(2) 
PARAMETRIC_REPRESENTATION_CONTEXT() REPRESENTATION_CONTEXT('2D SPACE',''
  ) );
#5580 = ADVANCED_FACE('',(#5581),#5569,.T.);
#5581 = FACE_BOUND('',#5582,.T.);
#5582 = EDGE_LOOP('',(#5583,#5606,#5634,#5655));
#5583 = ORIENTED_EDGE('',*,*,#5584,.F.);
#5584 = EDGE_CURVE('',#5585,#5529,#5587,.T.);
#5585 = VERTEX_POINT('',#5586);
#5586 = CARTESIAN_POINT('',(10.,-4.275,-0.175));
#5587 = SURFACE_CURVE('',#5588,(#5592,#5599),.PCURVE_S1.);
#5588 = LINE('',#5589,#5590);
#5589 = CARTESIAN_POINT('',(10.,-4.275,-0.175));
#5590 = VECTOR('',#5591,1.);
#5591 = DIRECTION('',(1.,0.,0.));
#5592 = PCURVE('',#5569,#5593);
#5593 = DEFINITIONAL_REPRESENTATION('',(#5594),#5598);
#5594 = LINE('',#5595,#5596);
#5595 = CARTESIAN_POINT('',(0.,0.85));
#5596 = VECTOR('',#5597,1.);
#5597 = DIRECTION('',(1.,0.));
#5598 = ( GEOMETRIC_REPRESENTATION_CONTEXT(2) 
PARAMETRIC_REPRESENTATION_CONTEXT() REPRESENTATION_CONTEXT('2D SPACE',''
  ) );
#5599 = PCURVE('',#5543,#5600);
#5600 = DEFINITIONAL_REPRESENTATION('',(#5601),#5605);
#5601 = LINE('',#5602,#5603);
#5602 = CARTESIAN_POINT('',(0.85,0.));
#5603 = VECTOR('',#5604,1.);
#5604 = DIRECTION('',(0.,1.));
#5605 = ( GEOMETRIC_REPRESENTATION_CONTEXT(2) 
PARAMETRIC_REPRESENTATION_CONTEXT() REPRESENTATION_CONTEXT('2D SPACE',''
  ) );
#5606 = ORIENTED_EDGE('',*,*,#5607,.F.);
#5607 = EDGE_CURVE('',#5608,#5585,#5610,.T.);
#5608 = VERTEX_POINT('',#5609);
#5609 = CARTESIAN_POINT('',(10.,-5.125,-0.175));
#5610 = SURFACE_CURVE('',#5611,(#5615,#5622),.PCURVE_S1.);
#5611 = LINE('',#5612,#5613);
#5612 = CARTESIAN_POINT('',(10.,-5.125,-0.175));
#5613 = VECTOR('',#5614,1.);
#5614 = DIRECTION('',(0.,1.,0.));
#5615 = PCURVE('',#5569,#5616);
#5616 = DEFINITIONAL_REPRESENTATION('',(#5617),#5621);
#5617 = LINE('',#5618,#5619);
#5618 = CARTESIAN_POINT('',(0.,0.));
#5619 = VECTOR('',#5620,1.);
#5620 = DIRECTION('',(0.,1.));
#5621 = ( GEOMETRIC_REPRESENTATION_CONTEXT(2) 
PARAMETRIC_REPRESENTATION_CONTEXT() REPRESENTATION_CONTEXT('2D SPACE',''
  ) );
#5622 = PCURVE('',#5623,#5628);
#5623 = PLANE('',#5624);
#5624 = AXIS2_PLACEMENT_3D('',#5625,#5626,#5627);
#5625 = CARTESIAN_POINT('',(10.,-5.125,-1.025));
#5626 = DIRECTION('',(1.,0.,0.));
#5627 = DIRECTION('',(0.,0.,1.));
#5628 = DEFINITIONAL_REPRESENTATION('',(#5629),#5633);
#5629 = LINE('',#5630,#5631);
#5630 = CARTESIAN_POINT('',(0.85,0.));
#5631 = VECTOR('',#5632,1.);
#5632 = DIRECTION('',(0.,-1.));
#5633 = ( GEOMETRIC_REPRESENTATION_CONTEXT(2) 
PARAMETRIC_REPRESENTATION_CONTEXT() REPRESENTATION_CONTEXT('2D SPACE',''
  ) );
#5634 = ORIENTED_EDGE('',*,*,#5635,.T.);
#5635 = EDGE_CURVE('',#5608,#5474,#5636,.T.);
#5636 = SURFACE_CURVE('',#5637,(#5641,#5648),.PCURVE_S1.);
#5637 = LINE('',#5638,#5639);
#5638 = CARTESIAN_POINT('',(10.,-5.125,-0.175));
#5639 = VECTOR('',#5640,1.);
#5640 = DIRECTION('',(1.,0.,0.));
#5641 = PCURVE('',#5569,#5642);
#5642 = DEFINITIONAL_REPRESENTATION('',(#5643),#5647);
#5643 = LINE('',#5644,#5645);
#5644 = CARTESIAN_POINT('',(0.,0.));
#5645 = VECTOR('',#5646,1.);
#5646 = DIRECTION('',(1.,0.));
#5647 = ( GEOMETRIC_REPRESENTATION_CONTEXT(2) 
PARAMETRIC_REPRESENTATION_CONTEXT() REPRESENTATION_CONTEXT('2D SPACE',''
  ) );
#5648 = PCURVE('',#5488,#5649);
#5649 = DEFINITIONAL_REPRESENTATION('',(#5650),#5654);
#5650 = LINE('',#5651,#5652);
#5651 = CARTESIAN_POINT('',(0.85,0.));
#5652 = VECTOR('',#5653,1.);
#5653 = DIRECTION('',(0.,1.));
#5654 = ( GEOMETRIC_REPRESENTATION_CONTEXT(2) 
PARAMETRIC_REPRESENTATION_CONTEXT() REPRESENTATION_CONTEXT('2D SPACE',''
  ) );
#5655 = ORIENTED_EDGE('',*,*,#5554,.F.);
#5656 = ADVANCED_FACE('',(#5657),#5623,.F.);
#5657 = FACE_BOUND('',#5658,.F.);
#5658 = EDGE_LOOP('',(#5659,#5682,#5705,#5726));
#5659 = ORIENTED_EDGE('',*,*,#5660,.F.);
#5660 = EDGE_CURVE('',#5661,#5608,#5663,.T.);
#5661 = VERTEX_POINT('',#5662);
#5662 = CARTESIAN_POINT('',(10.,-5.125,-1.025));
#5663 = SURFACE_CURVE('',#5664,(#5668,#5675),.PCURVE_S1.);
#5664 = LINE('',#5665,#5666);
#5665 = CARTESIAN_POINT('',(10.,-5.125,-1.025));
#5666 = VECTOR('',#5667,1.);
#5667 = DIRECTION('',(0.,0.,1.));
#5668 = PCURVE('',#5623,#5669);
#5669 = DEFINITIONAL_REPRESENTATION('',(#5670),#5674);
#5670 = LINE('',#5671,#5672);
#5671 = CARTESIAN_POINT('',(0.,0.));
#5672 = VECTOR('',#5673,1.);
#5673 = DIRECTION('',(1.,0.));
#5674 = ( GEOMETRIC_REPRESENTATION_CONTEXT(2) 
PARAMETRIC_REPRESENTATION_CONTEXT() REPRESENTATION_CONTEXT('2D SPACE',''
  ) );
#5675 = PCURVE('',#5488,#5676);
#5676 = DEFINITIONAL_REPRESENTATION('',(#5677),#5681);
#5677 = LINE('',#5678,#5679);
#5678 = CARTESIAN_POINT('',(0.,0.));
#5679 = VECTOR('',#5680,1.);
#5680 = DIRECTION('',(1.,0.));
#5681 = ( GEOMETRIC_REPRESENTATION_CONTEXT(2) 
PARAMETRIC_REPRESENTATION_CONTEXT() REPRESENTATION_CONTEXT('2D SPACE',''
  ) );
#5682 = ORIENTED_EDGE('',*,*,#5683,.T.);
#5683 = EDGE_CURVE('',#5661,#5684,#5686,.T.);
#5684 = VERTEX_POINT('',#5685);
#5685 = CARTESIAN_POINT('',(10.,-4.275,-1.025));
#5686 = SURFACE_CURVE('',#5687,(#5691,#5698),.PCURVE_S1.);
#5687 = LINE('',#5688,#5689);
#5688 = CARTESIAN_POINT('',(10.,-5.125,-1.025));
#5689 = VECTOR('',#5690,1.);
#5690 = DIRECTION('',(0.,1.,0.));
#5691 = PCURVE('',#5623,#5692);
#5692 = DEFINITIONAL_REPRESENTATION('',(#5693),#5697);
#5693 = LINE('',#5694,#5695);
#5694 = CARTESIAN_POINT('',(0.,0.));
#5695 = VECTOR('',#5696,1.);
#5696 = DIRECTION('',(0.,-1.));
#5697 = ( GEOMETRIC_REPRESENTATION_CONTEXT(2) 
PARAMETRIC_REPRESENTATION_CONTEXT() REPRESENTATION_CONTEXT('2D SPACE',''
  ) );
#5698 = PCURVE('',#5516,#5699);
#5699 = DEFINITIONAL_REPRESENTATION('',(#5700),#5704);
#5700 = LINE('',#5701,#5702);
#5701 = CARTESIAN_POINT('',(0.,0.));
#5702 = VECTOR('',#5703,1.);
#5703 = DIRECTION('',(0.,1.));
#5704 = ( GEOMETRIC_REPRESENTATION_CONTEXT(2) 
PARAMETRIC_REPRESENTATION_CONTEXT() REPRESENTATION_CONTEXT('2D SPACE',''
  ) );
#5705 = ORIENTED_EDGE('',*,*,#5706,.T.);
#5706 = EDGE_CURVE('',#5684,#5585,#5707,.T.);
#5707 = SURFACE_CURVE('',#5708,(#5712,#5719),.PCURVE_S1.);
#5708 = LINE('',#5709,#5710);
#5709 = CARTESIAN_POINT('',(10.,-4.275,-1.025));
#5710 = VECTOR('',#5711,1.);
#5711 = DIRECTION('',(0.,0.,1.));
#5712 = PCURVE('',#5623,#5713);
#5713 = DEFINITIONAL_REPRESENTATION('',(#5714),#5718);
#5714 = LINE('',#5715,#5716);
#5715 = CARTESIAN_POINT('',(0.,-0.85));
#5716 = VECTOR('',#5717,1.);
#5717 = DIRECTION('',(1.,0.));
#5718 = ( GEOMETRIC_REPRESENTATION_CONTEXT(2) 
PARAMETRIC_REPRESENTATION_CONTEXT() REPRESENTATION_CONTEXT('2D SPACE',''
  ) );
#5719 = PCURVE('',#5543,#5720);
#5720 = DEFINITIONAL_REPRESENTATION('',(#5721),#5725);
#5721 = LINE('',#5722,#5723);
#5722 = CARTESIAN_POINT('',(0.,0.));
#5723 = VECTOR('',#5724,1.);
#5724 = DIRECTION('',(1.,0.));
#5725 = ( GEOMETRIC_REPRESENTATION_CONTEXT(2) 
PARAMETRIC_REPRESENTATION_CONTEXT() REPRESENTATION_CONTEXT('2D SPACE',''
  ) );
#5726 = ORIENTED_EDGE('',*,*,#5607,.F.);
#5727 = ADVANCED_FACE('',(#5728),#5543,.T.);
#5728 = FACE_BOUND('',#5729,.T.);
#5729 = EDGE_LOOP('',(#5730,#5751,#5752,#5753));
#5730 = ORIENTED_EDGE('',*,*,#5731,.F.);
#5731 = EDGE_CURVE('',#5684,#5500,#5732,.T.);
#5732 = SURFACE_CURVE('',#5733,(#5737,#5744),.PCURVE_S1.);
#5733 = LINE('',#5734,#5735);
#5734 = CARTESIAN_POINT('',(10.,-4.275,-1.025));
#5735 = VECTOR('',#5736,1.);
#5736 = DIRECTION('',(1.,0.,0.));
#5737 = PCURVE('',#5543,#5738);
#5738 = DEFINITIONAL_REPRESENTATION('',(#5739),#5743);
#5739 = LINE('',#5740,#5741);
#5740 = CARTESIAN_POINT('',(0.,0.));
#5741 = VECTOR('',#5742,1.);
#5742 = DIRECTION('',(0.,1.));
#5743 = ( GEOMETRIC_REPRESENTATION_CONTEXT(2) 
PARAMETRIC_REPRESENTATION_CONTEXT() REPRESENTATION_CONTEXT('2D SPACE',''
  ) );
#5744 = PCURVE('',#5516,#5745);
#5745 = DEFINITIONAL_REPRESENTATION('',(#5746),#5750);
#5746 = LINE('',#5747,#5748);
#5747 = CARTESIAN_POINT('',(0.,0.85));
#5748 = VECTOR('',#5749,1.);
#5749 = DIRECTION('',(1.,0.));
#5750 = ( GEOMETRIC_REPRESENTATION_CONTEXT(2) 
PARAMETRIC_REPRESENTATION_CONTEXT() REPRESENTATION_CONTEXT('2D SPACE',''
  ) );
#5751 = ORIENTED_EDGE('',*,*,#5706,.T.);
#5752 = ORIENTED_EDGE('',*,*,#5584,.T.);
#5753 = ORIENTED_EDGE('',*,*,#5528,.F.);
#5754 = ADVANCED_FACE('',(#5755),#5516,.F.);
#5755 = FACE_BOUND('',#5756,.F.);
#5756 = EDGE_LOOP('',(#5757,#5758,#5759,#5780));
#5757 = ORIENTED_EDGE('',*,*,#5731,.F.);
#5758 = ORIENTED_EDGE('',*,*,#5683,.F.);
#5759 = ORIENTED_EDGE('',*,*,#5760,.T.);
#5760 = EDGE_CURVE('',#5661,#5472,#5761,.T.);
#5761 = SURFACE_CURVE('',#5762,(#5766,#5773),.PCURVE_S1.);
#5762 = LINE('',#5763,#5764);
#5763 = CARTESIAN_POINT('',(10.,-5.125,-1.025));
#5764 = VECTOR('',#5765,1.);
#5765 = DIRECTION('',(1.,0.,0.));
#5766 = PCURVE('',#5516,#5767);
#5767 = DEFINITIONAL_REPRESENTATION('',(#5768),#5772);
#5768 = LINE('',#5769,#5770);
#5769 = CARTESIAN_POINT('',(0.,0.));
#5770 = VECTOR('',#5771,1.);
#5771 = DIRECTION('',(1.,0.));
#5772 = ( GEOMETRIC_REPRESENTATION_CONTEXT(2) 
PARAMETRIC_REPRESENTATION_CONTEXT() REPRESENTATION_CONTEXT('2D SPACE',''
  ) );
#5773 = PCURVE('',#5488,#5774);
#5774 = DEFINITIONAL_REPRESENTATION('',(#5775),#5779);
#5775 = LINE('',#5776,#5777);
#5776 = CARTESIAN_POINT('',(0.,0.));
#5777 = VECTOR('',#5778,1.);
#5778 = DIRECTION('',(0.,1.));
#5779 = ( GEOMETRIC_REPRESENTATION_CONTEXT(2) 
PARAMETRIC_REPRESENTATION_CONTEXT() REPRESENTATION_CONTEXT('2D SPACE',''
  ) );
#5780 = ORIENTED_EDGE('',*,*,#5499,.F.);
#5781 = ADVANCED_FACE('',(#5782),#5488,.F.);
#5782 = FACE_BOUND('',#5783,.F.);
#5783 = EDGE_LOOP('',(#5784,#5785,#5786,#5787));
#5784 = ORIENTED_EDGE('',*,*,#5760,.F.);
#5785 = ORIENTED_EDGE('',*,*,#5660,.T.);
#5786 = ORIENTED_EDGE('',*,*,#5635,.T.);
#5787 = ORIENTED_EDGE('',*,*,#5471,.F.);
#5788 = ADVANCED_FACE('',(#5789,#5792),#5415,.T.);
#5789 = FACE_BOUND('',#5790,.T.);
#5790 = EDGE_LOOP('',(#5791));
#5791 = ORIENTED_EDGE('',*,*,#5400,.T.);
#5792 = FACE_BOUND('',#5793,.T.);
#5793 = EDGE_LOOP('',(#5794));
#5794 = ORIENTED_EDGE('',*,*,#5795,.F.);
#5795 = EDGE_CURVE('',#5796,#5796,#5798,.T.);
#5796 = VERTEX_POINT('',#5797);
#5797 = CARTESIAN_POINT('',(12.1,-4.7,0.2));
#5798 = SURFACE_CURVE('',#5799,(#5804,#5811),.PCURVE_S1.);
#5799 = CIRCLE('',#5800,0.6);
#5800 = AXIS2_PLACEMENT_3D('',#5801,#5802,#5803);
#5801 = CARTESIAN_POINT('',(11.5,-4.7,0.2));
#5802 = DIRECTION('',(0.,0.,1.));
#5803 = DIRECTION('',(1.,0.,0.));
#5804 = PCURVE('',#5415,#5805);
#5805 = DEFINITIONAL_REPRESENTATION('',(#5806),#5810);
#5806 = CIRCLE('',#5807,0.6);
#5807 = AXIS2_PLACEMENT_2D('',#5808,#5809);
#5808 = CARTESIAN_POINT('',(0.,0.));
#5809 = DIRECTION('',(1.,0.));
#5810 = ( GEOMETRIC_REPRESENTATION_CONTEXT(2) 
PARAMETRIC_REPRESENTATION_CONTEXT() REPRESENTATION_CONTEXT('2D SPACE',''
  ) );
#5811 = PCURVE('',#5812,#5817);
#5812 = CYLINDRICAL_SURFACE('',#5813,0.6);
#5813 = AXIS2_PLACEMENT_3D('',#5814,#5815,#5816);
#5814 = CARTESIAN_POINT('',(11.5,-4.7,-2.35));
#5815 = DIRECTION('',(0.,0.,1.));
#5816 = DIRECTION('',(1.,0.,0.));
#5817 = DEFINITIONAL_REPRESENTATION('',(#5818),#5822);
#5818 = LINE('',#5819,#5820);
#5819 = CARTESIAN_POINT('',(0.,2.55));
#5820 = VECTOR('',#5821,1.);
#5821 = DIRECTION('',(1.,0.));
#5822 = ( GEOMETRIC_REPRESENTATION_CONTEXT(2) 
PARAMETRIC_REPRESENTATION_CONTEXT() REPRESENTATION_CONTEXT('2D SPACE',''
  ) );
#5823 = ADVANCED_FACE('',(#5824),#5812,.T.);
#5824 = FACE_BOUND('',#5825,.T.);
#5825 = EDGE_LOOP('',(#5826,#5827,#5850,#5877));
#5826 = ORIENTED_EDGE('',*,*,#5795,.T.);
#5827 = ORIENTED_EDGE('',*,*,#5828,.T.);
#5828 = EDGE_CURVE('',#5796,#5829,#5831,.T.);
#5829 = VERTEX_POINT('',#5830);
#5830 = CARTESIAN_POINT('',(12.1,-4.7,1.15));
#5831 = SEAM_CURVE('',#5832,(#5836,#5843),.PCURVE_S1.);
#5832 = LINE('',#5833,#5834);
#5833 = CARTESIAN_POINT('',(12.1,-4.7,-2.35));
#5834 = VECTOR('',#5835,1.);
#5835 = DIRECTION('',(0.,0.,1.));
#5836 = PCURVE('',#5812,#5837);
#5837 = DEFINITIONAL_REPRESENTATION('',(#5838),#5842);
#5838 = LINE('',#5839,#5840);
#5839 = CARTESIAN_POINT('',(0.,-0.));
#5840 = VECTOR('',#5841,1.);
#5841 = DIRECTION('',(0.,1.));
#5842 = ( GEOMETRIC_REPRESENTATION_CONTEXT(2) 
PARAMETRIC_REPRESENTATION_CONTEXT() REPRESENTATION_CONTEXT('2D SPACE',''
  ) );
#5843 = PCURVE('',#5812,#5844);
#5844 = DEFINITIONAL_REPRESENTATION('',(#5845),#5849);
#5845 = LINE('',#5846,#5847);
#5846 = CARTESIAN_POINT('',(6.28318530718,-0.));
#5847 = VECTOR('',#5848,1.);
#5848 = DIRECTION('',(0.,1.));
#5849 = ( GEOMETRIC_REPRESENTATION_CONTEXT(2) 
PARAMETRIC_REPRESENTATION_CONTEXT() REPRESENTATION_CONTEXT('2D SPACE',''
  ) );
#5850 = ORIENTED_EDGE('',*,*,#5851,.F.);
#5851 = EDGE_CURVE('',#5829,#5829,#5852,.T.);
#5852 = SURFACE_CURVE('',#5853,(#5858,#5865),.PCURVE_S1.);
#5853 = CIRCLE('',#5854,0.6);
#5854 = AXIS2_PLACEMENT_3D('',#5855,#5856,#5857);
#5855 = CARTESIAN_POINT('',(11.5,-4.7,1.15));
#5856 = DIRECTION('',(0.,0.,1.));
#5857 = DIRECTION('',(1.,0.,0.));
#5858 = PCURVE('',#5812,#5859);
#5859 = DEFINITIONAL_REPRESENTATION('',(#5860),#5864);
#5860 = LINE('',#5861,#5862);
#5861 = CARTESIAN_POINT('',(0.,3.5));
#5862 = VECTOR('',#5863,1.);
#5863 = DIRECTION('',(1.,0.));
#5864 = ( GEOMETRIC_REPRESENTATION_CONTEXT(2) 
PARAMETRIC_REPRESENTATION_CONTEXT() REPRESENTATION_CONTEXT('2D SPACE',''
  ) );
#5865 = PCURVE('',#5866,#5871);
#5866 = PLANE('',#5867);
#5867 = AXIS2_PLACEMENT_3D('',#5868,#5869,#5870);
#5868 = CARTESIAN_POINT('',(11.5,-4.7,1.15));
#5869 = DIRECTION('',(0.,0.,1.));
#5870 = DIRECTION('',(1.,0.,0.));
#5871 = DEFINITIONAL_REPRESENTATION('',(#5872),#5876);
#5872 = CIRCLE('',#5873,0.6);
#5873 = AXIS2_PLACEMENT_2D('',#5874,#5875);
#5874 = CARTESIAN_POINT('',(0.,0.));
#5875 = DIRECTION('',(1.,0.));
#5876 = ( GEOMETRIC_REPRESENTATION_CONTEXT(2) 
PARAMETRIC_REPRESENTATION_CONTEXT() REPRESENTATION_CONTEXT('2D SPACE',''
  ) );
#5877 = ORIENTED_EDGE('',*,*,#5828,.F.);
#5878 = ADVANCED_FACE('',(#5879,#5882),#5866,.T.);
#5879 = FACE_BOUND('',#5880,.T.);
#5880 = EDGE_LOOP('',(#5881));
#5881 = ORIENTED_EDGE('',*,*,#5851,.T.);
#5882 = FACE_BOUND('',#5883,.T.);
#5883 = EDGE_LOOP('',(#5884));
#5884 = ORIENTED_EDGE('',*,*,#5885,.F.);
#5885 = EDGE_CURVE('',#5886,#5886,#5888,.T.);
#5886 = VERTEX_POINT('',#5887);
#5887 = CARTESIAN_POINT('',(11.95,-4.7,1.15));
#5888 = SURFACE_CURVE('',#5889,(#5894,#5901),.PCURVE_S1.);
#5889 = CIRCLE('',#5890,0.45);
#5890 = AXIS2_PLACEMENT_3D('',#5891,#5892,#5893);
#5891 = CARTESIAN_POINT('',(11.5,-4.7,1.15));
#5892 = DIRECTION('',(0.,0.,1.));
#5893 = DIRECTION('',(1.,0.,0.));
#5894 = PCURVE('',#5866,#5895);
#5895 = DEFINITIONAL_REPRESENTATION('',(#5896),#5900);
#5896 = CIRCLE('',#5897,0.45);
#5897 = AXIS2_PLACEMENT_2D('',#5898,#5899);
#5898 = CARTESIAN_POINT('',(0.,0.));
#5899 = DIRECTION('',(1.,0.));
#5900 = ( GEOMETRIC_REPRESENTATION_CONTEXT(2) 
PARAMETRIC_REPRESENTATION_CONTEXT() REPRESENTATION_CONTEXT('2D SPACE',''
  ) );
#5901 = PCURVE('',#5902,#5907);
#5902 = CYLINDRICAL_SURFACE('',#5903,0.45);
#5903 = AXIS2_PLACEMENT_3D('',#5904,#5905,#5906);
#5904 = CARTESIAN_POINT('',(11.5,-4.7,-3.6));
#5905 = DIRECTION('',(0.,0.,1.));
#5906 = DIRECTION('',(1.,0.,0.));
#5907 = DEFINITIONAL_REPRESENTATION('',(#5908),#5912);
#5908 = LINE('',#5909,#5910);
#5909 = CARTESIAN_POINT('',(0.,4.75));
#5910 = VECTOR('',#5911,1.);
#5911 = DIRECTION('',(1.,0.));
#5912 = ( GEOMETRIC_REPRESENTATION_CONTEXT(2) 
PARAMETRIC_REPRESENTATION_CONTEXT() REPRESENTATION_CONTEXT('2D SPACE',''
  ) );
#5913 = ADVANCED_FACE('',(#5914),#5902,.T.);
#5914 = FACE_BOUND('',#5915,.T.);
#5915 = EDGE_LOOP('',(#5916,#5939,#5966,#5967));
#5916 = ORIENTED_EDGE('',*,*,#5917,.T.);
#5917 = EDGE_CURVE('',#5886,#5918,#5920,.T.);
#5918 = VERTEX_POINT('',#5919);
#5919 = CARTESIAN_POINT('',(11.95,-4.7,2.4));
#5920 = SEAM_CURVE('',#5921,(#5925,#5932),.PCURVE_S1.);
#5921 = LINE('',#5922,#5923);
#5922 = CARTESIAN_POINT('',(11.95,-4.7,-3.6));
#5923 = VECTOR('',#5924,1.);
#5924 = DIRECTION('',(0.,0.,1.));
#5925 = PCURVE('',#5902,#5926);
#5926 = DEFINITIONAL_REPRESENTATION('',(#5927),#5931);
#5927 = LINE('',#5928,#5929);
#5928 = CARTESIAN_POINT('',(6.28318530718,-0.));
#5929 = VECTOR('',#5930,1.);
#5930 = DIRECTION('',(0.,1.));
#5931 = ( GEOMETRIC_REPRESENTATION_CONTEXT(2) 
PARAMETRIC_REPRESENTATION_CONTEXT() REPRESENTATION_CONTEXT('2D SPACE',''
  ) );
#5932 = PCURVE('',#5902,#5933);
#5933 = DEFINITIONAL_REPRESENTATION('',(#5934),#5938);
#5934 = LINE('',#5935,#5936);
#5935 = CARTESIAN_POINT('',(0.,-0.));
#5936 = VECTOR('',#5937,1.);
#5937 = DIRECTION('',(0.,1.));
#5938 = ( GEOMETRIC_REPRESENTATION_CONTEXT(2) 
PARAMETRIC_REPRESENTATION_CONTEXT() REPRESENTATION_CONTEXT('2D SPACE',''
  ) );
#5939 = ORIENTED_EDGE('',*,*,#5940,.F.);
#5940 = EDGE_CURVE('',#5918,#5918,#5941,.T.);
#5941 = SURFACE_CURVE('',#5942,(#5947,#5954),.PCURVE_S1.);
#5942 = CIRCLE('',#5943,0.45);
#5943 = AXIS2_PLACEMENT_3D('',#5944,#5945,#5946);
#5944 = CARTESIAN_POINT('',(11.5,-4.7,2.4));
#5945 = DIRECTION('',(0.,0.,1.));
#5946 = DIRECTION('',(1.,0.,0.));
#5947 = PCURVE('',#5902,#5948);
#5948 = DEFINITIONAL_REPRESENTATION('',(#5949),#5953);
#5949 = LINE('',#5950,#5951);
#5950 = CARTESIAN_POINT('',(0.,6.));
#5951 = VECTOR('',#5952,1.);
#5952 = DIRECTION('',(1.,0.));
#5953 = ( GEOMETRIC_REPRESENTATION_CONTEXT(2) 
PARAMETRIC_REPRESENTATION_CONTEXT() REPRESENTATION_CONTEXT('2D SPACE',''
  ) );
#5954 = PCURVE('',#5955,#5960);
#5955 = PLANE('',#5956);
#5956 = AXIS2_PLACEMENT_3D('',#5957,#5958,#5959);
#5957 = CARTESIAN_POINT('',(11.5,-4.7,2.4));
#5958 = DIRECTION('',(0.,0.,1.));
#5959 = DIRECTION('',(1.,0.,0.));
#5960 = DEFINITIONAL_REPRESENTATION('',(#5961),#5965);
#5961 = CIRCLE('',#5962,0.45);
#5962 = AXIS2_PLACEMENT_2D('',#5963,#5964);
#5963 = CARTESIAN_POINT('',(0.,0.));
#5964 = DIRECTION('',(1.,0.));
#5965 = ( GEOMETRIC_REPRESENTATION_CONTEXT(2) 
PARAMETRIC_REPRESENTATION_CONTEXT() REPRESENTATION_CONTEXT('2D SPACE',''
  ) );
#5966 = ORIENTED_EDGE('',*,*,#5917,.F.);
#5967 = ORIENTED_EDGE('',*,*,#5885,.T.);
#5968 = ADVANCED_FACE('',(#5969),#5955,.T.);
#5969 = FACE_BOUND('',#5970,.T.);
#5970 = EDGE_LOOP('',(#5971));
#5971 = ORIENTED_EDGE('',*,*,#5940,.T.);
#5972 = ADVANCED_FACE('',(#5973),#154,.T.);
#5973 = FACE_BOUND('',#5974,.T.);
#5974 = EDGE_LOOP('',(#5975,#5976,#5977,#5978,#5979,#5980,#5981,#5982));
#5975 = ORIENTED_EDGE('',*,*,#131,.F.);
#5976 = ORIENTED_EDGE('',*,*,#337,.T.);
#5977 = ORIENTED_EDGE('',*,*,#721,.F.);
#5978 = ORIENTED_EDGE('',*,*,#937,.T.);
#5979 = ORIENTED_EDGE('',*,*,#1215,.T.);
#5980 = ORIENTED_EDGE('',*,*,#4462,.T.);
#5981 = ORIENTED_EDGE('',*,*,#4181,.F.);
#5982 = ORIENTED_EDGE('',*,*,#5434,.F.);
#5983 = ( GEOMETRIC_REPRESENTATION_CONTEXT(3) 
GLOBAL_UNCERTAINTY_ASSIGNED_CONTEXT((#5987)) 
GLOBAL_UNIT_ASSIGNED_CONTEXT((#5984,#5985,#5986)) REPRESENTATION_CONTEXT
('Context #1','3D Context with UNIT and UNCERTAINTY') );
#5984 = ( LENGTH_UNIT() NAMED_UNIT(*) SI_UNIT(.MILLI.,.METRE.) );
#5985 = ( NAMED_UNIT(*) PLANE_ANGLE_UNIT() SI_UNIT($,.RADIAN.) );
#5986 = ( NAMED_UNIT(*) SI_UNIT($,.STERADIAN.) SOLID_ANGLE_UNIT() );
#5987 = UNCERTAINTY_MEASURE_WITH_UNIT(LENGTH_MEASURE(2.E-07),#5984,
  'distance_accuracy_value','confusion accuracy');
#5988 = CONTEXT_DEPENDENT_SHAPE_REPRESENTATION(#5989,#5991);
#5989 = ( REPRESENTATION_RELATIONSHIP('','',#32,#10) 
REPRESENTATION_RELATIONSHIP_WITH_TRANSFORMATION(#5990) 
SHAPE_REPRESENTATION_RELATIONSHIP() );
#5990 = ITEM_DEFINED_TRANSFORMATION('','',#11,#15);
#5991 = PRODUCT_DEFINITION_SHAPE('Placement','Placement of an item',
  #5992);
#5992 = NEXT_ASSEMBLY_USAGE_OCCURRENCE('1','=>[0:1:1:2]','',#5,#27,$);
#5993 = PRODUCT_RELATED_PRODUCT_CATEGORY('part',$,(#29));
ENDSEC;
END-ISO-10303-21;
